,fuzzer,benchmark,trial_id,time,edges_covered,total_execs,execs_per_sec
0,aflpp,objdump,1,0,1402,68163,1060.47
1,aflpp,objdump,1,900,2021,854455,931.46
2,aflpp,objdump,1,1800,2204,1694966,922.63
3,aflpp,objdump,1,2700,2332,2532771,891.58
4,aflpp,objdump,1,3600,2706,3390252,982.51
5,aflpp,objdump,1,4500,3056,4247546,992.7
6,aflpp,objdump,1,5400,3145,5115352,964.15
7,aflpp,objdump,1,6300,3193,5980597,942.57
8,aflpp,objdump,1,7200,3211,6832414,967.87
9,aflpp,objdump,1,8100,3243,7676476,948.88
10,aflpp,objdump,1,9000,3259,8529954,945.86
11,aflpp,objdump,1,9900,3269,9383522,976.81
12,aflpp,objdump,1,10800,3269,10246794,979.14
13,aflpp,objdump,1,11700,3275,11106432,890.14
14,aflpp,objdump,1,12600,3282,11970472,976.12
15,aflpp,objdump,1,13500,3285,12832090,959.23
16,aflpp,objdump,1,14400,3287,13685303,938.22
17,aflpp,objdump,1,15300,3289,14547281,964.35
18,aflpp,objdump,1,16200,3293,15412578,1029.89
19,aflpp,objdump,1,17100,3438,16318866,1037.39
20,aflpp,objdump,1,18000,3526,17244438,1034.52
21,aflpp,objdump,1,18900,3531,18168016,993.78
22,aflpp,objdump,1,19800,3566,19083844,988.18
23,aflpp,objdump,1,20700,3619,20013483,1063.65
24,aflpp,objdump,1,21600,3624,20948559,1032.65
25,aflpp,objdump,1,22500,3630,21879088,1022.1
26,aflpp,objdump,1,23400,3633,22803913,1030.75
27,aflpp,objdump,1,24300,3637,23741254,1022.32
28,aflpp,objdump,1,25200,3638,24667583,1046.31
29,aflpp,objdump,1,26100,3646,25567503,1032.66
30,aflpp,objdump,1,27000,3646,26494091,1046.36
31,aflpp,objdump,1,27900,3647,27422235,1029.92
32,aflpp,objdump,1,28800,3648,28349735,1039.18
33,aflpp,objdump,1,29700,3660,29264033,1009.63
34,aflpp,objdump,1,30600,3662,30172545,1024.84
35,aflpp,objdump,1,31500,3663,31093794,996.68
36,aflpp,objdump,1,32400,3665,32024924,1034.92
37,aflpp,objdump,1,33300,3666,32954462,1024.04
38,aflpp,objdump,1,34200,3668,33886706,1045.03
39,aflpp,objdump,1,35100,3686,34808740,492.79
40,aflpp,objdump,1,36000,3686,35697345,1039.47
41,aflpp,objdump,1,36900,3694,36630411,1026.32
42,aflpp,objdump,1,37800,3694,37555404,989.4
43,aflpp,objdump,1,38700,3707,38478874,1023.1
44,aflpp,objdump,1,39600,3707,39403290,1002.52
45,aflpp,objdump,1,40500,3707,40329537,1043.59
46,aflpp,objdump,1,41400,3708,41256081,1035.42
47,aflpp,objdump,1,42300,3709,42186336,964.0
48,aflpp,objdump,1,43200,3710,43120338,1050.19
49,aflpp,objdump,1,44100,3711,44053862,1024.81
50,aflpp,objdump,1,45000,3711,44972721,1040.84
51,aflpp,objdump,1,45900,3711,45904088,1045.32
52,aflpp,objdump,1,46800,3711,46836713,1042.61
53,aflpp,objdump,1,47700,3711,47770107,1016.53
54,aflpp,objdump,1,48600,3711,48696610,1042.53
55,aflpp,objdump,1,49500,3711,49623607,1035.79
56,aflpp,objdump,1,50400,3713,50557949,1037.9
57,aflpp,objdump,1,51300,3713,51484112,1053.87
58,aflpp,objdump,1,52200,3713,52417439,1049.11
59,aflpp,objdump,1,53100,3714,53345788,1009.92
60,aflpp,objdump,1,54000,3714,54263966,1044.93
61,aflpp,objdump,1,54900,3714,55191171,1034.35
62,aflpp,objdump,1,55800,3715,56110042,1037.18
63,aflpp,objdump,1,56700,3715,57035105,1027.1
64,aflpp,objdump,1,57600,3715,57939547,949.5
65,aflpp,objdump,1,58500,3716,58858798,987.66
66,aflpp,objdump,1,59400,3716,59754651,1035.92
67,aflpp,objdump,1,60300,3716,60681886,1059.92
68,aflpp,objdump,1,61200,3716,61614456,1023.47
69,aflpp,objdump,1,62100,3716,62542119,1046.68
70,aflpp,objdump,1,63000,3718,63469930,1046.14
71,aflpp,objdump,1,63900,3718,64390137,1037.66
72,aflpp,objdump,1,64800,3718,65310282,1049.42
73,aflpp,objdump,1,65700,3718,66238943,1029.77
74,aflpp,objdump,1,66600,3718,67162815,1044.77
75,aflpp,objdump,1,67500,3719,68086346,1038.61
76,aflpp,objdump,1,68400,3720,69017640,1021.22
77,aflpp,objdump,1,69300,3720,69946356,1051.54
78,aflpp,objdump,1,70200,3720,70874379,1034.52
79,aflpp,objdump,1,71100,3720,71785621,133.34
80,aflpp,objdump,1,72000,3720,72710692,1040.01
81,aflpp,objdump,1,72900,3720,73634454,1036.32
82,aflpp,objdump,1,73800,3720,74556488,1033.6
83,aflpp,objdump,1,74700,3720,75468144,1052.66
84,aflpp,objdump,1,75600,3720,76403394,1040.38
85,aflpp,objdump,1,76500,3721,77337654,1027.63
86,aflpp,objdump,1,77400,3721,78259268,1021.46
87,aflpp,objdump,1,78300,3721,79172167,1021.56
88,aflpp,objdump,1,79200,3721,80082413,1033.14
89,aflpp,objdump,1,80100,3722,81012134,1041.83
90,aflpp,objdump,1,81000,3722,81947406,1056.43
91,aflpp,objdump,1,81900,3722,82863516,1048.17
92,aflpp,objdump,1,82800,3722,83801916,1046.84
93,aflpp,objdump,1,83700,3722,84725345,1009.67
94,aflpp,objdump,1,84600,3722,85655723,1026.12
95,aflpp,objdump,1,85500,3722,86587107,1027.89
96,aflpp,objdump,1,86400,3722,87523242,1014.4
97,aflpp,objdump,10,0,1438,63148,1056.71
98,aflpp,objdump,10,900,1974,909551,1070.71
99,aflpp,objdump,10,1800,2268,1815163,999.56
100,aflpp,objdump,10,2700,2541,2717919,1004.33
101,aflpp,objdump,10,3600,2891,3633713,1023.95
102,aflpp,objdump,10,4500,3002,4557710,1010.35
103,aflpp,objdump,10,5400,3043,5481826,1028.35
104,aflpp,objdump,10,6300,3167,6415875,1010.32
105,aflpp,objdump,10,7200,3217,7343595,1008.06
106,aflpp,objdump,10,8100,3229,8259686,1045.81
107,aflpp,objdump,10,9000,3238,9187399,1004.82
108,aflpp,objdump,10,9900,3255,10111301,1026.89
109,aflpp,objdump,10,10800,3256,11038938,1024.15
110,aflpp,objdump,10,11700,3266,11961507,1043.39
111,aflpp,objdump,10,12600,3300,12885185,1013.09
112,aflpp,objdump,10,13500,3316,13808629,1012.67
113,aflpp,objdump,10,14400,3319,14731526,1038.44
114,aflpp,objdump,10,15300,3326,15654807,1007.17
115,aflpp,objdump,10,16200,3327,16583259,1032.81
116,aflpp,objdump,10,17100,3330,17503390,994.62
117,aflpp,objdump,10,18000,3333,18413066,1018.38
118,aflpp,objdump,10,18900,3340,19329143,1037.78
119,aflpp,objdump,10,19800,3344,20225410,909.29
120,aflpp,objdump,10,20700,3347,21045059,903.94
121,aflpp,objdump,10,21600,3349,21869348,914.78
122,aflpp,objdump,10,22500,3350,22704761,946.1
123,aflpp,objdump,10,23400,3353,23536385,912.19
124,aflpp,objdump,10,24300,3354,24369653,934.83
125,aflpp,objdump,10,25200,3355,25192108,910.48
126,aflpp,objdump,10,26100,3356,26025180,903.15
127,aflpp,objdump,10,27000,3360,26855783,912.06
128,aflpp,objdump,10,27900,3360,27687896,921.08
129,aflpp,objdump,10,28800,3360,28526633,931.33
130,aflpp,objdump,10,29700,3363,29360280,928.22
131,aflpp,objdump,10,30600,3365,30190458,912.34
132,aflpp,objdump,10,31500,3365,31026094,950.63
133,aflpp,objdump,10,32400,3365,31864143,907.35
134,aflpp,objdump,10,33300,3365,32696858,957.23
135,aflpp,objdump,10,34200,3368,33528769,921.07
136,aflpp,objdump,10,35100,3369,34354409,937.18
137,aflpp,objdump,10,36000,3375,35185534,956.94
138,aflpp,objdump,10,36900,3377,36019347,926.81
139,aflpp,objdump,10,37800,3391,36855922,944.28
140,aflpp,objdump,10,38700,3395,37684222,939.44
141,aflpp,objdump,10,39600,3396,38514971,933.36
142,aflpp,objdump,10,40500,3397,39350768,903.6
143,aflpp,objdump,10,41400,3397,40188475,901.36
144,aflpp,objdump,10,42300,3400,41023613,971.4
145,aflpp,objdump,10,43200,3400,41859957,914.87
146,aflpp,objdump,10,44100,3400,42689044,893.64
147,aflpp,objdump,10,45000,3400,43522849,938.88
148,aflpp,objdump,10,45900,3400,44359916,896.88
149,aflpp,objdump,10,46800,3400,45189950,905.51
150,aflpp,objdump,10,47700,3401,46092134,1039.15
151,aflpp,objdump,10,48600,3404,47018303,1025.44
152,aflpp,objdump,10,49500,3405,47944578,1013.6
153,aflpp,objdump,10,50400,3405,48869412,1048.9
154,aflpp,objdump,10,51300,3415,49782331,1031.69
155,aflpp,objdump,10,52200,3420,50709835,1047.01
156,aflpp,objdump,10,53100,3423,51634911,1028.8
157,aflpp,objdump,10,54000,3423,52565079,1043.43
158,aflpp,objdump,10,54900,3425,53493850,1035.67
159,aflpp,objdump,10,55800,3428,54414421,936.7
160,aflpp,objdump,10,56700,3429,55327858,1009.57
161,aflpp,objdump,10,57600,3429,56259370,1052.41
162,aflpp,objdump,10,58500,3429,57181218,1046.36
163,aflpp,objdump,10,59400,3429,58103323,1025.08
164,aflpp,objdump,10,60300,3429,59007168,1008.78
165,aflpp,objdump,10,61200,3429,59934831,1023.72
166,aflpp,objdump,10,62100,3430,60862189,1040.28
167,aflpp,objdump,10,63000,3430,61785188,1022.48
168,aflpp,objdump,10,63900,3432,62712355,1036.01
169,aflpp,objdump,10,64800,3432,63637942,1045.41
170,aflpp,objdump,10,65700,3433,64560516,1041.52
171,aflpp,objdump,10,66600,3433,65472672,1028.17
172,aflpp,objdump,10,67500,3433,66394814,1021.38
173,aflpp,objdump,10,68400,3433,67317295,1023.73
174,aflpp,objdump,10,69300,3433,68242866,1044.97
175,aflpp,objdump,10,70200,3433,69160043,1039.88
176,aflpp,objdump,10,71100,3433,70071352,1018.78
177,aflpp,objdump,10,72000,3435,70993373,1034.16
178,aflpp,objdump,10,72900,3578,71922254,1026.74
179,aflpp,objdump,10,73800,3578,72847946,1019.75
180,aflpp,objdump,10,74700,3578,73779180,1012.83
181,aflpp,objdump,10,75600,3578,74697360,978.14
182,aflpp,objdump,10,76500,3583,75616292,1015.47
183,aflpp,objdump,10,77400,3584,76534553,1047.63
184,aflpp,objdump,10,78300,3584,77431267,1024.78
185,aflpp,objdump,10,79200,3587,78362372,1045.89
186,aflpp,objdump,10,80100,3588,79289347,1035.19
187,aflpp,objdump,10,81000,3602,80215235,1010.64
188,aflpp,objdump,10,81900,3606,81142320,1032.94
189,aflpp,objdump,10,82800,3606,82064223,1033.02
190,aflpp,objdump,10,83700,3611,82979599,1040.33
191,aflpp,objdump,10,84600,3617,83882700,1027.58
192,aflpp,objdump,10,85500,3618,84798029,1041.76
193,aflpp,objdump,10,86400,3618,85718074,1041.36
194,aflpp,objdump,2,0,1346,64524,1062.88
195,aflpp,objdump,2,900,1913,923604,1031.83
196,aflpp,objdump,2,1800,2237,1830898,990.7
197,aflpp,objdump,2,2700,2389,2736357,1052.42
198,aflpp,objdump,2,3600,2613,3657932,1013.98
199,aflpp,objdump,2,4500,2954,4582151,1011.81
200,aflpp,objdump,2,5400,3072,5513647,1019.69
201,aflpp,objdump,2,6300,3107,6444394,1024.54
202,aflpp,objdump,2,7200,3123,7376897,1043.86
203,aflpp,objdump,2,8100,3126,8305391,1047.31
204,aflpp,objdump,2,9000,3128,9221328,1007.79
205,aflpp,objdump,2,9900,3129,10141066,1046.78
206,aflpp,objdump,2,10800,3132,11066076,1021.47
207,aflpp,objdump,2,11700,3151,11999166,1043.1
208,aflpp,objdump,2,12600,3160,12923116,1007.36
209,aflpp,objdump,2,13500,3163,13855264,1047.08
210,aflpp,objdump,2,14400,3176,14769818,1012.96
211,aflpp,objdump,2,15300,3325,15696949,1048.43
212,aflpp,objdump,2,16200,3327,16625220,992.18
213,aflpp,objdump,2,17100,3379,17547496,1012.71
214,aflpp,objdump,2,18000,3380,18466996,1042.14
215,aflpp,objdump,2,18900,3386,19398133,1030.19
216,aflpp,objdump,2,19800,3387,20308133,974.08
217,aflpp,objdump,2,20700,3390,21130780,902.76
218,aflpp,objdump,2,21600,3394,21958469,939.63
219,aflpp,objdump,2,22500,3415,22782741,936.23
220,aflpp,objdump,2,23400,3420,23613754,921.5
221,aflpp,objdump,2,24300,3428,24446199,928.49
222,aflpp,objdump,2,25200,3428,25282081,916.01
223,aflpp,objdump,2,26100,3431,26115280,921.89
224,aflpp,objdump,2,27000,3436,26946373,942.18
225,aflpp,objdump,2,27900,3442,27786158,940.94
226,aflpp,objdump,2,28800,3449,28620971,931.07
227,aflpp,objdump,2,29700,3455,29451161,927.57
228,aflpp,objdump,2,30600,3471,30279128,893.09
229,aflpp,objdump,2,31500,3475,31105751,929.91
230,aflpp,objdump,2,32400,3480,31934615,919.85
231,aflpp,objdump,2,33300,3481,32761389,924.73
232,aflpp,objdump,2,34200,3482,33586564,923.52
233,aflpp,objdump,2,35100,3482,34421125,952.51
234,aflpp,objdump,2,36000,3486,35255791,908.53
235,aflpp,objdump,2,36900,3489,36086460,903.51
236,aflpp,objdump,2,37800,3491,36915953,900.34
237,aflpp,objdump,2,38700,3491,37749052,919.43
238,aflpp,objdump,2,39600,3493,38583802,899.1
239,aflpp,objdump,2,40500,3493,39417294,923.69
240,aflpp,objdump,2,41400,3494,40248233,922.85
241,aflpp,objdump,2,42300,3506,41074891,908.16
242,aflpp,objdump,2,43200,3520,41903596,909.64
243,aflpp,objdump,2,44100,3531,42736290,922.14
244,aflpp,objdump,2,45000,3592,43569143,928.88
245,aflpp,objdump,2,45900,3593,44404002,928.63
246,aflpp,objdump,2,46800,3593,45234859,937.08
247,aflpp,objdump,2,47700,3593,46135567,1043.16
248,aflpp,objdump,2,48600,3596,47064867,1028.95
249,aflpp,objdump,2,49500,3596,47997079,1020.84
250,aflpp,objdump,2,50400,3608,48931014,1032.08
251,aflpp,objdump,2,51300,3620,49871267,1048.97
252,aflpp,objdump,2,52200,3620,50800042,1022.48
253,aflpp,objdump,2,53100,3620,51735130,1046.55
254,aflpp,objdump,2,54000,3642,52668702,1028.93
255,aflpp,objdump,2,54900,3645,53585029,1034.42
256,aflpp,objdump,2,55800,3645,54506618,1026.52
257,aflpp,objdump,2,56700,3646,55432895,1045.91
258,aflpp,objdump,2,57600,3648,56371988,1060.11
259,aflpp,objdump,2,58500,3649,57305087,1047.94
260,aflpp,objdump,2,59400,3669,58232849,1020.59
261,aflpp,objdump,2,60300,3670,59167595,1023.91
262,aflpp,objdump,2,61200,3678,60087621,1039.71
263,aflpp,objdump,2,62100,3679,61009465,1045.39
264,aflpp,objdump,2,63000,3679,61936534,1041.21
265,aflpp,objdump,2,63900,3680,62857540,1029.39
266,aflpp,objdump,2,64800,3689,63789807,1037.23
267,aflpp,objdump,2,65700,3690,64719053,1027.65
268,aflpp,objdump,2,66600,3692,65655687,1042.44
269,aflpp,objdump,2,67500,3692,66589404,1056.07
270,aflpp,objdump,2,68400,3693,67527518,1046.91
271,aflpp,objdump,2,69300,3693,68463066,1041.08
272,aflpp,objdump,2,70200,3697,69400198,1032.18
273,aflpp,objdump,2,71100,3697,70317668,1060.04
274,aflpp,objdump,2,72000,3710,71239658,1010.72
275,aflpp,objdump,2,72900,3710,72156288,1019.47
276,aflpp,objdump,2,73800,3713,73076737,999.84
277,aflpp,objdump,2,74700,3713,73998116,1036.95
278,aflpp,objdump,2,75600,3713,74921882,992.51
279,aflpp,objdump,2,76500,3713,75848354,1040.66
280,aflpp,objdump,2,77400,3713,76786235,1059.07
281,aflpp,objdump,2,78300,3714,77717530,1034.89
282,aflpp,objdump,2,79200,3716,78650947,1040.66
283,aflpp,objdump,2,80100,3716,79589663,1063.83
284,aflpp,objdump,2,81000,3716,80519627,1045.74
285,aflpp,objdump,2,81900,3716,81451963,995.17
286,aflpp,objdump,2,82800,3716,82379035,1047.53
287,aflpp,objdump,2,83700,3716,83305129,1045.44
288,aflpp,objdump,2,84600,3716,84232953,1023.46
289,aflpp,objdump,2,85500,3716,85158587,1049.64
290,aflpp,objdump,2,86400,3717,86095859,1039.56
291,aflpp,objdump,3,0,1345,61758,975.73
292,aflpp,objdump,3,900,1801,844904,961.13
293,aflpp,objdump,3,1800,2164,1689203,911.63
294,aflpp,objdump,3,2700,2588,2532865,972.9
295,aflpp,objdump,3,3600,2734,3380535,935.76
296,aflpp,objdump,3,4500,2844,4220126,958.0
297,aflpp,objdump,3,5400,2900,5066066,922.34
298,aflpp,objdump,3,6300,2953,5907025,927.82
299,aflpp,objdump,3,7200,2979,6750801,914.4
300,aflpp,objdump,3,8100,3197,7608293,903.17
301,aflpp,objdump,3,9000,3247,8451061,941.61
302,aflpp,objdump,3,9900,3334,9303179,965.43
303,aflpp,objdump,3,10800,3341,10154871,950.29
304,aflpp,objdump,3,11700,3345,11006615,931.02
305,aflpp,objdump,3,12600,3357,11860056,943.51
306,aflpp,objdump,3,13500,3369,12701827,939.13
307,aflpp,objdump,3,14400,3372,13551980,964.39
308,aflpp,objdump,3,15300,3376,14400193,969.42
309,aflpp,objdump,3,16200,3377,15255077,938.66
310,aflpp,objdump,3,17100,3382,16155869,1014.56
311,aflpp,objdump,3,18000,3393,17066078,984.6
312,aflpp,objdump,3,18900,3394,17972770,1023.66
313,aflpp,objdump,3,19800,3536,18884878,1020.35
314,aflpp,objdump,3,20700,3544,19786629,1017.31
315,aflpp,objdump,3,21600,3549,20703855,1000.61
316,aflpp,objdump,3,22500,3566,21630006,1022.17
317,aflpp,objdump,3,23400,3603,22539459,997.71
318,aflpp,objdump,3,24300,3610,23446241,1037.35
319,aflpp,objdump,3,25200,3627,24361336,987.13
320,aflpp,objdump,3,26100,3636,25249836,1013.16
321,aflpp,objdump,3,27000,3643,26160291,995.68
322,aflpp,objdump,3,27900,3645,27074322,997.13
323,aflpp,objdump,3,28800,3649,27987266,1026.64
324,aflpp,objdump,3,29700,3654,28887866,997.49
325,aflpp,objdump,3,30600,3666,29802047,1018.42
326,aflpp,objdump,3,31500,3667,30703476,983.69
327,aflpp,objdump,3,32400,3667,31617477,1031.12
328,aflpp,objdump,3,33300,3671,32540882,1020.48
329,aflpp,objdump,3,34200,3678,33442117,1009.86
330,aflpp,objdump,3,35100,3681,34341403,1040.46
331,aflpp,objdump,3,36000,3681,35256610,1017.33
332,aflpp,objdump,3,36900,3711,36173542,1035.59
333,aflpp,objdump,3,37800,3714,37090425,949.68
334,aflpp,objdump,3,38700,3720,37997284,1006.57
335,aflpp,objdump,3,39600,3741,38910026,1026.36
336,aflpp,objdump,3,40500,3745,39813601,996.98
337,aflpp,objdump,3,41400,3745,40731086,1007.74
338,aflpp,objdump,3,42300,3745,41640525,1005.45
339,aflpp,objdump,3,43200,3745,42560085,868.45
340,aflpp,objdump,3,44100,3750,43476903,1003.54
341,aflpp,objdump,3,45000,3750,44377419,1027.48
342,aflpp,objdump,3,45900,3750,45290716,1002.83
343,aflpp,objdump,3,46800,3751,46191090,1001.6
344,aflpp,objdump,3,47700,3755,47104294,1014.88
345,aflpp,objdump,3,48600,3757,48023987,1036.67
346,aflpp,objdump,3,49500,3757,48942418,1041.09
347,aflpp,objdump,3,50400,3757,49863663,1015.62
348,aflpp,objdump,3,51300,3763,50773550,1009.71
349,aflpp,objdump,3,52200,3763,51691452,1017.45
350,aflpp,objdump,3,53100,3766,52605275,1023.73
351,aflpp,objdump,3,54000,3766,53502938,998.11
352,aflpp,objdump,3,54900,3766,54416070,1010.86
353,aflpp,objdump,3,55800,3767,55334981,1005.59
354,aflpp,objdump,3,56700,3767,56246457,1009.58
355,aflpp,objdump,3,57600,3767,57142741,979.81
356,aflpp,objdump,3,58500,3770,58045867,1009.93
357,aflpp,objdump,3,59400,3770,58950817,983.36
358,aflpp,objdump,3,60300,3770,59847048,1043.36
359,aflpp,objdump,3,61200,3773,60761337,1033.22
360,aflpp,objdump,3,62100,3773,61677359,1020.21
361,aflpp,objdump,3,63000,3773,62589533,1033.63
362,aflpp,objdump,3,63900,3773,63490389,1028.8
363,aflpp,objdump,3,64800,3774,64412729,1025.24
364,aflpp,objdump,3,65700,3775,65327191,1005.69
365,aflpp,objdump,3,66600,3776,66235091,1021.03
366,aflpp,objdump,3,67500,3776,67152616,1027.01
367,aflpp,objdump,3,68400,3776,68068453,1038.17
368,aflpp,objdump,3,69300,3780,68982350,1043.16
369,aflpp,objdump,3,70200,3780,69888993,1006.37
370,aflpp,objdump,3,71100,3780,70800778,1025.48
371,aflpp,objdump,3,72000,3780,71713466,1024.55
372,aflpp,objdump,3,72900,3780,72624118,997.55
373,aflpp,objdump,3,73800,3780,73543569,1019.55
374,aflpp,objdump,3,74700,3781,74443634,1027.0
375,aflpp,objdump,3,75600,3781,75348511,1010.8
376,aflpp,objdump,3,76500,3781,76236461,1020.26
377,aflpp,objdump,3,77400,3781,77155031,1023.95
378,aflpp,objdump,3,78300,3781,78067268,1031.86
379,aflpp,objdump,3,79200,3782,78984979,1021.14
380,aflpp,objdump,3,80100,3782,79893677,999.22
381,aflpp,objdump,3,81000,3782,80804237,1042.37
382,aflpp,objdump,3,81900,3783,81715265,1030.48
383,aflpp,objdump,3,82800,3784,82633807,997.58
384,aflpp,objdump,3,83700,3785,83542638,1018.99
385,aflpp,objdump,3,84600,3785,84448177,995.77
386,aflpp,objdump,3,85500,3785,85353766,1028.78
387,aflpp,objdump,3,86400,3786,86271405,997.69
388,aflpp,objdump,4,0,1349,63137,1051.11
389,aflpp,objdump,4,900,1825,923473,1060.69
390,aflpp,objdump,4,1800,2225,1825689,994.88
391,aflpp,objdump,4,2700,2442,2734857,984.54
392,aflpp,objdump,4,3600,2546,3623414,1000.01
393,aflpp,objdump,4,4500,3007,4534024,1047.91
394,aflpp,objdump,4,5400,3073,5441672,997.89
395,aflpp,objdump,4,6300,3098,6340219,1028.23
396,aflpp,objdump,4,7200,3143,7251676,1009.89
397,aflpp,objdump,4,8100,3150,8165304,1015.16
398,aflpp,objdump,4,9000,3186,9080133,1013.9
399,aflpp,objdump,4,9900,3304,10002454,1027.47
400,aflpp,objdump,4,10800,3451,10918519,1044.68
401,aflpp,objdump,4,11700,3468,11836291,983.82
402,aflpp,objdump,4,12600,3479,12757761,1047.24
403,aflpp,objdump,4,13500,3505,13678233,982.38
404,aflpp,objdump,4,14400,3540,14592770,1012.89
405,aflpp,objdump,4,15300,3543,15512985,1017.1
406,aflpp,objdump,4,16200,3557,16438058,1051.49
407,aflpp,objdump,4,17100,3559,17359157,1027.88
408,aflpp,objdump,4,18000,3562,18280326,1047.23
409,aflpp,objdump,4,18900,3562,19201232,1001.49
410,aflpp,objdump,4,19800,3564,20097510,884.0
411,aflpp,objdump,4,20700,3568,20950635,939.04
412,aflpp,objdump,4,21600,3569,21805974,940.26
413,aflpp,objdump,4,22500,3576,22661143,969.42
414,aflpp,objdump,4,23400,3595,23512347,928.76
415,aflpp,objdump,4,24300,3597,24362987,925.32
416,aflpp,objdump,4,25200,3600,25215674,937.13
417,aflpp,objdump,4,26100,3610,26068783,927.59
418,aflpp,objdump,4,27000,3615,26908308,962.35
419,aflpp,objdump,4,27900,3616,27761446,966.64
420,aflpp,objdump,4,28800,3618,28611370,965.64
421,aflpp,objdump,4,29700,3618,29467756,898.48
422,aflpp,objdump,4,30600,3618,30323594,931.09
423,aflpp,objdump,4,31500,3620,31175597,962.32
424,aflpp,objdump,4,32400,3634,32028758,946.54
425,aflpp,objdump,4,33300,3636,32880668,958.81
426,aflpp,objdump,4,34200,3637,33735645,955.66
427,aflpp,objdump,4,35100,3638,34590368,940.57
428,aflpp,objdump,4,36000,3638,35442122,952.75
429,aflpp,objdump,4,36900,3644,36290592,962.95
430,aflpp,objdump,4,37800,3665,37141386,956.04
431,aflpp,objdump,4,38700,3667,37989969,975.06
432,aflpp,objdump,4,39600,3669,38837201,942.54
433,aflpp,objdump,4,40500,3674,39689275,953.5
434,aflpp,objdump,4,41400,3683,40540630,970.11
435,aflpp,objdump,4,42300,3688,41394463,971.41
436,aflpp,objdump,4,43200,3700,42250476,947.62
437,aflpp,objdump,4,44100,3701,43103781,971.06
438,aflpp,objdump,4,45000,3736,43957374,976.3
439,aflpp,objdump,4,45900,3743,44809940,964.43
440,aflpp,objdump,4,46800,3744,45667737,937.97
441,aflpp,objdump,4,47700,3744,46565125,980.99
442,aflpp,objdump,4,48600,3745,47479820,1025.32
443,aflpp,objdump,4,49500,3745,48397264,1011.11
444,aflpp,objdump,4,50400,3751,49314143,998.86
445,aflpp,objdump,4,51300,3753,50225240,1034.02
446,aflpp,objdump,4,52200,3755,51149562,995.91
447,aflpp,objdump,4,53100,3768,52069162,860.88
448,aflpp,objdump,4,54000,3769,52994249,1029.77
449,aflpp,objdump,4,54900,3781,53918296,1041.62
450,aflpp,objdump,4,55800,3781,54837496,1024.95
451,aflpp,objdump,4,56700,3789,55744578,1015.24
452,aflpp,objdump,4,57600,3791,56656381,1042.21
453,aflpp,objdump,4,58500,3792,57571087,1026.32
454,aflpp,objdump,4,59400,3793,58496107,1024.45
455,aflpp,objdump,4,60300,3794,59418195,1028.58
456,aflpp,objdump,4,61200,3794,60339948,1008.05
457,aflpp,objdump,4,62100,3798,61264336,1008.24
458,aflpp,objdump,4,63000,3908,62184609,1051.8
459,aflpp,objdump,4,63900,3914,63103803,1018.14
460,aflpp,objdump,4,64800,3928,64020949,1010.96
461,aflpp,objdump,4,65700,3938,64945311,1016.28
462,aflpp,objdump,4,66600,3939,65862463,1018.99
463,aflpp,objdump,4,67500,4002,66790977,1023.44
464,aflpp,objdump,4,68400,4003,67719452,1036.14
465,aflpp,objdump,4,69300,4004,68638860,1031.25
466,aflpp,objdump,4,70200,4009,69554384,1040.76
467,aflpp,objdump,4,71100,4010,70465276,1028.27
468,aflpp,objdump,4,72000,4010,71392878,1025.87
469,aflpp,objdump,4,72900,4017,72316084,1010.44
470,aflpp,objdump,4,73800,4017,73241664,1014.83
471,aflpp,objdump,4,74700,4019,74159001,1004.39
472,aflpp,objdump,4,75600,4019,75070013,942.17
473,aflpp,objdump,4,76500,4020,75968407,1044.25
474,aflpp,objdump,4,77400,4021,76897520,1031.15
475,aflpp,objdump,4,78300,4024,77821187,998.45
476,aflpp,objdump,4,79200,4025,78744613,1031.72
477,aflpp,objdump,4,80100,4025,79669562,1016.29
478,aflpp,objdump,4,81000,4025,80592320,1049.21
479,aflpp,objdump,4,81900,4025,81513631,992.96
480,aflpp,objdump,4,82800,4027,82427653,1039.32
481,aflpp,objdump,4,83700,4028,83352503,1037.28
482,aflpp,objdump,4,84600,4030,84275029,1015.17
483,aflpp,objdump,4,85500,4032,85194966,1021.34
484,aflpp,objdump,4,86400,4032,86120258,1033.67
485,aflpp,objdump,5,0,1401,58303,960.34
486,aflpp,objdump,5,900,1863,822335,888.12
487,aflpp,objdump,5,1800,2134,1626797,941.92
488,aflpp,objdump,5,2700,2343,2440022,904.09
489,aflpp,objdump,5,3600,2495,3254909,896.27
490,aflpp,objdump,5,4500,2644,4080307,904.13
491,aflpp,objdump,5,5400,3131,4911845,902.78
492,aflpp,objdump,5,6300,3179,5743638,907.06
493,aflpp,objdump,5,7200,3196,6570929,976.23
494,aflpp,objdump,5,8100,3214,7395908,958.56
495,aflpp,objdump,5,9000,3222,8217566,913.41
496,aflpp,objdump,5,9900,3231,9036983,912.76
497,aflpp,objdump,5,10800,3234,9862172,897.32
498,aflpp,objdump,5,11700,3240,10680459,964.89
499,aflpp,objdump,5,12600,3251,11507787,889.6
500,aflpp,objdump,5,13500,3256,12324770,878.81
501,aflpp,objdump,5,14400,3260,13146804,909.03
502,aflpp,objdump,5,15300,3280,13969327,957.12
503,aflpp,objdump,5,16200,3289,14810616,952.12
504,aflpp,objdump,5,17100,3292,15719003,963.18
505,aflpp,objdump,5,18000,3295,16638406,992.43
506,aflpp,objdump,5,18900,3297,17557073,1039.06
507,aflpp,objdump,5,19800,3299,18471347,1018.43
508,aflpp,objdump,5,20700,3305,19399094,1016.33
509,aflpp,objdump,5,21600,3322,20330432,1071.52
510,aflpp,objdump,5,22500,3329,21268837,1049.6
511,aflpp,objdump,5,23400,3329,22194344,1055.74
512,aflpp,objdump,5,24300,3331,23121322,1017.75
513,aflpp,objdump,5,25200,3333,24054692,1018.01
514,aflpp,objdump,5,26100,3337,24958763,1036.67
515,aflpp,objdump,5,27000,3337,25893074,1017.86
516,aflpp,objdump,5,27900,3339,26820769,1042.51
517,aflpp,objdump,5,28800,3341,27754258,1049.79
518,aflpp,objdump,5,29700,3342,28685531,1010.3
519,aflpp,objdump,5,30600,3349,29613220,1022.17
520,aflpp,objdump,5,31500,3349,30535634,994.07
521,aflpp,objdump,5,32400,3351,31460611,1044.75
522,aflpp,objdump,5,33300,3351,32393906,1052.13
523,aflpp,objdump,5,34200,3355,33331502,1060.61
524,aflpp,objdump,5,35100,3355,34263268,1036.57
525,aflpp,objdump,5,36000,3361,35189248,1046.55
526,aflpp,objdump,5,36900,3366,36124910,1037.79
527,aflpp,objdump,5,37800,3366,37052637,1033.67
528,aflpp,objdump,5,38700,3380,37972337,1005.78
529,aflpp,objdump,5,39600,3382,38891037,1045.33
530,aflpp,objdump,5,40500,3382,39820546,1026.73
531,aflpp,objdump,5,41400,3386,40753199,1057.75
532,aflpp,objdump,5,42300,3391,41680926,1030.2
533,aflpp,objdump,5,43200,3410,42600382,1021.82
534,aflpp,objdump,5,44100,3411,43530695,1051.45
535,aflpp,objdump,5,45000,3413,44446820,1030.57
536,aflpp,objdump,5,45900,3414,45372942,1039.75
537,aflpp,objdump,5,46800,3415,46303358,1024.89
538,aflpp,objdump,5,47700,3415,47234032,1029.45
539,aflpp,objdump,5,48600,3415,48152318,1036.76
540,aflpp,objdump,5,49500,3417,49079587,1046.38
541,aflpp,objdump,5,50400,3419,50010091,1018.33
542,aflpp,objdump,5,51300,3422,50923356,1026.35
543,aflpp,objdump,5,52200,3422,51840995,1030.3
544,aflpp,objdump,5,53100,3423,52765741,1003.28
545,aflpp,objdump,5,54000,3423,53691245,1029.5
546,aflpp,objdump,5,54900,3429,54615628,990.84
547,aflpp,objdump,5,55800,3431,55535541,1021.42
548,aflpp,objdump,5,56700,3431,56458193,1031.61
549,aflpp,objdump,5,57600,3432,57371167,988.91
550,aflpp,objdump,5,58500,3433,58283262,1051.61
551,aflpp,objdump,5,59400,3441,59204439,1030.42
552,aflpp,objdump,5,60300,3443,60138995,1021.89
553,aflpp,objdump,5,61200,3443,61060849,1054.39
554,aflpp,objdump,5,62100,3588,61981691,1049.51
555,aflpp,objdump,5,63000,3589,62902500,1034.1
556,aflpp,objdump,5,63900,3606,63830020,1017.2
557,aflpp,objdump,5,64800,3606,64752071,1061.23
558,aflpp,objdump,5,65700,3607,65684389,1040.71
559,aflpp,objdump,5,66600,3607,66615746,1040.0
560,aflpp,objdump,5,67500,3607,67539759,1026.05
561,aflpp,objdump,5,68400,3608,68462603,993.85
562,aflpp,objdump,5,69300,3613,69379938,1021.97
563,aflpp,objdump,5,70200,3637,70304295,1039.89
564,aflpp,objdump,5,71100,3639,71230456,1031.78
565,aflpp,objdump,5,72000,3718,72163153,1030.27
566,aflpp,objdump,5,72900,3721,73089217,1032.03
567,aflpp,objdump,5,73800,3721,74017920,957.67
568,aflpp,objdump,5,74700,3723,74934011,1048.11
569,aflpp,objdump,5,75600,3724,75872148,1053.57
570,aflpp,objdump,5,76500,3725,76808253,1059.72
571,aflpp,objdump,5,77400,3729,77729166,1040.78
572,aflpp,objdump,5,78300,3729,78657617,1040.22
573,aflpp,objdump,5,79200,3729,79589008,1058.78
574,aflpp,objdump,5,80100,3729,80520665,1046.14
575,aflpp,objdump,5,81000,3734,81435644,1015.49
576,aflpp,objdump,5,81900,3742,82370262,1015.0
577,aflpp,objdump,5,82800,3742,83302760,1042.16
578,aflpp,objdump,5,83700,3742,84235982,1044.28
579,aflpp,objdump,5,84600,3755,85169319,1022.32
580,aflpp,objdump,5,85500,3770,86098541,1046.47
581,aflpp,objdump,5,86400,3770,87026719,1034.24
582,aflpp,objdump,6,0,1358,63558,1058.48
583,aflpp,objdump,6,900,1803,896272,1032.94
584,aflpp,objdump,6,1800,2175,1795231,979.52
585,aflpp,objdump,6,2700,2369,2703511,999.27
586,aflpp,objdump,6,3600,2493,3611536,992.81
587,aflpp,objdump,6,4500,2858,4516711,1011.43
588,aflpp,objdump,6,5400,3027,5435689,1002.69
589,aflpp,objdump,6,6300,3049,6350434,1021.54
590,aflpp,objdump,6,7200,3091,7250130,984.68
591,aflpp,objdump,6,8100,3101,8152985,1025.16
592,aflpp,objdump,6,9000,3102,9069477,1015.81
593,aflpp,objdump,6,9900,3120,9991007,1011.98
594,aflpp,objdump,6,10800,3125,10909205,996.66
595,aflpp,objdump,6,11700,3126,11821608,1023.92
596,aflpp,objdump,6,12600,3163,12740823,1046.4
597,aflpp,objdump,6,13500,3165,13647480,986.31
598,aflpp,objdump,6,14400,3253,14557108,1014.24
599,aflpp,objdump,6,15300,3263,15471833,1029.46
600,aflpp,objdump,6,16200,3292,16393031,1020.78
601,aflpp,objdump,6,17100,3295,17297809,1036.13
602,aflpp,objdump,6,18000,3325,18216146,1005.87
603,aflpp,objdump,6,18900,3330,19134533,1008.39
604,aflpp,objdump,6,19800,3333,20033449,904.34
605,aflpp,objdump,6,20700,3333,20879667,945.45
606,aflpp,objdump,6,21600,3338,21726685,919.34
607,aflpp,objdump,6,22500,3345,22573415,951.54
608,aflpp,objdump,6,23400,3348,23422491,895.49
609,aflpp,objdump,6,24300,3350,24262721,942.56
610,aflpp,objdump,6,25200,3377,25108161,950.84
611,aflpp,objdump,6,26100,3381,25940781,921.62
612,aflpp,objdump,6,27000,3381,26786357,949.09
613,aflpp,objdump,6,27900,3394,27606975,918.49
614,aflpp,objdump,6,28800,3399,28450344,925.06
615,aflpp,objdump,6,29700,3403,29292775,947.81
616,aflpp,objdump,6,30600,3404,30125488,937.33
617,aflpp,objdump,6,31500,3404,30969051,956.39
618,aflpp,objdump,6,32400,3417,31814953,959.66
619,aflpp,objdump,6,33300,3418,32659722,936.48
620,aflpp,objdump,6,34200,3420,33498713,944.0
621,aflpp,objdump,6,35100,3420,34336555,957.01
622,aflpp,objdump,6,36000,3423,35184745,954.54
623,aflpp,objdump,6,36900,3423,36033792,950.71
624,aflpp,objdump,6,37800,3424,36875383,910.69
625,aflpp,objdump,6,38700,3432,37714053,899.2
626,aflpp,objdump,6,39600,3441,38558309,921.69
627,aflpp,objdump,6,40500,3441,39398949,942.52
628,aflpp,objdump,6,41400,3441,40240837,916.6
629,aflpp,objdump,6,42300,3441,41086889,934.08
630,aflpp,objdump,6,43200,3441,41933085,918.64
631,aflpp,objdump,6,44100,3458,42775540,938.34
632,aflpp,objdump,6,45000,3474,43623148,959.19
633,aflpp,objdump,6,45900,3474,44464909,949.25
634,aflpp,objdump,6,46800,3476,45304174,892.81
635,aflpp,objdump,6,47700,3508,46203264,1042.73
636,aflpp,objdump,6,48600,3518,47113519,996.77
637,aflpp,objdump,6,49500,3518,48027358,1005.99
638,aflpp,objdump,6,50400,3520,48936668,1018.31
639,aflpp,objdump,6,51300,3520,49840598,1015.36
640,aflpp,objdump,6,52200,3520,50749829,1001.58
641,aflpp,objdump,6,53100,3526,51666732,988.09
642,aflpp,objdump,6,54000,3533,52584773,1041.99
643,aflpp,objdump,6,54900,3534,53499248,1007.61
644,aflpp,objdump,6,55800,3538,54405055,1002.35
645,aflpp,objdump,6,56700,3539,55309553,980.51
646,aflpp,objdump,6,57600,3542,56226620,1017.33
647,aflpp,objdump,6,58500,3545,57140845,1018.04
648,aflpp,objdump,6,59400,3545,58058869,1039.77
649,aflpp,objdump,6,60300,3548,58976299,1007.89
650,aflpp,objdump,6,61200,3549,59888372,1026.55
651,aflpp,objdump,6,62100,3552,60801851,1013.59
652,aflpp,objdump,6,63000,3552,61704694,995.64
653,aflpp,objdump,6,63900,3552,62622211,985.21
654,aflpp,objdump,6,64800,3552,63536889,1018.24
655,aflpp,objdump,6,65700,3552,64455935,1023.64
656,aflpp,objdump,6,66600,3552,65375081,1010.36
657,aflpp,objdump,6,67500,3552,66299180,992.91
658,aflpp,objdump,6,68400,3552,67212957,979.15
659,aflpp,objdump,6,69300,3552,68118966,995.87
660,aflpp,objdump,6,70200,3552,69034299,1025.0
661,aflpp,objdump,6,71100,3552,69939196,1015.4
662,aflpp,objdump,6,72000,3553,70852379,1018.12
663,aflpp,objdump,6,72900,3553,71760251,1002.2
664,aflpp,objdump,6,73800,3553,72675774,1035.43
665,aflpp,objdump,6,74700,3553,73592458,1002.58
666,aflpp,objdump,6,75600,3553,74503709,990.98
667,aflpp,objdump,6,76500,3553,75417981,1028.49
668,aflpp,objdump,6,77400,3554,76335810,1036.88
669,aflpp,objdump,6,78300,3554,77250851,1024.63
670,aflpp,objdump,6,79200,3557,78150655,1003.32
671,aflpp,objdump,6,80100,3557,79054787,983.36
672,aflpp,objdump,6,81000,3559,79960043,1007.9
673,aflpp,objdump,6,81900,3560,80877100,1021.55
674,aflpp,objdump,6,82800,3560,81789941,1032.02
675,aflpp,objdump,6,83700,3561,82703112,1040.71
676,aflpp,objdump,6,84600,3561,83619544,970.99
677,aflpp,objdump,6,85500,3561,84532605,991.56
678,aflpp,objdump,6,86400,3561,85440825,1029.54
679,aflpp,objdump,7,0,1521,56910,935.29
680,aflpp,objdump,7,900,1941,834671,921.85
681,aflpp,objdump,7,1800,2306,1667528,930.12
682,aflpp,objdump,7,2700,2728,2510410,981.03
683,aflpp,objdump,7,3600,2946,3360916,970.23
684,aflpp,objdump,7,4500,3036,4213252,936.11
685,aflpp,objdump,7,5400,3083,5067771,941.62
686,aflpp,objdump,7,6300,3142,5915724,933.79
687,aflpp,objdump,7,7200,3157,6763463,904.21
688,aflpp,objdump,7,8100,3247,7621674,933.49
689,aflpp,objdump,7,9000,3420,8480611,963.19
690,aflpp,objdump,7,9900,3430,9333151,933.35
691,aflpp,objdump,7,10800,3436,10189087,950.59
692,aflpp,objdump,7,11700,3454,11045985,972.84
693,aflpp,objdump,7,12600,3481,11912348,937.02
694,aflpp,objdump,7,13500,3481,12767836,978.2
695,aflpp,objdump,7,14400,3484,13625459,956.96
696,aflpp,objdump,7,15300,3488,14491555,984.07
697,aflpp,objdump,7,16200,3501,15350886,983.12
698,aflpp,objdump,7,17100,3503,16266466,991.4
699,aflpp,objdump,7,18000,3505,17190628,1009.15
700,aflpp,objdump,7,18900,3510,18109692,1037.83
701,aflpp,objdump,7,19800,3513,19026635,1054.88
702,aflpp,objdump,7,20700,3517,19943884,1010.83
703,aflpp,objdump,7,21600,3518,20866071,1010.37
704,aflpp,objdump,7,22500,3524,21786604,1019.87
705,aflpp,objdump,7,23400,3527,22716677,1034.88
706,aflpp,objdump,7,24300,3527,23640430,1021.82
707,aflpp,objdump,7,25200,3546,24568101,1035.27
708,aflpp,objdump,7,26100,3554,25475103,1010.85
709,aflpp,objdump,7,27000,3557,26386017,1039.55
710,aflpp,objdump,7,27900,3560,27316862,1053.09
711,aflpp,objdump,7,28800,3589,28232308,1045.46
712,aflpp,objdump,7,29700,3593,29158105,744.67
713,aflpp,objdump,7,30600,3593,30064102,1056.56
714,aflpp,objdump,7,31500,3594,30979530,1001.06
715,aflpp,objdump,7,32400,3596,31888166,983.79
716,aflpp,objdump,7,33300,3598,32816406,1015.25
717,aflpp,objdump,7,34200,3601,33726971,1012.8
718,aflpp,objdump,7,35100,3602,34650021,1051.06
719,aflpp,objdump,7,36000,3605,35580055,1029.23
720,aflpp,objdump,7,36900,3688,36504051,1034.76
721,aflpp,objdump,7,37800,3704,37411510,1040.71
722,aflpp,objdump,7,38700,3705,38340781,1035.45
723,aflpp,objdump,7,39600,3705,39270573,1030.39
724,aflpp,objdump,7,40500,3705,40198363,1032.41
725,aflpp,objdump,7,41400,3705,41129576,670.32
726,aflpp,objdump,7,42300,3705,42052247,1028.09
727,aflpp,objdump,7,43200,3706,42974577,980.59
728,aflpp,objdump,7,44100,3707,43898854,1003.0
729,aflpp,objdump,7,45000,3708,44742764,1043.79
730,aflpp,objdump,7,45900,3708,45674354,1045.8
731,aflpp,objdump,7,46800,3708,46604789,1046.51
732,aflpp,objdump,7,47700,3708,47532121,1038.21
733,aflpp,objdump,7,48600,3708,48457757,1007.82
734,aflpp,objdump,7,49500,3708,49373310,1013.26
735,aflpp,objdump,7,50400,3709,50291183,1052.54
736,aflpp,objdump,7,51300,3711,51224221,1043.51
737,aflpp,objdump,7,52200,3715,52150711,1032.51
738,aflpp,objdump,7,53100,3721,53082116,928.8
739,aflpp,objdump,7,54000,3721,53997387,1036.93
740,aflpp,objdump,7,54900,3721,54926385,1042.63
741,aflpp,objdump,7,55800,3725,55851431,1038.96
742,aflpp,objdump,7,56700,3725,56779428,984.86
743,aflpp,objdump,7,57600,3728,57687627,1006.75
744,aflpp,objdump,7,58500,3728,58611369,1030.42
745,aflpp,objdump,7,59400,3728,59526123,1059.76
746,aflpp,objdump,7,60300,3729,60459876,1028.72
747,aflpp,objdump,7,61200,3731,61380872,1031.19
748,aflpp,objdump,7,62100,3731,62293714,949.07
749,aflpp,objdump,7,63000,3731,63224072,1009.28
750,aflpp,objdump,7,63900,3731,64139850,1029.03
751,aflpp,objdump,7,64800,3731,65071276,1025.48
752,aflpp,objdump,7,65700,3732,65998047,1046.89
753,aflpp,objdump,7,66600,3732,66927192,1011.55
754,aflpp,objdump,7,67500,3733,67830384,1025.96
755,aflpp,objdump,7,68400,3733,68743074,998.58
756,aflpp,objdump,7,69300,3733,69668816,977.71
757,aflpp,objdump,7,70200,3737,70590620,1024.52
758,aflpp,objdump,7,71100,3738,71514557,1056.35
759,aflpp,objdump,7,72000,3738,72432640,1047.48
760,aflpp,objdump,7,72900,3738,73363379,1037.18
761,aflpp,objdump,7,73800,3738,74280845,976.65
762,aflpp,objdump,7,74700,3740,75193101,1021.33
763,aflpp,objdump,7,75600,3740,76118087,1026.11
764,aflpp,objdump,7,76500,3740,77043683,1007.21
765,aflpp,objdump,7,77400,3740,77973748,1040.17
766,aflpp,objdump,7,78300,3740,78872017,1022.61
767,aflpp,objdump,7,79200,3740,79771057,1034.54
768,aflpp,objdump,7,80100,3740,80680461,1044.25
769,aflpp,objdump,7,81000,3740,81606979,1052.34
770,aflpp,objdump,7,81900,3740,82534212,724.81
771,aflpp,objdump,7,82800,3741,83448359,1008.91
772,aflpp,objdump,7,83700,3741,84375314,1042.24
773,aflpp,objdump,7,84600,3741,85295395,1038.97
774,aflpp,objdump,7,85500,3741,86213662,1029.47
775,aflpp,objdump,7,86400,3741,87143034,1024.21
776,aflpp,objdump,8,0,1360,65053,1065.31
777,aflpp,objdump,8,900,1875,942436,1047.49
778,aflpp,objdump,8,1800,2199,1843279,989.77
779,aflpp,objdump,8,2700,2535,2751678,1008.98
780,aflpp,objdump,8,3600,2969,3657409,1050.05
781,aflpp,objdump,8,4500,3054,4591532,1019.43
782,aflpp,objdump,8,5400,3100,5507828,1014.41
783,aflpp,objdump,8,6300,3156,6421287,1012.97
784,aflpp,objdump,8,7200,3178,7341915,1022.27
785,aflpp,objdump,8,8100,3187,8265840,1023.71
786,aflpp,objdump,8,9000,3197,9193178,1036.94
787,aflpp,objdump,8,9900,3203,10127925,1048.51
788,aflpp,objdump,8,10800,3362,11065063,1045.87
789,aflpp,objdump,8,11700,3367,11995614,1022.12
790,aflpp,objdump,8,12600,3383,12920325,1048.85
791,aflpp,objdump,8,13500,3461,13859912,1024.89
792,aflpp,objdump,8,14400,3514,14789443,1052.51
793,aflpp,objdump,8,15300,3538,15717067,942.34
794,aflpp,objdump,8,16200,3564,16638293,1034.11
795,aflpp,objdump,8,17100,3575,17564753,1014.99
796,aflpp,objdump,8,18000,3592,18490422,1044.57
797,aflpp,objdump,8,18900,3595,19426884,1045.2
798,aflpp,objdump,8,19800,3596,20336779,990.35
799,aflpp,objdump,8,20700,3602,21205217,959.79
800,aflpp,objdump,8,21600,3602,22072489,973.41
801,aflpp,objdump,8,22500,3609,22940274,984.12
802,aflpp,objdump,8,23400,3609,23802380,967.03
803,aflpp,objdump,8,24300,3612,24670961,970.55
804,aflpp,objdump,8,25200,3613,25530872,928.23
805,aflpp,objdump,8,26100,3618,26381653,935.8
806,aflpp,objdump,8,27000,3640,27197284,970.37
807,aflpp,objdump,8,27900,3642,28062885,963.64
808,aflpp,objdump,8,28800,3646,28918875,970.73
809,aflpp,objdump,8,29700,3646,29781228,956.13
810,aflpp,objdump,8,30600,3649,30631736,984.63
811,aflpp,objdump,8,31500,3650,31494820,961.85
812,aflpp,objdump,8,32400,3651,32361137,968.14
813,aflpp,objdump,8,33300,3651,33218751,874.98
814,aflpp,objdump,8,34200,3652,34081636,967.29
815,aflpp,objdump,8,35100,3652,34943909,943.5
816,aflpp,objdump,8,36000,3652,35807597,978.29
817,aflpp,objdump,8,36900,3654,36658096,964.33
818,aflpp,objdump,8,37800,3654,37518808,946.43
819,aflpp,objdump,8,38700,3654,38380489,976.08
820,aflpp,objdump,8,39600,3654,39244910,966.97
821,aflpp,objdump,8,40500,3654,40106388,971.58
822,aflpp,objdump,8,41400,3655,40968032,973.61
823,aflpp,objdump,8,42300,3655,41833736,973.69
824,aflpp,objdump,8,43200,3656,42701756,979.32
825,aflpp,objdump,8,44100,3656,43564587,956.71
826,aflpp,objdump,8,45000,3660,44428888,981.05
827,aflpp,objdump,8,45900,3660,45293193,960.81
828,aflpp,objdump,8,46800,3661,46158955,975.29
829,aflpp,objdump,8,47700,3661,47072869,1049.15
830,aflpp,objdump,8,48600,3661,48004157,1030.34
831,aflpp,objdump,8,49500,3664,48917655,1049.8
832,aflpp,objdump,8,50400,3666,49853871,1033.51
833,aflpp,objdump,8,51300,3666,50786102,1027.1
834,aflpp,objdump,8,52200,3670,51712195,1027.9
835,aflpp,objdump,8,53100,3670,52649251,1043.52
836,aflpp,objdump,8,54000,3670,53586455,1034.34
837,aflpp,objdump,8,54900,3670,54523643,1036.31
838,aflpp,objdump,8,55800,3670,55449751,1051.56
839,aflpp,objdump,8,56700,3670,56365523,1040.52
840,aflpp,objdump,8,57600,3672,57297296,1021.61
841,aflpp,objdump,8,58500,3672,58218045,1029.73
842,aflpp,objdump,8,59400,3672,59151280,1039.59
843,aflpp,objdump,8,60300,3672,60087216,1036.54
844,aflpp,objdump,8,61200,3672,61018306,1039.46
845,aflpp,objdump,8,62100,3672,61958545,1054.84
846,aflpp,objdump,8,63000,3672,62886760,1021.33
847,aflpp,objdump,8,63900,3672,63816311,1030.57
848,aflpp,objdump,8,64800,3672,64739072,1039.84
849,aflpp,objdump,8,65700,3672,65671737,1048.13
850,aflpp,objdump,8,66600,3673,66606723,1040.49
851,aflpp,objdump,8,67500,3673,67532031,1018.58
852,aflpp,objdump,8,68400,3673,68457921,999.79
853,aflpp,objdump,8,69300,3673,69395452,1017.61
854,aflpp,objdump,8,70200,3673,70315037,1029.66
855,aflpp,objdump,8,71100,3673,71232119,1049.5
856,aflpp,objdump,8,72000,3673,72168044,1058.32
857,aflpp,objdump,8,72900,3679,73101077,1026.47
858,aflpp,objdump,8,73800,3679,74027683,1016.07
859,aflpp,objdump,8,74700,3679,74957891,1057.99
860,aflpp,objdump,8,75600,3679,75876409,990.38
861,aflpp,objdump,8,76500,3679,76800735,1025.22
862,aflpp,objdump,8,77400,3679,77733856,1036.61
863,aflpp,objdump,8,78300,3679,78672385,1034.09
864,aflpp,objdump,8,79200,3685,79602309,1003.73
865,aflpp,objdump,8,80100,3686,80529275,1043.74
866,aflpp,objdump,8,81000,3686,81464309,1028.15
867,aflpp,objdump,8,81900,3686,82395997,1048.17
868,aflpp,objdump,8,82800,3686,83320309,1020.69
869,aflpp,objdump,8,83700,3687,84235381,1030.99
870,aflpp,objdump,8,84600,3687,85156229,1025.67
871,aflpp,objdump,8,85500,3687,86088717,1027.75
872,aflpp,objdump,8,86400,3688,87024313,1059.43
873,aflpp,objdump,9,0,1367,56719,943.09
874,aflpp,objdump,9,900,1931,812516,886.04
875,aflpp,objdump,9,1800,2204,1620853,882.52
876,aflpp,objdump,9,2700,2336,2437328,909.78
877,aflpp,objdump,9,3600,2417,3248102,945.21
878,aflpp,objdump,9,4500,2542,4062698,932.48
879,aflpp,objdump,9,5400,2604,4886551,904.29
880,aflpp,objdump,9,6300,2637,5696683,916.24
881,aflpp,objdump,9,7200,2646,6520499,886.6
882,aflpp,objdump,9,8100,2665,7333440,899.6
883,aflpp,objdump,9,9000,2693,8151838,901.74
884,aflpp,objdump,9,9900,2699,8972449,929.98
885,aflpp,objdump,9,10800,3070,9799980,948.39
886,aflpp,objdump,9,11700,3182,10629374,885.96
887,aflpp,objdump,9,12600,3195,11448549,888.39
888,aflpp,objdump,9,13500,3215,12276325,949.71
889,aflpp,objdump,9,14400,3228,13101822,968.71
890,aflpp,objdump,9,15300,3231,13931063,898.14
891,aflpp,objdump,9,16200,3234,14762033,1013.06
892,aflpp,objdump,9,17100,3235,15659299,977.36
893,aflpp,objdump,9,18000,3241,16564314,992.99
894,aflpp,objdump,9,18900,3255,17463069,1030.19
895,aflpp,objdump,9,19800,3262,18365489,1011.39
896,aflpp,objdump,9,20700,3264,19275380,1032.81
897,aflpp,objdump,9,21600,3269,20185608,1018.5
898,aflpp,objdump,9,22500,3270,21081012,995.18
899,aflpp,objdump,9,23400,3276,21981700,1022.9
900,aflpp,objdump,9,24300,3281,22890952,1022.11
901,aflpp,objdump,9,25200,3282,23795938,962.95
902,aflpp,objdump,9,26100,3288,24671254,1029.31
903,aflpp,objdump,9,27000,3330,25555131,995.46
904,aflpp,objdump,9,27900,3336,26452045,978.77
905,aflpp,objdump,9,28800,3338,27359022,991.19
906,aflpp,objdump,9,29700,3344,28271165,1013.4
907,aflpp,objdump,9,30600,3345,29183644,1004.97
908,aflpp,objdump,9,31500,3366,30068226,931.24
909,aflpp,objdump,9,32400,3368,30974654,1029.02
910,aflpp,objdump,9,33300,3373,31802716,123.11
911,aflpp,objdump,9,34200,3374,32552645,196.06
912,aflpp,objdump,9,35100,3374,33209348,209.21
913,aflpp,objdump,9,36000,3392,34075150,1018.59
914,aflpp,objdump,9,36900,3393,34975887,1024.68
915,aflpp,objdump,9,37800,3398,35877210,1025.22
916,aflpp,objdump,9,38700,3406,36785292,1034.61
917,aflpp,objdump,9,39600,3424,37699356,1007.8
918,aflpp,objdump,9,40500,3425,38597207,986.91
919,aflpp,objdump,9,41400,3425,39504296,1000.48
920,aflpp,objdump,9,42300,3427,40413149,1014.98
921,aflpp,objdump,9,43200,3427,41319606,1034.62
922,aflpp,objdump,9,44100,3430,42230323,1016.55
923,aflpp,objdump,9,45000,3430,43121413,1013.41
924,aflpp,objdump,9,45900,3439,44028116,972.94
925,aflpp,objdump,9,46800,3442,44932657,1013.88
926,aflpp,objdump,9,47700,3442,45836036,995.33
927,aflpp,objdump,9,48600,3442,46737020,1001.16
928,aflpp,objdump,9,49500,3444,47646220,1012.81
929,aflpp,objdump,9,50400,3444,48550884,1028.63
930,aflpp,objdump,9,51300,3445,49458170,996.82
931,aflpp,objdump,9,52200,3446,50365060,1016.59
932,aflpp,objdump,9,53100,3448,51268148,926.1
933,aflpp,objdump,9,54000,3449,52162931,990.96
934,aflpp,objdump,9,54900,3450,53056061,987.7
935,aflpp,objdump,9,55800,3453,53947754,989.0
936,aflpp,objdump,9,56700,3456,54850681,982.52
937,aflpp,objdump,9,57600,3456,55739309,1005.43
938,aflpp,objdump,9,58500,3460,56646095,1002.78
939,aflpp,objdump,9,59400,3520,57546924,1013.9
940,aflpp,objdump,9,60300,3526,58459440,978.26
941,aflpp,objdump,9,61200,3530,59366012,1037.66
942,aflpp,objdump,9,62100,3531,60262846,991.58
943,aflpp,objdump,9,63000,3533,61167675,983.64
944,aflpp,objdump,9,63900,3537,62075471,1043.46
945,aflpp,objdump,9,64800,3550,62988746,997.14
946,aflpp,objdump,9,65700,3553,63874981,1004.17
947,aflpp,objdump,9,66600,3553,64780821,1012.69
948,aflpp,objdump,9,67500,3561,65690068,991.96
949,aflpp,objdump,9,68400,3561,66601252,1000.49
950,aflpp,objdump,9,69300,3562,67503105,1032.73
951,aflpp,objdump,9,70200,3562,68408809,1006.56
952,aflpp,objdump,9,71100,3567,69310641,987.22
953,aflpp,objdump,9,72000,3568,70225710,1018.58
954,aflpp,objdump,9,72900,3571,71131017,1004.09
955,aflpp,objdump,9,73800,3574,72033549,939.6
956,aflpp,objdump,9,74700,3574,72924219,1030.48
957,aflpp,objdump,9,75600,3576,73825299,1003.04
958,aflpp,objdump,9,76500,3577,74726822,1018.65
959,aflpp,objdump,9,77400,3580,75636543,1011.82
960,aflpp,objdump,9,78300,3580,76548786,1010.22
961,aflpp,objdump,9,79200,3580,77464239,1014.54
962,aflpp,objdump,9,80100,3580,78366626,1012.34
963,aflpp,objdump,9,81000,3584,79273940,1013.55
964,aflpp,objdump,9,81900,3584,80169103,948.13
965,aflpp,objdump,9,82800,3585,81071975,1011.51
966,aflpp,objdump,9,83700,3587,81966311,1021.12
967,aflpp,objdump,9,84600,3587,82875748,973.22
968,aflpp,objdump,9,85500,3587,83787784,928.52
969,aflpp,objdump,9,86400,3763,84703619,1023.65
970,fun-rho1,objdump,1,0,1366,46137,744.64
971,fun-rho1,objdump,1,900,1771,627448,681.29
972,fun-rho1,objdump,1,1800,2081,1244761,691.29
973,fun-rho1,objdump,1,2700,2375,1869575,695.13
974,fun-rho1,objdump,1,3600,2512,2493908,684.44
975,fun-rho1,objdump,1,4500,2657,3099298,677.01
976,fun-rho1,objdump,1,5400,2712,3709263,706.18
977,fun-rho1,objdump,1,6300,2740,4321333,675.62
978,fun-rho1,objdump,1,7200,2771,4941044,692.97
979,fun-rho1,objdump,1,8100,2804,5551422,675.84
980,fun-rho1,objdump,1,9000,3175,6178017,719.48
981,fun-rho1,objdump,1,9900,3268,6807903,698.61
982,fun-rho1,objdump,1,10800,3302,7421541,705.05
983,fun-rho1,objdump,1,11700,3310,8050627,671.45
984,fun-rho1,objdump,1,12600,3317,8667600,683.62
985,fun-rho1,objdump,1,13500,3327,9293188,664.51
986,fun-rho1,objdump,1,14400,3333,9914411,710.26
987,fun-rho1,objdump,1,15300,3335,10542535,686.73
988,fun-rho1,objdump,1,16200,3335,11164258,697.47
989,fun-rho1,objdump,1,17100,3342,11792128,708.22
990,fun-rho1,objdump,1,18000,3345,12418496,692.52
991,fun-rho1,objdump,1,18900,3440,13053276,728.34
992,fun-rho1,objdump,1,19800,3441,13683318,698.86
993,fun-rho1,objdump,1,20700,3442,14307407,709.44
994,fun-rho1,objdump,1,21600,3442,14936446,696.1
995,fun-rho1,objdump,1,22500,3446,15555280,699.6
996,fun-rho1,objdump,1,23400,3454,16188035,719.83
997,fun-rho1,objdump,1,24300,3479,16812938,721.31
998,fun-rho1,objdump,1,25200,3499,17443341,680.44
999,fun-rho1,objdump,1,26100,3500,18074319,720.29
1000,fun-rho1,objdump,1,27000,3505,18700265,135.76
1001,fun-rho1,objdump,1,27900,3508,19330979,717.6
1002,fun-rho1,objdump,1,28800,3511,19951170,729.56
1003,fun-rho1,objdump,1,29700,3511,20581983,723.92
1004,fun-rho1,objdump,1,30600,3511,21208810,699.33
1005,fun-rho1,objdump,1,31500,3527,21844070,711.12
1006,fun-rho1,objdump,1,32400,3528,22461357,698.06
1007,fun-rho1,objdump,1,33300,3528,23066389,62.65
1008,fun-rho1,objdump,1,34200,3535,23669701,712.0
1009,fun-rho1,objdump,1,35100,3535,24295618,708.68
1010,fun-rho1,objdump,1,36000,3631,24923386,715.94
1011,fun-rho1,objdump,1,36900,3642,25553393,685.18
1012,fun-rho1,objdump,1,37800,3652,26172973,710.01
1013,fun-rho1,objdump,1,38700,3657,26809466,712.98
1014,fun-rho1,objdump,1,39600,3657,27440131,719.89
1015,fun-rho1,objdump,1,40500,3661,28068314,691.06
1016,fun-rho1,objdump,1,41400,3663,28700482,721.29
1017,fun-rho1,objdump,1,42300,3668,29310822,704.26
1018,fun-rho1,objdump,1,43200,3689,29930297,698.35
1019,fun-rho1,objdump,1,44100,3689,30563821,726.51
1020,fun-rho1,objdump,1,45000,3689,31186608,691.86
1021,fun-rho1,objdump,1,45900,3691,31822331,697.29
1022,fun-rho1,objdump,1,46800,3691,32452764,695.77
1023,fun-rho1,objdump,1,47700,3692,33087226,687.16
1024,fun-rho1,objdump,1,48600,3692,33722246,692.77
1025,fun-rho1,objdump,1,49500,3694,34359269,699.08
1026,fun-rho1,objdump,1,50400,3697,34965536,704.3
1027,fun-rho1,objdump,1,51300,3700,35591331,714.67
1028,fun-rho1,objdump,1,52200,3700,36226578,690.09
1029,fun-rho1,objdump,1,53100,3700,36840577,694.19
1030,fun-rho1,objdump,1,54000,3700,37444207,722.68
1031,fun-rho1,objdump,1,54900,3702,38059336,700.17
1032,fun-rho1,objdump,1,55800,3702,38677779,709.81
1033,fun-rho1,objdump,1,56700,3702,39298228,713.64
1034,fun-rho1,objdump,1,57600,3704,39923797,701.51
1035,fun-rho1,objdump,1,58500,3706,40530493,698.99
1036,fun-rho1,objdump,1,59400,3707,41141102,665.12
1037,fun-rho1,objdump,1,60300,3707,41754564,699.23
1038,fun-rho1,objdump,1,61200,3707,42354571,712.3
1039,fun-rho1,objdump,1,62100,3707,42980105,694.94
1040,fun-rho1,objdump,1,63000,3707,43588412,684.1
1041,fun-rho1,objdump,1,63900,3707,44213383,688.26
1042,fun-rho1,objdump,1,64800,3710,44838325,701.92
1043,fun-rho1,objdump,1,65700,3710,45451853,710.09
1044,fun-rho1,objdump,1,66600,3710,46033146,685.27
1045,fun-rho1,objdump,1,67500,3712,46650471,682.4
1046,fun-rho1,objdump,1,68400,3713,47275512,704.02
1047,fun-rho1,objdump,1,69300,3713,47897612,706.33
1048,fun-rho1,objdump,1,70200,3714,48507168,712.33
1049,fun-rho1,objdump,1,71100,3714,49121553,691.35
1050,fun-rho1,objdump,1,72000,3715,49738888,701.77
1051,fun-rho1,objdump,1,72900,3715,50356287,689.96
1052,fun-rho1,objdump,1,73800,3715,50971064,719.85
1053,fun-rho1,objdump,1,74700,3715,51584731,674.69
1054,fun-rho1,objdump,1,75600,3715,52200798,672.47
1055,fun-rho1,objdump,1,76500,3715,52815950,701.78
1056,fun-rho1,objdump,1,77400,3715,53437545,696.58
1057,fun-rho1,objdump,1,78300,3718,54041632,718.15
1058,fun-rho1,objdump,1,79200,3718,54627457,627.46
1059,fun-rho1,objdump,1,80100,3718,55240765,682.47
1060,fun-rho1,objdump,1,81000,3718,55842778,690.08
1061,fun-rho1,objdump,1,81900,3720,56461699,705.24
1062,fun-rho1,objdump,1,82800,3726,57080050,698.04
1063,fun-rho1,objdump,1,83700,3737,57692952,704.5
1064,fun-rho1,objdump,1,84600,3737,58309725,708.7
1065,fun-rho1,objdump,1,85500,3737,58923079,706.68
1066,fun-rho1,objdump,1,86400,3737,59540371,689.6
1067,fun-rho1,objdump,10,0,1362,42802,697.89
1068,fun-rho1,objdump,10,900,1754,628996,695.54
1069,fun-rho1,objdump,10,1800,1955,1254540,683.24
1070,fun-rho1,objdump,10,2700,2104,1889674,710.45
1071,fun-rho1,objdump,10,3600,2315,2517128,692.2
1072,fun-rho1,objdump,10,4500,2392,3150197,690.65
1073,fun-rho1,objdump,10,5400,2486,3771791,683.03
1074,fun-rho1,objdump,10,6300,2549,4384451,689.64
1075,fun-rho1,objdump,10,7200,2628,4996775,704.2
1076,fun-rho1,objdump,10,8100,2658,5622830,714.72
1077,fun-rho1,objdump,10,9000,2727,6220702,684.6
1078,fun-rho1,objdump,10,9900,2741,6827504,721.16
1079,fun-rho1,objdump,10,10800,2758,7447414,673.24
1080,fun-rho1,objdump,10,11700,2766,8057791,694.29
1081,fun-rho1,objdump,10,12600,2769,8664457,655.13
1082,fun-rho1,objdump,10,13500,2778,9296207,735.21
1083,fun-rho1,objdump,10,14400,2781,9919254,695.19
1084,fun-rho1,objdump,10,15300,2786,10549825,696.7
1085,fun-rho1,objdump,10,16200,2804,11163181,658.79
1086,fun-rho1,objdump,10,17100,2804,11785722,679.74
1087,fun-rho1,objdump,10,18000,2808,12402758,674.0
1088,fun-rho1,objdump,10,18900,2810,13026069,711.38
1089,fun-rho1,objdump,10,19800,2815,13636453,676.87
1090,fun-rho1,objdump,10,20700,2816,14258979,677.48
1091,fun-rho1,objdump,10,21600,2830,14886704,691.03
1092,fun-rho1,objdump,10,22500,3130,15519470,709.26
1093,fun-rho1,objdump,10,23400,3147,16134094,695.44
1094,fun-rho1,objdump,10,24300,3151,16752246,712.29
1095,fun-rho1,objdump,10,25200,3159,17382325,687.58
1096,fun-rho1,objdump,10,26100,3159,18003066,704.32
1097,fun-rho1,objdump,10,27000,3335,18631638,704.59
1098,fun-rho1,objdump,10,27900,3618,19255736,723.24
1099,fun-rho1,objdump,10,28800,3631,19891902,699.07
1100,fun-rho1,objdump,10,29700,3757,20518590,676.51
1101,fun-rho1,objdump,10,30600,3762,21144053,710.61
1102,fun-rho1,objdump,10,31500,3769,21764579,700.52
1103,fun-rho1,objdump,10,32400,3769,22363755,702.66
1104,fun-rho1,objdump,10,33300,3775,22984914,733.18
1105,fun-rho1,objdump,10,34200,3775,23609913,721.44
1106,fun-rho1,objdump,10,35100,3775,24221463,715.33
1107,fun-rho1,objdump,10,36000,3780,24856338,709.17
1108,fun-rho1,objdump,10,36900,3783,25488661,690.82
1109,fun-rho1,objdump,10,37800,3787,26101856,725.69
1110,fun-rho1,objdump,10,38700,3792,26724665,707.27
1111,fun-rho1,objdump,10,39600,3794,27358069,684.77
1112,fun-rho1,objdump,10,40500,3795,27988276,715.09
1113,fun-rho1,objdump,10,41400,3796,28609548,698.42
1114,fun-rho1,objdump,10,42300,3821,29230964,708.17
1115,fun-rho1,objdump,10,43200,3823,29834492,709.03
1116,fun-rho1,objdump,10,44100,3823,30459372,730.92
1117,fun-rho1,objdump,10,45000,3826,31086307,720.16
1118,fun-rho1,objdump,10,45900,3864,31708534,710.51
1119,fun-rho1,objdump,10,46800,3865,32334459,714.22
1120,fun-rho1,objdump,10,47700,3866,32968036,703.57
1121,fun-rho1,objdump,10,48600,3867,33601391,689.84
1122,fun-rho1,objdump,10,49500,3867,34231395,717.04
1123,fun-rho1,objdump,10,50400,3867,34841305,416.12
1124,fun-rho1,objdump,10,51300,3867,35442688,696.8
1125,fun-rho1,objdump,10,52200,3867,36049803,652.84
1126,fun-rho1,objdump,10,53100,3867,36659739,690.56
1127,fun-rho1,objdump,10,54000,3869,37271245,722.7
1128,fun-rho1,objdump,10,54900,3869,37893344,684.23
1129,fun-rho1,objdump,10,55800,3870,38516018,693.94
1130,fun-rho1,objdump,10,56700,3871,39129941,705.5
1131,fun-rho1,objdump,10,57600,3871,39752882,738.28
1132,fun-rho1,objdump,10,58500,3871,40341957,718.61
1133,fun-rho1,objdump,10,59400,3872,40961358,699.35
1134,fun-rho1,objdump,10,60300,3872,41589607,703.16
1135,fun-rho1,objdump,10,61200,3872,42202067,707.28
1136,fun-rho1,objdump,10,62100,3872,42829069,705.0
1137,fun-rho1,objdump,10,63000,3873,43450594,693.25
1138,fun-rho1,objdump,10,63900,3874,44070873,699.57
1139,fun-rho1,objdump,10,64800,3874,44677639,689.4
1140,fun-rho1,objdump,10,65700,3874,45295963,690.17
1141,fun-rho1,objdump,10,66600,3874,45913402,680.97
1142,fun-rho1,objdump,10,67500,3875,46536725,693.78
1143,fun-rho1,objdump,10,68400,3875,47141705,715.66
1144,fun-rho1,objdump,10,69300,3875,47752292,649.12
1145,fun-rho1,objdump,10,70200,3877,48359878,681.33
1146,fun-rho1,objdump,10,71100,3877,48975670,661.58
1147,fun-rho1,objdump,10,72000,3877,49591101,696.01
1148,fun-rho1,objdump,10,72900,3877,50206371,676.19
1149,fun-rho1,objdump,10,73800,3877,50788739,708.49
1150,fun-rho1,objdump,10,74700,3878,51406530,688.85
1151,fun-rho1,objdump,10,75600,3880,52020333,700.67
1152,fun-rho1,objdump,10,76500,3880,52639841,671.26
1153,fun-rho1,objdump,10,77400,3880,53256302,449.07
1154,fun-rho1,objdump,10,78300,3882,53857686,688.51
1155,fun-rho1,objdump,10,79200,3882,54459333,79.09
1156,fun-rho1,objdump,10,80100,3882,55058203,698.29
1157,fun-rho1,objdump,10,81000,3949,55677457,673.45
1158,fun-rho1,objdump,10,81900,3949,56300247,694.22
1159,fun-rho1,objdump,10,82800,3949,56923886,697.58
1160,fun-rho1,objdump,10,83700,3949,57529129,705.6
1161,fun-rho1,objdump,10,84600,3949,58137650,684.06
1162,fun-rho1,objdump,10,85500,3951,58741991,701.51
1163,fun-rho1,objdump,10,86400,3951,59363931,737.01
1164,fun-rho1,objdump,2,0,1365,45332,733.92
1165,fun-rho1,objdump,2,900,1818,617137,708.83
1166,fun-rho1,objdump,2,1800,2129,1223582,626.05
1167,fun-rho1,objdump,2,2700,2789,1838748,676.43
1168,fun-rho1,objdump,2,3600,2907,2442317,640.26
1169,fun-rho1,objdump,2,4500,2987,3033922,666.0
1170,fun-rho1,objdump,2,5400,3051,3630210,651.21
1171,fun-rho1,objdump,2,6300,3101,4245324,701.99
1172,fun-rho1,objdump,2,7200,3113,4849522,667.77
1173,fun-rho1,objdump,2,8100,3127,5462812,695.92
1174,fun-rho1,objdump,2,9000,3139,6085213,674.76
1175,fun-rho1,objdump,2,9900,3147,6703969,687.32
1176,fun-rho1,objdump,2,10800,3218,7314813,718.77
1177,fun-rho1,objdump,2,11700,3247,7931913,677.38
1178,fun-rho1,objdump,2,12600,3255,8533120,678.42
1179,fun-rho1,objdump,2,13500,3258,9151155,683.05
1180,fun-rho1,objdump,2,14400,3260,9770349,661.27
1181,fun-rho1,objdump,2,15300,3261,10395439,689.33
1182,fun-rho1,objdump,2,16200,3267,11018711,658.79
1183,fun-rho1,objdump,2,17100,3267,11636550,691.2
1184,fun-rho1,objdump,2,18000,3334,12256499,688.51
1185,fun-rho1,objdump,2,18900,3343,12876205,686.08
1186,fun-rho1,objdump,2,19800,3346,13494591,685.25
1187,fun-rho1,objdump,2,20700,3357,14113007,699.91
1188,fun-rho1,objdump,2,21600,3358,14709450,682.07
1189,fun-rho1,objdump,2,22500,3365,15323872,677.73
1190,fun-rho1,objdump,2,23400,3367,15943800,619.12
1191,fun-rho1,objdump,2,24300,3369,16548240,600.98
1192,fun-rho1,objdump,2,25200,3371,17166292,666.18
1193,fun-rho1,objdump,2,26100,3391,17774196,702.67
1194,fun-rho1,objdump,2,27000,3391,18390053,706.61
1195,fun-rho1,objdump,2,27900,3391,19014152,704.03
1196,fun-rho1,objdump,2,28800,3392,19639555,687.6
1197,fun-rho1,objdump,2,29700,3393,20258492,682.22
1198,fun-rho1,objdump,2,30600,3395,20873684,695.43
1199,fun-rho1,objdump,2,31500,3396,21493302,701.82
1200,fun-rho1,objdump,2,32400,3396,22091083,680.16
1201,fun-rho1,objdump,2,33300,3397,22694071,692.33
1202,fun-rho1,objdump,2,34200,3403,23313931,638.85
1203,fun-rho1,objdump,2,35100,3404,23922290,709.79
1204,fun-rho1,objdump,2,36000,3412,24543278,696.1
1205,fun-rho1,objdump,2,36900,3412,25162646,703.46
1206,fun-rho1,objdump,2,37800,3413,25758212,702.16
1207,fun-rho1,objdump,2,38700,3415,26378634,698.54
1208,fun-rho1,objdump,2,39600,3417,26985765,702.51
1209,fun-rho1,objdump,2,40500,3417,27600445,691.14
1210,fun-rho1,objdump,2,41400,3419,28224169,707.62
1211,fun-rho1,objdump,2,42300,3423,28831274,690.16
1212,fun-rho1,objdump,2,43200,3423,29435357,662.07
1213,fun-rho1,objdump,2,44100,3424,30057019,687.11
1214,fun-rho1,objdump,2,45000,3426,30676294,700.1
1215,fun-rho1,objdump,2,45900,3428,31289871,676.26
1216,fun-rho1,objdump,2,46800,3428,31908447,677.46
1217,fun-rho1,objdump,2,47700,3429,32527101,690.67
1218,fun-rho1,objdump,2,48600,3429,33148044,688.6
1219,fun-rho1,objdump,2,49500,3431,33772146,707.35
1220,fun-rho1,objdump,2,50400,3431,34396140,690.94
1221,fun-rho1,objdump,2,51300,3436,35016100,686.68
1222,fun-rho1,objdump,2,52200,3437,35620985,681.63
1223,fun-rho1,objdump,2,53100,3437,36216928,660.06
1224,fun-rho1,objdump,2,54000,3439,36809120,733.95
1225,fun-rho1,objdump,2,54900,3439,37418693,668.02
1226,fun-rho1,objdump,2,55800,3444,38005513,674.37
1227,fun-rho1,objdump,2,56700,3446,38604291,657.67
1228,fun-rho1,objdump,2,57600,3446,39206051,687.92
1229,fun-rho1,objdump,2,58500,3452,39788996,680.07
1230,fun-rho1,objdump,2,59400,3452,40380870,662.18
1231,fun-rho1,objdump,2,60300,3454,40994158,665.16
1232,fun-rho1,objdump,2,61200,3455,41611541,713.68
1233,fun-rho1,objdump,2,62100,3455,42228509,679.74
1234,fun-rho1,objdump,2,63000,3455,42838888,644.16
1235,fun-rho1,objdump,2,63900,3457,43449925,691.14
1236,fun-rho1,objdump,2,64800,3457,44059793,684.32
1237,fun-rho1,objdump,2,65700,3457,44663577,674.36
1238,fun-rho1,objdump,2,66600,3458,45265558,700.05
1239,fun-rho1,objdump,2,67500,3459,45863283,670.36
1240,fun-rho1,objdump,2,68400,3460,46470128,687.42
1241,fun-rho1,objdump,2,69300,3461,47067223,696.37
1242,fun-rho1,objdump,2,70200,3461,47664116,681.82
1243,fun-rho1,objdump,2,71100,3461,48254067,664.98
1244,fun-rho1,objdump,2,72000,3465,48854119,671.21
1245,fun-rho1,objdump,2,72900,3465,49455019,676.95
1246,fun-rho1,objdump,2,73800,3465,50028169,703.34
1247,fun-rho1,objdump,2,74700,3466,50625306,696.05
1248,fun-rho1,objdump,2,75600,3467,51232079,677.85
1249,fun-rho1,objdump,2,76500,3468,51838481,632.42
1250,fun-rho1,objdump,2,77400,3474,52444631,667.64
1251,fun-rho1,objdump,2,78300,3475,53039191,694.32
1252,fun-rho1,objdump,2,79200,3478,53620034,663.1
1253,fun-rho1,objdump,2,80100,3479,54223429,641.77
1254,fun-rho1,objdump,2,81000,3483,54824328,651.64
1255,fun-rho1,objdump,2,81900,3483,55434461,666.49
1256,fun-rho1,objdump,2,82800,3484,56040000,622.94
1257,fun-rho1,objdump,2,83700,3484,56635306,666.12
1258,fun-rho1,objdump,2,84600,3485,57244097,682.64
1259,fun-rho1,objdump,2,85500,3497,57849624,701.37
1260,fun-rho1,objdump,2,86400,3497,58453866,679.72
1261,fun-rho1,objdump,3,0,1342,42506,714.11
1262,fun-rho1,objdump,3,900,1723,632946,696.95
1263,fun-rho1,objdump,3,1800,1973,1264237,752.34
1264,fun-rho1,objdump,3,2700,2184,1900390,632.25
1265,fun-rho1,objdump,3,3600,2296,2467278,593.84
1266,fun-rho1,objdump,3,4500,2365,3046250,718.47
1267,fun-rho1,objdump,3,5400,2496,3636924,626.22
1268,fun-rho1,objdump,3,6300,2555,4223742,681.8
1269,fun-rho1,objdump,3,7200,2925,4830490,618.55
1270,fun-rho1,objdump,3,8100,3061,5439855,628.83
1271,fun-rho1,objdump,3,9000,3098,6047270,706.49
1272,fun-rho1,objdump,3,9900,3122,6638283,617.69
1273,fun-rho1,objdump,3,10800,3131,7241906,680.25
1274,fun-rho1,objdump,3,11700,3133,7850448,679.88
1275,fun-rho1,objdump,3,12600,3136,8458767,734.49
1276,fun-rho1,objdump,3,13500,3172,9060057,686.87
1277,fun-rho1,objdump,3,14400,3183,9669260,674.94
1278,fun-rho1,objdump,3,15300,3194,10278670,678.78
1279,fun-rho1,objdump,3,16200,3195,10892721,702.09
1280,fun-rho1,objdump,3,17100,3195,11508840,697.59
1281,fun-rho1,objdump,3,18000,3202,12127285,701.38
1282,fun-rho1,objdump,3,18900,3204,12746076,697.81
1283,fun-rho1,objdump,3,19800,3205,13360592,682.43
1284,fun-rho1,objdump,3,20700,3207,13971052,650.45
1285,fun-rho1,objdump,3,21600,3211,14584335,692.29
1286,fun-rho1,objdump,3,22500,3218,15205943,669.26
1287,fun-rho1,objdump,3,23400,3222,15819038,690.49
1288,fun-rho1,objdump,3,24300,3230,16426234,715.81
1289,fun-rho1,objdump,3,25200,3274,17050530,679.52
1290,fun-rho1,objdump,3,26100,3274,17674605,712.18
1291,fun-rho1,objdump,3,27000,3277,18287950,696.41
1292,fun-rho1,objdump,3,27900,3277,18900809,698.6
1293,fun-rho1,objdump,3,28800,3287,19514022,687.7
1294,fun-rho1,objdump,3,29700,3430,20134531,638.51
1295,fun-rho1,objdump,3,30600,3443,20759663,714.05
1296,fun-rho1,objdump,3,31500,3450,21371118,628.61
1297,fun-rho1,objdump,3,32400,3454,21982264,700.81
1298,fun-rho1,objdump,3,33300,3455,22602421,672.85
1299,fun-rho1,objdump,3,34200,3459,23225586,696.91
1300,fun-rho1,objdump,3,35100,3485,23844746,686.65
1301,fun-rho1,objdump,3,36000,3485,24472488,686.88
1302,fun-rho1,objdump,3,36900,3485,25096564,707.15
1303,fun-rho1,objdump,3,37800,3485,25722533,674.29
1304,fun-rho1,objdump,3,38700,3489,26351202,707.92
1305,fun-rho1,objdump,3,39600,3490,26970056,698.73
1306,fun-rho1,objdump,3,40500,3491,27594623,671.18
1307,fun-rho1,objdump,3,41400,3498,28221735,701.24
1308,fun-rho1,objdump,3,42300,3499,28838955,674.22
1309,fun-rho1,objdump,3,43200,3499,29445842,667.28
1310,fun-rho1,objdump,3,44100,3499,30068444,678.92
1311,fun-rho1,objdump,3,45000,3500,30690345,723.19
1312,fun-rho1,objdump,3,45900,3500,31321002,713.24
1313,fun-rho1,objdump,3,46800,3501,31930603,685.81
1314,fun-rho1,objdump,3,47700,3518,32558922,721.16
1315,fun-rho1,objdump,3,48600,3518,33187590,682.51
1316,fun-rho1,objdump,3,49500,3519,33817125,708.7
1317,fun-rho1,objdump,3,50400,3519,34449593,718.95
1318,fun-rho1,objdump,3,51300,3521,35077364,713.11
1319,fun-rho1,objdump,3,52200,3523,35705381,725.58
1320,fun-rho1,objdump,3,53100,3523,36322617,707.02
1321,fun-rho1,objdump,3,54000,3526,36944658,675.45
1322,fun-rho1,objdump,3,54900,3526,37538592,701.11
1323,fun-rho1,objdump,3,55800,3527,38157444,703.15
1324,fun-rho1,objdump,3,56700,3528,38779695,715.83
1325,fun-rho1,objdump,3,57600,3528,39397113,680.65
1326,fun-rho1,objdump,3,58500,3528,40020315,702.47
1327,fun-rho1,objdump,3,59400,3528,40632170,668.36
1328,fun-rho1,objdump,3,60300,3528,41258532,707.62
1329,fun-rho1,objdump,3,61200,3533,41879174,650.87
1330,fun-rho1,objdump,3,62100,3534,42506603,687.37
1331,fun-rho1,objdump,3,63000,3534,43124528,693.34
1332,fun-rho1,objdump,3,63900,3535,43729733,707.11
1333,fun-rho1,objdump,3,64800,3536,44344615,699.9
1334,fun-rho1,objdump,3,65700,3540,44964742,688.61
1335,fun-rho1,objdump,3,66600,3549,45574882,666.42
1336,fun-rho1,objdump,3,67500,3550,46191328,662.71
1337,fun-rho1,objdump,3,68400,3550,46809120,705.63
1338,fun-rho1,objdump,3,69300,3550,47425038,703.04
1339,fun-rho1,objdump,3,70200,3550,48029631,710.86
1340,fun-rho1,objdump,3,71100,3550,48649321,697.6
1341,fun-rho1,objdump,3,72000,3550,49264621,671.85
1342,fun-rho1,objdump,3,72900,3552,49879083,660.48
1343,fun-rho1,objdump,3,73800,3552,50487316,697.87
1344,fun-rho1,objdump,3,74700,3552,51096863,678.3
1345,fun-rho1,objdump,3,75600,3552,51714360,685.54
1346,fun-rho1,objdump,3,76500,3555,52331390,692.1
1347,fun-rho1,objdump,3,77400,3555,52953537,704.99
1348,fun-rho1,objdump,3,78300,3556,53561900,725.89
1349,fun-rho1,objdump,3,79200,3561,54149149,413.44
1350,fun-rho1,objdump,3,80100,3561,54736538,677.96
1351,fun-rho1,objdump,3,81000,3561,55346009,668.41
1352,fun-rho1,objdump,3,81900,3561,55955484,678.02
1353,fun-rho1,objdump,3,82800,3561,56572016,716.5
1354,fun-rho1,objdump,3,83700,3562,57179898,680.68
1355,fun-rho1,objdump,3,84600,3562,57795651,671.88
1356,fun-rho1,objdump,3,85500,3562,58410281,702.69
1357,fun-rho1,objdump,3,86400,3563,59029820,702.93
1358,fun-rho1,objdump,4,0,1367,43596,741.93
1359,fun-rho1,objdump,4,900,1749,622794,674.4
1360,fun-rho1,objdump,4,1800,2071,1227804,719.13
1361,fun-rho1,objdump,4,2700,2220,1834212,678.51
1362,fun-rho1,objdump,4,3600,2356,2445794,659.76
1363,fun-rho1,objdump,4,4500,2532,3057174,684.06
1364,fun-rho1,objdump,4,5400,2926,3672556,711.94
1365,fun-rho1,objdump,4,6300,3034,4288370,646.19
1366,fun-rho1,objdump,4,7200,3101,4909004,698.91
1367,fun-rho1,objdump,4,8100,3111,5517753,670.0
1368,fun-rho1,objdump,4,9000,3131,6130421,706.79
1369,fun-rho1,objdump,4,9900,3151,6742578,680.28
1370,fun-rho1,objdump,4,10800,3172,7358792,706.99
1371,fun-rho1,objdump,4,11700,3174,7984138,700.49
1372,fun-rho1,objdump,4,12600,3179,8602569,679.51
1373,fun-rho1,objdump,4,13500,3192,9220484,63.64
1374,fun-rho1,objdump,4,14400,3212,9846057,700.34
1375,fun-rho1,objdump,4,15300,3214,10470952,675.02
1376,fun-rho1,objdump,4,16200,3218,11088572,705.5
1377,fun-rho1,objdump,4,17100,3219,11693824,697.38
1378,fun-rho1,objdump,4,18000,3219,12316534,692.91
1379,fun-rho1,objdump,4,18900,3241,12935866,710.32
1380,fun-rho1,objdump,4,19800,3250,13558251,724.01
1381,fun-rho1,objdump,4,20700,3262,14180541,696.13
1382,fun-rho1,objdump,4,21600,3263,14799731,688.21
1383,fun-rho1,objdump,4,22500,3263,15423916,684.93
1384,fun-rho1,objdump,4,23400,3268,16047583,566.85
1385,fun-rho1,objdump,4,24300,3272,16659146,728.12
1386,fun-rho1,objdump,4,25200,3276,17283066,699.4
1387,fun-rho1,objdump,4,26100,3276,17908539,703.46
1388,fun-rho1,objdump,4,27000,3279,18528427,692.27
1389,fun-rho1,objdump,4,27900,3281,19157392,723.55
1390,fun-rho1,objdump,4,28800,3281,19786226,692.89
1391,fun-rho1,objdump,4,29700,3284,20410417,700.56
1392,fun-rho1,objdump,4,30600,3284,21038272,709.2
1393,fun-rho1,objdump,4,31500,3289,21669764,676.77
1394,fun-rho1,objdump,4,32400,3290,22279547,701.25
1395,fun-rho1,objdump,4,33300,3292,22887648,695.14
1396,fun-rho1,objdump,4,34200,3292,23511725,658.84
1397,fun-rho1,objdump,4,35100,3295,24134587,697.77
1398,fun-rho1,objdump,4,36000,3299,24762076,709.15
1399,fun-rho1,objdump,4,36900,3299,25369115,710.59
1400,fun-rho1,objdump,4,37800,3300,25993243,685.48
1401,fun-rho1,objdump,4,38700,3301,26610401,703.19
1402,fun-rho1,objdump,4,39600,3345,27229172,681.28
1403,fun-rho1,objdump,4,40500,3360,27828557,705.58
1404,fun-rho1,objdump,4,41400,3361,28442411,634.12
1405,fun-rho1,objdump,4,42300,3361,29036379,676.83
1406,fun-rho1,objdump,4,43200,3363,29655762,613.09
1407,fun-rho1,objdump,4,44100,3364,30281512,716.37
1408,fun-rho1,objdump,4,45000,3364,30891507,697.45
1409,fun-rho1,objdump,4,45900,3371,31517267,684.93
1410,fun-rho1,objdump,4,46800,3372,32144173,689.89
1411,fun-rho1,objdump,4,47700,3375,32714091,699.03
1412,fun-rho1,objdump,4,48600,3375,33341952,713.95
1413,fun-rho1,objdump,4,49500,3377,33965594,645.43
1414,fun-rho1,objdump,4,50400,3378,34585599,681.46
1415,fun-rho1,objdump,4,51300,3389,35212569,729.96
1416,fun-rho1,objdump,4,52200,3389,35839048,701.17
1417,fun-rho1,objdump,4,53100,3391,36450439,710.03
1418,fun-rho1,objdump,4,54000,3399,37064247,689.04
1419,fun-rho1,objdump,4,54900,3399,37685601,705.65
1420,fun-rho1,objdump,4,55800,3405,38305870,696.28
1421,fun-rho1,objdump,4,56700,3405,38921900,689.4
1422,fun-rho1,objdump,4,57600,3529,39540087,699.71
1423,fun-rho1,objdump,4,58500,3536,40148613,687.57
1424,fun-rho1,objdump,4,59400,3538,40759171,697.1
1425,fun-rho1,objdump,4,60300,3538,41379687,679.12
1426,fun-rho1,objdump,4,61200,3538,42003257,663.82
1427,fun-rho1,objdump,4,62100,3541,42625528,688.9
1428,fun-rho1,objdump,4,63000,3542,43253197,694.48
1429,fun-rho1,objdump,4,63900,3542,43875587,712.37
1430,fun-rho1,objdump,4,64800,3550,44494208,693.86
1431,fun-rho1,objdump,4,65700,3552,45118287,719.09
1432,fun-rho1,objdump,4,66600,3552,45736943,689.37
1433,fun-rho1,objdump,4,67500,3552,46354388,689.07
1434,fun-rho1,objdump,4,68400,3552,46967162,712.92
1435,fun-rho1,objdump,4,69300,3552,47585346,677.55
1436,fun-rho1,objdump,4,70200,3556,48201276,708.76
1437,fun-rho1,objdump,4,71100,3561,48816340,672.62
1438,fun-rho1,objdump,4,72000,3636,49435621,672.87
1439,fun-rho1,objdump,4,72900,3636,50049963,669.69
1440,fun-rho1,objdump,4,73800,3640,50653934,678.96
1441,fun-rho1,objdump,4,74700,3640,51250857,701.55
1442,fun-rho1,objdump,4,75600,3640,51862715,686.52
1443,fun-rho1,objdump,4,76500,3640,52484310,683.05
1444,fun-rho1,objdump,4,77400,3641,53103996,721.76
1445,fun-rho1,objdump,4,78300,3645,53712061,692.98
1446,fun-rho1,objdump,4,79200,3645,54327637,681.84
1447,fun-rho1,objdump,4,80100,3645,54950629,696.57
1448,fun-rho1,objdump,4,81000,3645,55565872,685.7
1449,fun-rho1,objdump,4,81900,3645,56188781,694.49
1450,fun-rho1,objdump,4,82800,3645,56811133,724.57
1451,fun-rho1,objdump,4,83700,3645,57422455,633.21
1452,fun-rho1,objdump,4,84600,3645,58043877,719.13
1453,fun-rho1,objdump,4,85500,3645,58657610,696.59
1454,fun-rho1,objdump,4,86400,3646,59271179,707.47
1455,fun-rho1,objdump,5,0,1353,42493,731.31
1456,fun-rho1,objdump,5,900,1820,620029,649.13
1457,fun-rho1,objdump,5,1800,2094,1226312,654.49
1458,fun-rho1,objdump,5,2700,2264,1833392,664.72
1459,fun-rho1,objdump,5,3600,2373,2442475,672.13
1460,fun-rho1,objdump,5,4500,2431,3045687,674.44
1461,fun-rho1,objdump,5,5400,2481,3644792,689.64
1462,fun-rho1,objdump,5,6300,2517,4258146,694.04
1463,fun-rho1,objdump,5,7200,2952,4872317,687.04
1464,fun-rho1,objdump,5,8100,3010,5488853,695.95
1465,fun-rho1,objdump,5,9000,3023,6100827,679.95
1466,fun-rho1,objdump,5,9900,3025,6707291,682.49
1467,fun-rho1,objdump,5,10800,3034,7313846,680.66
1468,fun-rho1,objdump,5,11700,3070,7928796,691.83
1469,fun-rho1,objdump,5,12600,3162,8547933,698.37
1470,fun-rho1,objdump,5,13500,3165,9167706,691.38
1471,fun-rho1,objdump,5,14400,3165,9784320,697.16
1472,fun-rho1,objdump,5,15300,3179,10400096,683.66
1473,fun-rho1,objdump,5,16200,3183,11017732,705.0
1474,fun-rho1,objdump,5,17100,3186,11630481,691.58
1475,fun-rho1,objdump,5,18000,3191,12246416,677.74
1476,fun-rho1,objdump,5,18900,3228,12865104,685.71
1477,fun-rho1,objdump,5,19800,3230,13475750,677.85
1478,fun-rho1,objdump,5,20700,3233,14089783,695.19
1479,fun-rho1,objdump,5,21600,3237,14702803,684.5
1480,fun-rho1,objdump,5,22500,3238,15325656,691.41
1481,fun-rho1,objdump,5,23400,3248,15936667,709.39
1482,fun-rho1,objdump,5,24300,3250,16554557,683.03
1483,fun-rho1,objdump,5,25200,3252,17178277,687.89
1484,fun-rho1,objdump,5,26100,3317,17780707,696.62
1485,fun-rho1,objdump,5,27000,3318,18399689,682.67
1486,fun-rho1,objdump,5,27900,3320,19015263,672.62
1487,fun-rho1,objdump,5,28800,3325,19632461,689.39
1488,fun-rho1,objdump,5,29700,3325,20250248,673.41
1489,fun-rho1,objdump,5,30600,3326,20858649,644.56
1490,fun-rho1,objdump,5,31500,3335,21457519,655.19
1491,fun-rho1,objdump,5,32400,3337,22061024,690.04
1492,fun-rho1,objdump,5,33300,3338,22677804,694.33
1493,fun-rho1,objdump,5,34200,3342,23294607,687.58
1494,fun-rho1,objdump,5,35100,3343,23909822,680.09
1495,fun-rho1,objdump,5,36000,3344,24532459,670.21
1496,fun-rho1,objdump,5,36900,3350,25148404,690.79
1497,fun-rho1,objdump,5,37800,3352,25757662,708.82
1498,fun-rho1,objdump,5,38700,3368,26371416,62.24
1499,fun-rho1,objdump,5,39600,3489,26991738,700.61
1500,fun-rho1,objdump,5,40500,3497,27615642,700.62
1501,fun-rho1,objdump,5,41400,3505,28229923,681.58
1502,fun-rho1,objdump,5,42300,3506,28826409,673.83
1503,fun-rho1,objdump,5,43200,3506,29435558,708.61
1504,fun-rho1,objdump,5,44100,3506,30063371,695.11
1505,fun-rho1,objdump,5,45000,3510,30680348,707.35
1506,fun-rho1,objdump,5,45900,3510,31294094,703.33
1507,fun-rho1,objdump,5,46800,3510,31915722,708.27
1508,fun-rho1,objdump,5,47700,3512,32520880,678.88
1509,fun-rho1,objdump,5,48600,3514,33143631,728.96
1510,fun-rho1,objdump,5,49500,3515,33766426,664.11
1511,fun-rho1,objdump,5,50400,3515,34381862,695.3
1512,fun-rho1,objdump,5,51300,3520,34997316,722.41
1513,fun-rho1,objdump,5,52200,3520,35611663,506.55
1514,fun-rho1,objdump,5,53100,3522,36215255,690.43
1515,fun-rho1,objdump,5,54000,3522,36818209,681.7
1516,fun-rho1,objdump,5,54900,3522,37429992,661.96
1517,fun-rho1,objdump,5,55800,3523,38042986,688.63
1518,fun-rho1,objdump,5,56700,3523,38658497,667.33
1519,fun-rho1,objdump,5,57600,3526,39272163,680.87
1520,fun-rho1,objdump,5,58500,3527,39879804,61.23
1521,fun-rho1,objdump,5,59400,3527,40470117,650.65
1522,fun-rho1,objdump,5,60300,3527,41078674,669.31
1523,fun-rho1,objdump,5,61200,3527,41703741,687.51
1524,fun-rho1,objdump,5,62100,3527,42318457,673.99
1525,fun-rho1,objdump,5,63000,3528,42937976,704.26
1526,fun-rho1,objdump,5,63900,3528,43550073,707.16
1527,fun-rho1,objdump,5,64800,3528,44164907,693.86
1528,fun-rho1,objdump,5,65700,3529,44774979,661.71
1529,fun-rho1,objdump,5,66600,3530,45374284,601.45
1530,fun-rho1,objdump,5,67500,3531,45980365,682.38
1531,fun-rho1,objdump,5,68400,3531,46593841,678.19
1532,fun-rho1,objdump,5,69300,3531,47202961,675.72
1533,fun-rho1,objdump,5,70200,3531,47804723,653.76
1534,fun-rho1,objdump,5,71100,3532,48410330,597.76
1535,fun-rho1,objdump,5,72000,3532,49022873,673.62
1536,fun-rho1,objdump,5,72900,3532,49632306,676.32
1537,fun-rho1,objdump,5,73800,3532,50216929,673.94
1538,fun-rho1,objdump,5,74700,3533,50813609,634.43
1539,fun-rho1,objdump,5,75600,3533,51421958,687.46
1540,fun-rho1,objdump,5,76500,3537,52033625,703.48
1541,fun-rho1,objdump,5,77400,3537,52646948,709.43
1542,fun-rho1,objdump,5,78300,3537,53247554,639.02
1543,fun-rho1,objdump,5,79200,3537,53852532,651.18
1544,fun-rho1,objdump,5,80100,3537,54464314,660.23
1545,fun-rho1,objdump,5,81000,3537,55066600,697.82
1546,fun-rho1,objdump,5,81900,3537,55675245,660.82
1547,fun-rho1,objdump,5,82800,3537,56287555,673.66
1548,fun-rho1,objdump,5,83700,3537,56880593,687.01
1549,fun-rho1,objdump,5,84600,3537,57492894,683.1
1550,fun-rho1,objdump,5,85500,3537,58101900,696.02
1551,fun-rho1,objdump,5,86400,3555,58715825,691.59
1552,fun-rho1,objdump,6,0,1348,41898,684.24
1553,fun-rho1,objdump,6,900,1739,620917,689.17
1554,fun-rho1,objdump,6,1800,2217,1232390,676.73
1555,fun-rho1,objdump,6,2700,2372,1845845,693.23
1556,fun-rho1,objdump,6,3600,2503,2465860,678.47
1557,fun-rho1,objdump,6,4500,2583,3075819,679.86
1558,fun-rho1,objdump,6,5400,2639,3693610,694.0
1559,fun-rho1,objdump,6,6300,2666,4316467,724.59
1560,fun-rho1,objdump,6,7200,2697,4943890,699.01
1561,fun-rho1,objdump,6,8100,2704,5563145,710.16
1562,fun-rho1,objdump,6,9000,2732,6192796,697.89
1563,fun-rho1,objdump,6,9900,2736,6820021,665.46
1564,fun-rho1,objdump,6,10800,3137,7447201,713.65
1565,fun-rho1,objdump,6,11700,3238,8052356,653.24
1566,fun-rho1,objdump,6,12600,3295,8619652,626.96
1567,fun-rho1,objdump,6,13500,3308,9198929,658.15
1568,fun-rho1,objdump,6,14400,3314,9780974,673.18
1569,fun-rho1,objdump,6,15300,3331,10377226,644.34
1570,fun-rho1,objdump,6,16200,3334,10976414,672.81
1571,fun-rho1,objdump,6,17100,3339,11573730,679.51
1572,fun-rho1,objdump,6,18000,3344,12182191,690.35
1573,fun-rho1,objdump,6,18900,3351,12776910,648.25
1574,fun-rho1,objdump,6,19800,3372,13363151,620.32
1575,fun-rho1,objdump,6,20700,3375,13973121,650.53
1576,fun-rho1,objdump,6,21600,3397,14566777,693.73
1577,fun-rho1,objdump,6,22500,3399,15174246,687.62
1578,fun-rho1,objdump,6,23400,3405,15786937,669.67
1579,fun-rho1,objdump,6,24300,3406,16391237,688.16
1580,fun-rho1,objdump,6,25200,3408,16996262,680.41
1581,fun-rho1,objdump,6,26100,3412,17602537,600.01
1582,fun-rho1,objdump,6,27000,3412,18210110,696.73
1583,fun-rho1,objdump,6,27900,3413,18811578,698.39
1584,fun-rho1,objdump,6,28800,3414,19421620,691.95
1585,fun-rho1,objdump,6,29700,3414,20028709,676.31
1586,fun-rho1,objdump,6,30600,3428,20629467,665.93
1587,fun-rho1,objdump,6,31500,3428,21233883,664.52
1588,fun-rho1,objdump,6,32400,3429,21826292,644.2
1589,fun-rho1,objdump,6,33300,3429,22424451,672.48
1590,fun-rho1,objdump,6,34200,3430,23022382,693.96
1591,fun-rho1,objdump,6,35100,3465,23635235,682.08
1592,fun-rho1,objdump,6,36000,3480,24253993,687.37
1593,fun-rho1,objdump,6,36900,3483,24865126,652.9
1594,fun-rho1,objdump,6,37800,3483,25470074,665.67
1595,fun-rho1,objdump,6,38700,3500,26083064,699.14
1596,fun-rho1,objdump,6,39600,3516,26695074,665.41
1597,fun-rho1,objdump,6,40500,3546,27307564,712.3
1598,fun-rho1,objdump,6,41400,3566,27916008,710.61
1599,fun-rho1,objdump,6,42300,3570,28516377,646.67
1600,fun-rho1,objdump,6,43200,3605,29110681,716.12
1601,fun-rho1,objdump,6,44100,3663,29738167,662.7
1602,fun-rho1,objdump,6,45000,3667,30326149,656.48
1603,fun-rho1,objdump,6,45900,3667,30929548,659.66
1604,fun-rho1,objdump,6,46800,3667,31544975,706.81
1605,fun-rho1,objdump,6,47700,3668,32159221,670.5
1606,fun-rho1,objdump,6,48600,3669,32762211,692.65
1607,fun-rho1,objdump,6,49500,3670,33373239,572.62
1608,fun-rho1,objdump,6,50400,3678,33979563,687.8
1609,fun-rho1,objdump,6,51300,3681,34597810,647.01
1610,fun-rho1,objdump,6,52200,3682,35210964,634.65
1611,fun-rho1,objdump,6,53100,3684,35807985,673.44
1612,fun-rho1,objdump,6,54000,3684,36391742,666.11
1613,fun-rho1,objdump,6,54900,3685,36972473,672.69
1614,fun-rho1,objdump,6,55800,3686,37578992,641.6
1615,fun-rho1,objdump,6,56700,3688,38179904,649.74
1616,fun-rho1,objdump,6,57600,3690,38784442,660.35
1617,fun-rho1,objdump,6,58500,3691,39382074,649.77
1618,fun-rho1,objdump,6,59400,3693,39987063,640.18
1619,fun-rho1,objdump,6,60300,3693,40590528,659.19
1620,fun-rho1,objdump,6,61200,3693,41202557,690.48
1621,fun-rho1,objdump,6,62100,3694,41815221,656.25
1622,fun-rho1,objdump,6,63000,3698,42423667,687.82
1623,fun-rho1,objdump,6,63900,3701,43029871,686.91
1624,fun-rho1,objdump,6,64800,3701,43630807,664.84
1625,fun-rho1,objdump,6,65700,3704,44227314,653.75
1626,fun-rho1,objdump,6,66600,3704,44824425,667.18
1627,fun-rho1,objdump,6,67500,3704,45421524,698.55
1628,fun-rho1,objdump,6,68400,3708,46024030,651.44
1629,fun-rho1,objdump,6,69300,3708,46623361,644.96
1630,fun-rho1,objdump,6,70200,3708,47222783,649.13
1631,fun-rho1,objdump,6,71100,3708,47816587,687.06
1632,fun-rho1,objdump,6,72000,3708,48420181,680.05
1633,fun-rho1,objdump,6,72900,3708,49021523,697.96
1634,fun-rho1,objdump,6,73800,3708,49599637,675.64
1635,fun-rho1,objdump,6,74700,3708,50191826,657.33
1636,fun-rho1,objdump,6,75600,3708,50792034,677.27
1637,fun-rho1,objdump,6,76500,3708,51396039,691.66
1638,fun-rho1,objdump,6,77400,3709,52000197,680.48
1639,fun-rho1,objdump,6,78300,3710,52591266,643.4
1640,fun-rho1,objdump,6,79200,3710,53183447,699.72
1641,fun-rho1,objdump,6,80100,3710,53777017,665.12
1642,fun-rho1,objdump,6,81000,3710,54369504,686.59
1643,fun-rho1,objdump,6,81900,3712,54969855,667.29
1644,fun-rho1,objdump,6,82800,3715,55560371,622.09
1645,fun-rho1,objdump,6,83700,3715,56136935,667.82
1646,fun-rho1,objdump,6,84600,3716,56730062,684.27
1647,fun-rho1,objdump,6,85500,3728,57333658,635.43
1648,fun-rho1,objdump,6,86400,3728,57930988,643.6
1649,fun-rho1,objdump,7,0,1354,42783,702.05
1650,fun-rho1,objdump,7,900,1779,622945,684.31
1651,fun-rho1,objdump,7,1800,1972,1251931,706.15
1652,fun-rho1,objdump,7,2700,2108,1871270,678.07
1653,fun-rho1,objdump,7,3600,2387,2480407,714.84
1654,fun-rho1,objdump,7,4500,2487,3087927,662.64
1655,fun-rho1,objdump,7,5400,2526,3699253,675.91
1656,fun-rho1,objdump,7,6300,2976,4314157,682.24
1657,fun-rho1,objdump,7,7200,3032,4924115,700.48
1658,fun-rho1,objdump,7,8100,3075,5529519,690.89
1659,fun-rho1,objdump,7,9000,3091,6135816,716.29
1660,fun-rho1,objdump,7,9900,3118,6743686,689.55
1661,fun-rho1,objdump,7,10800,3122,7362740,700.9
1662,fun-rho1,objdump,7,11700,3140,7986803,689.15
1663,fun-rho1,objdump,7,12600,3290,8598502,701.4
1664,fun-rho1,objdump,7,13500,3373,9227664,715.14
1665,fun-rho1,objdump,7,14400,3385,9857882,681.73
1666,fun-rho1,objdump,7,15300,3388,10478548,722.36
1667,fun-rho1,objdump,7,16200,3470,11111508,679.09
1668,fun-rho1,objdump,7,17100,3470,11721882,691.5
1669,fun-rho1,objdump,7,18000,3473,12338589,708.73
1670,fun-rho1,objdump,7,18900,3473,12957055,696.93
1671,fun-rho1,objdump,7,19800,3489,13571779,687.51
1672,fun-rho1,objdump,7,20700,3489,14187506,682.24
1673,fun-rho1,objdump,7,21600,3495,14809824,723.59
1674,fun-rho1,objdump,7,22500,3498,15436357,713.49
1675,fun-rho1,objdump,7,23400,3500,16061875,683.94
1676,fun-rho1,objdump,7,24300,3525,16683543,677.69
1677,fun-rho1,objdump,7,25200,3526,17308964,713.8
1678,fun-rho1,objdump,7,26100,3535,17931010,692.44
1679,fun-rho1,objdump,7,27000,3536,18557737,699.16
1680,fun-rho1,objdump,7,27900,3538,19183986,697.65
1681,fun-rho1,objdump,7,28800,3554,19808071,727.87
1682,fun-rho1,objdump,7,29700,3559,20438768,667.31
1683,fun-rho1,objdump,7,30600,3560,21068689,692.6
1684,fun-rho1,objdump,7,31500,3568,21689696,697.72
1685,fun-rho1,objdump,7,32400,3569,22301299,709.07
1686,fun-rho1,objdump,7,33300,3571,22920186,689.35
1687,fun-rho1,objdump,7,34200,3573,23551353,739.26
1688,fun-rho1,objdump,7,35100,3582,24173081,698.58
1689,fun-rho1,objdump,7,36000,3582,24802183,650.55
1690,fun-rho1,objdump,7,36900,3582,25432845,687.91
1691,fun-rho1,objdump,7,37800,3584,26058775,683.43
1692,fun-rho1,objdump,7,38700,3584,26685417,711.99
1693,fun-rho1,objdump,7,39600,3584,27319268,690.03
1694,fun-rho1,objdump,7,40500,3595,27948401,715.54
1695,fun-rho1,objdump,7,41400,3599,28571541,704.89
1696,fun-rho1,objdump,7,42300,3599,29198032,684.22
1697,fun-rho1,objdump,7,43200,3600,29826050,716.79
1698,fun-rho1,objdump,7,44100,3600,30461727,696.04
1699,fun-rho1,objdump,7,45000,3604,31097062,720.99
1700,fun-rho1,objdump,7,45900,3606,31698241,708.03
1701,fun-rho1,objdump,7,46800,3623,32325299,717.28
1702,fun-rho1,objdump,7,47700,3624,32957299,687.39
1703,fun-rho1,objdump,7,48600,3625,33582561,693.09
1704,fun-rho1,objdump,7,49500,3627,34210248,701.9
1705,fun-rho1,objdump,7,50400,3627,34838106,698.39
1706,fun-rho1,objdump,7,51300,3627,35474045,708.66
1707,fun-rho1,objdump,7,52200,3627,36085567,718.52
1708,fun-rho1,objdump,7,53100,3627,36715532,725.06
1709,fun-rho1,objdump,7,54000,3629,37325237,703.58
1710,fun-rho1,objdump,7,54900,3629,37950780,700.53
1711,fun-rho1,objdump,7,55800,3629,38577737,703.52
1712,fun-rho1,objdump,7,56700,3629,39204762,511.56
1713,fun-rho1,objdump,7,57600,3629,39832052,715.97
1714,fun-rho1,objdump,7,58500,3631,40443640,676.95
1715,fun-rho1,objdump,7,59400,3637,41056621,706.63
1716,fun-rho1,objdump,7,60300,3638,41685559,680.62
1717,fun-rho1,objdump,7,61200,3639,42314669,696.51
1718,fun-rho1,objdump,7,62100,3639,42950419,713.79
1719,fun-rho1,objdump,7,63000,3639,43578099,683.67
1720,fun-rho1,objdump,7,63900,3641,44202480,703.3
1721,fun-rho1,objdump,7,64800,3643,44825580,683.62
1722,fun-rho1,objdump,7,65700,3643,45436662,685.11
1723,fun-rho1,objdump,7,66600,3643,46055280,690.11
1724,fun-rho1,objdump,7,67500,3648,46674049,633.05
1725,fun-rho1,objdump,7,68400,3648,47300487,700.98
1726,fun-rho1,objdump,7,69300,3648,47927029,696.87
1727,fun-rho1,objdump,7,70200,3649,48545765,702.85
1728,fun-rho1,objdump,7,71100,3649,49147513,696.45
1729,fun-rho1,objdump,7,72000,3649,49772262,717.92
1730,fun-rho1,objdump,7,72900,3649,50397877,658.42
1731,fun-rho1,objdump,7,73800,3649,50995765,696.34
1732,fun-rho1,objdump,7,74700,3649,51613272,703.06
1733,fun-rho1,objdump,7,75600,3649,52240201,701.34
1734,fun-rho1,objdump,7,76500,3649,52867830,697.66
1735,fun-rho1,objdump,7,77400,3658,53496919,689.98
1736,fun-rho1,objdump,7,78300,3669,54110837,713.51
1737,fun-rho1,objdump,7,79200,3669,54712286,727.07
1738,fun-rho1,objdump,7,80100,3671,55305849,701.04
1739,fun-rho1,objdump,7,81000,3672,55929832,693.26
1740,fun-rho1,objdump,7,81900,3672,56559761,695.28
1741,fun-rho1,objdump,7,82800,3672,57185328,693.28
1742,fun-rho1,objdump,7,83700,3672,57791992,730.68
1743,fun-rho1,objdump,7,84600,3672,58410868,686.02
1744,fun-rho1,objdump,7,85500,3681,59018104,709.85
1745,fun-rho1,objdump,7,86400,3682,59629822,727.2
1746,fun-rho1,objdump,8,0,1422,41926,678.84
1747,fun-rho1,objdump,8,900,1856,607733,668.0
1748,fun-rho1,objdump,8,1800,2256,1209413,680.81
1749,fun-rho1,objdump,8,2700,2433,1812921,657.93
1750,fun-rho1,objdump,8,3600,2536,2416720,635.15
1751,fun-rho1,objdump,8,4500,2666,3030234,685.16
1752,fun-rho1,objdump,8,5400,2729,3636767,674.32
1753,fun-rho1,objdump,8,6300,2753,4231294,652.68
1754,fun-rho1,objdump,8,7200,2763,4835352,708.68
1755,fun-rho1,objdump,8,8100,2849,5445083,673.93
1756,fun-rho1,objdump,8,9000,2917,6062672,661.54
1757,fun-rho1,objdump,8,9900,2954,6680181,680.14
1758,fun-rho1,objdump,8,10800,2958,7295484,692.89
1759,fun-rho1,objdump,8,11700,2963,7912748,661.75
1760,fun-rho1,objdump,8,12600,3318,8527753,695.98
1761,fun-rho1,objdump,8,13500,3429,9152218,702.7
1762,fun-rho1,objdump,8,14400,3449,9777013,692.9
1763,fun-rho1,objdump,8,15300,3454,10392783,685.6
1764,fun-rho1,objdump,8,16200,3466,11016079,675.38
1765,fun-rho1,objdump,8,17100,3488,11626307,677.21
1766,fun-rho1,objdump,8,18000,3489,12237324,673.08
1767,fun-rho1,objdump,8,18900,3490,12851914,62.61
1768,fun-rho1,objdump,8,19800,3491,13459082,704.62
1769,fun-rho1,objdump,8,20700,3493,14087412,686.15
1770,fun-rho1,objdump,8,21600,3493,14699166,690.21
1771,fun-rho1,objdump,8,22500,3495,15322027,704.32
1772,fun-rho1,objdump,8,23400,3572,15944756,699.7
1773,fun-rho1,objdump,8,24300,3578,16563906,669.88
1774,fun-rho1,objdump,8,25200,3584,17186165,690.07
1775,fun-rho1,objdump,8,26100,3591,17802030,681.28
1776,fun-rho1,objdump,8,27000,3604,18423582,718.23
1777,fun-rho1,objdump,8,27900,3604,19038265,695.72
1778,fun-rho1,objdump,8,28800,3604,19655584,692.88
1779,fun-rho1,objdump,8,29700,3605,20279167,676.74
1780,fun-rho1,objdump,8,30600,3606,20889347,684.76
1781,fun-rho1,objdump,8,31500,3609,21513470,724.1
1782,fun-rho1,objdump,8,32400,3613,22113256,677.06
1783,fun-rho1,objdump,8,33300,3613,22733910,706.0
1784,fun-rho1,objdump,8,34200,3631,23347612,707.63
1785,fun-rho1,objdump,8,35100,3632,23970766,694.82
1786,fun-rho1,objdump,8,36000,3632,24596464,685.57
1787,fun-rho1,objdump,8,36900,3632,25222716,679.32
1788,fun-rho1,objdump,8,37800,3632,25846837,716.99
1789,fun-rho1,objdump,8,38700,3645,26473425,712.75
1790,fun-rho1,objdump,8,39600,3645,27099035,733.26
1791,fun-rho1,objdump,8,40500,3645,27719461,683.44
1792,fun-rho1,objdump,8,41400,3648,28325320,693.53
1793,fun-rho1,objdump,8,42300,3648,28938277,665.3
1794,fun-rho1,objdump,8,43200,3648,29552959,703.68
1795,fun-rho1,objdump,8,44100,3652,30180601,694.58
1796,fun-rho1,objdump,8,45000,3659,30809690,737.77
1797,fun-rho1,objdump,8,45900,3661,31420781,722.72
1798,fun-rho1,objdump,8,46800,3664,32040749,701.42
1799,fun-rho1,objdump,8,47700,3664,32670145,701.23
1800,fun-rho1,objdump,8,48600,3667,33298833,688.99
1801,fun-rho1,objdump,8,49500,3669,33916329,739.4
1802,fun-rho1,objdump,8,50400,3670,34539055,700.17
1803,fun-rho1,objdump,8,51300,3671,35169358,689.17
1804,fun-rho1,objdump,8,52200,3675,35778572,668.05
1805,fun-rho1,objdump,8,53100,3678,36394504,687.84
1806,fun-rho1,objdump,8,54000,3692,36991152,691.67
1807,fun-rho1,objdump,8,54900,3693,37600409,686.36
1808,fun-rho1,objdump,8,55800,3693,38220093,661.23
1809,fun-rho1,objdump,8,56700,3693,38826055,675.6
1810,fun-rho1,objdump,8,57600,3693,39440863,698.36
1811,fun-rho1,objdump,8,58500,3695,40029473,686.58
1812,fun-rho1,objdump,8,59400,3702,40630773,671.84
1813,fun-rho1,objdump,8,60300,3707,41254507,668.4
1814,fun-rho1,objdump,8,61200,3709,41873531,703.31
1815,fun-rho1,objdump,8,62100,3709,42498837,682.8
1816,fun-rho1,objdump,8,63000,3709,43106903,684.18
1817,fun-rho1,objdump,8,63900,3709,43724052,678.55
1818,fun-rho1,objdump,8,64800,3712,44337769,680.81
1819,fun-rho1,objdump,8,65700,3717,44933811,658.61
1820,fun-rho1,objdump,8,66600,3721,45541031,702.27
1821,fun-rho1,objdump,8,67500,3721,46157664,673.27
1822,fun-rho1,objdump,8,68400,3821,46772518,699.06
1823,fun-rho1,objdump,8,69300,3832,47387271,676.29
1824,fun-rho1,objdump,8,70200,3833,47995566,673.79
1825,fun-rho1,objdump,8,71100,3835,48604734,677.05
1826,fun-rho1,objdump,8,72000,3835,49208714,676.66
1827,fun-rho1,objdump,8,72900,3835,49823309,692.94
1828,fun-rho1,objdump,8,73800,3835,50414755,698.68
1829,fun-rho1,objdump,8,74700,3842,51025053,679.1
1830,fun-rho1,objdump,8,75600,3842,51632162,658.44
1831,fun-rho1,objdump,8,76500,3842,52249180,679.09
1832,fun-rho1,objdump,8,77400,3842,52866295,678.64
1833,fun-rho1,objdump,8,78300,3842,53450386,659.17
1834,fun-rho1,objdump,8,79200,3842,54031694,699.36
1835,fun-rho1,objdump,8,80100,3843,54636929,696.3
1836,fun-rho1,objdump,8,81000,3843,55239754,695.51
1837,fun-rho1,objdump,8,81900,3843,55853432,697.48
1838,fun-rho1,objdump,8,82800,3846,56458381,651.19
1839,fun-rho1,objdump,8,83700,3846,57052322,642.5
1840,fun-rho1,objdump,8,84600,3909,57663321,649.05
1841,fun-rho1,objdump,8,85500,3913,58256550,666.61
1842,fun-rho1,objdump,8,86400,3913,58870359,679.01
1843,fun-rho1,objdump,9,0,1378,42997,731.16
1844,fun-rho1,objdump,9,900,1880,616713,709.28
1845,fun-rho1,objdump,9,1800,2264,1236193,696.46
1846,fun-rho1,objdump,9,2700,2455,1851449,690.22
1847,fun-rho1,objdump,9,3600,2561,2459171,674.64
1848,fun-rho1,objdump,9,4500,2624,3069023,681.25
1849,fun-rho1,objdump,9,5400,2688,3683042,497.66
1850,fun-rho1,objdump,9,6300,2727,4295555,701.4
1851,fun-rho1,objdump,9,7200,3125,4908558,700.21
1852,fun-rho1,objdump,9,8100,3192,5528264,710.59
1853,fun-rho1,objdump,9,9000,3201,6148491,687.7
1854,fun-rho1,objdump,9,9900,3265,6765674,677.92
1855,fun-rho1,objdump,9,10800,3275,7385775,690.75
1856,fun-rho1,objdump,9,11700,3431,8000235,710.27
1857,fun-rho1,objdump,9,12600,3446,8614606,697.66
1858,fun-rho1,objdump,9,13500,3457,9239916,706.24
1859,fun-rho1,objdump,9,14400,3459,9864165,691.99
1860,fun-rho1,objdump,9,15300,3462,10491538,675.26
1861,fun-rho1,objdump,9,16200,3468,11113148,723.47
1862,fun-rho1,objdump,9,17100,3480,11723452,695.26
1863,fun-rho1,objdump,9,18000,3485,12338586,678.8
1864,fun-rho1,objdump,9,18900,3490,12959232,685.01
1865,fun-rho1,objdump,9,19800,3502,13562079,683.99
1866,fun-rho1,objdump,9,20700,3517,14180891,698.09
1867,fun-rho1,objdump,9,21600,3518,14801718,709.21
1868,fun-rho1,objdump,9,22500,3522,15427643,696.02
1869,fun-rho1,objdump,9,23400,3528,16050567,708.55
1870,fun-rho1,objdump,9,24300,3538,16667527,676.76
1871,fun-rho1,objdump,9,25200,3541,17291427,667.61
1872,fun-rho1,objdump,9,26100,3541,17912626,699.03
1873,fun-rho1,objdump,9,27000,3541,18531219,686.82
1874,fun-rho1,objdump,9,27900,3542,19151712,691.92
1875,fun-rho1,objdump,9,28800,3555,19764605,689.1
1876,fun-rho1,objdump,9,29700,3556,20390534,680.41
1877,fun-rho1,objdump,9,30600,3578,21007720,699.03
1878,fun-rho1,objdump,9,31500,3578,21632797,701.84
1879,fun-rho1,objdump,9,32400,3580,22212593,665.61
1880,fun-rho1,objdump,9,33300,3582,22829298,705.82
1881,fun-rho1,objdump,9,34200,3588,23448306,724.94
1882,fun-rho1,objdump,9,35100,3592,24071220,709.91
1883,fun-rho1,objdump,9,36000,3592,24698536,693.04
1884,fun-rho1,objdump,9,36900,3594,25323806,690.75
1885,fun-rho1,objdump,9,37800,3595,25945414,718.24
1886,fun-rho1,objdump,9,38700,3595,26565906,681.63
1887,fun-rho1,objdump,9,39600,3597,27191278,707.78
1888,fun-rho1,objdump,9,40500,3598,27812603,708.8
1889,fun-rho1,objdump,9,41400,3605,28436749,692.52
1890,fun-rho1,objdump,9,42300,3606,29051405,708.09
1891,fun-rho1,objdump,9,43200,3606,29672292,697.46
1892,fun-rho1,objdump,9,44100,3606,30283642,62.88
1893,fun-rho1,objdump,9,45000,3638,30905529,697.83
1894,fun-rho1,objdump,9,45900,3660,31514772,69.17
1895,fun-rho1,objdump,9,46800,3664,32133657,718.91
1896,fun-rho1,objdump,9,47700,3676,32759898,686.16
1897,fun-rho1,objdump,9,48600,3676,33373835,712.08
1898,fun-rho1,objdump,9,49500,3683,33983957,687.82
1899,fun-rho1,objdump,9,50400,3683,34611298,693.5
1900,fun-rho1,objdump,9,51300,3691,35237622,688.09
1901,fun-rho1,objdump,9,52200,3695,35845779,709.53
1902,fun-rho1,objdump,9,53100,3695,36473760,698.57
1903,fun-rho1,objdump,9,54000,3700,37086436,690.86
1904,fun-rho1,objdump,9,54900,3700,37701686,681.32
1905,fun-rho1,objdump,9,55800,3702,38330734,714.11
1906,fun-rho1,objdump,9,56700,3703,38944716,694.69
1907,fun-rho1,objdump,9,57600,3703,39566728,700.48
1908,fun-rho1,objdump,9,58500,3703,40177776,673.79
1909,fun-rho1,objdump,9,59400,3703,40800060,703.71
1910,fun-rho1,objdump,9,60300,3703,41419107,693.81
1911,fun-rho1,objdump,9,61200,3703,42037846,708.69
1912,fun-rho1,objdump,9,62100,3703,42662967,703.81
1913,fun-rho1,objdump,9,63000,3714,43231849,699.5
1914,fun-rho1,objdump,9,63900,3719,43803315,693.8
1915,fun-rho1,objdump,9,64800,3722,44421761,699.43
1916,fun-rho1,objdump,9,65700,3725,45043294,692.68
1917,fun-rho1,objdump,9,66600,3726,45657773,677.11
1918,fun-rho1,objdump,9,67500,3727,46281329,688.22
1919,fun-rho1,objdump,9,68400,3730,46895509,700.12
1920,fun-rho1,objdump,9,69300,3748,47512189,665.47
1921,fun-rho1,objdump,9,70200,3748,48134181,687.44
1922,fun-rho1,objdump,9,71100,3748,48748488,706.86
1923,fun-rho1,objdump,9,72000,3748,49373247,712.48
1924,fun-rho1,objdump,9,72900,3748,49988392,705.52
1925,fun-rho1,objdump,9,73800,3748,50579546,707.91
1926,fun-rho1,objdump,9,74700,3758,51196837,717.63
1927,fun-rho1,objdump,9,75600,3758,51823424,707.98
1928,fun-rho1,objdump,9,76500,3758,52446790,706.38
1929,fun-rho1,objdump,9,77400,3759,53066846,684.26
1930,fun-rho1,objdump,9,78300,3762,53676420,688.7
1931,fun-rho1,objdump,9,79200,3764,54283455,695.62
1932,fun-rho1,objdump,9,80100,3764,54897831,671.57
1933,fun-rho1,objdump,9,81000,3771,55521058,713.6
1934,fun-rho1,objdump,9,81900,3771,56143468,721.12
1935,fun-rho1,objdump,9,82800,3775,56758276,701.45
1936,fun-rho1,objdump,9,83700,3775,57352833,682.61
1937,fun-rho1,objdump,9,84600,3775,57974746,689.62
1938,fun-rho1,objdump,9,85500,3775,58590330,688.92
1939,fun-rho1,objdump,9,86400,3777,59198568,710.22
1940,fun-rho2,objdump,1,0,1345,53867,897.27
1941,fun-rho2,objdump,1,900,1805,667639,757.76
1942,fun-rho2,objdump,1,1800,2484,1296334,690.62
1943,fun-rho2,objdump,1,2700,2683,1931382,717.4
1944,fun-rho2,objdump,1,3600,2808,2551541,676.42
1945,fun-rho2,objdump,1,4500,2872,3174853,752.91
1946,fun-rho2,objdump,1,5400,2991,3807864,687.25
1947,fun-rho2,objdump,1,6300,3040,4439091,722.53
1948,fun-rho2,objdump,1,7200,3079,5052577,688.95
1949,fun-rho2,objdump,1,8100,3108,5690096,705.58
1950,fun-rho2,objdump,1,9000,3123,6316567,691.5
1951,fun-rho2,objdump,1,9900,3143,6944263,764.55
1952,fun-rho2,objdump,1,10800,3175,7568308,580.99
1953,fun-rho2,objdump,1,11700,3184,8192561,732.87
1954,fun-rho2,objdump,1,12600,3330,8830347,744.6
1955,fun-rho2,objdump,1,13500,3335,9478345,732.81
1956,fun-rho2,objdump,1,14400,3407,10106128,595.94
1957,fun-rho2,objdump,1,15300,3422,10739819,738.53
1958,fun-rho2,objdump,1,16200,3426,11385429,714.86
1959,fun-rho2,objdump,1,17100,3429,12022787,779.22
1960,fun-rho2,objdump,1,18000,3432,12656967,745.6
1961,fun-rho2,objdump,1,18900,3433,13293921,688.67
1962,fun-rho2,objdump,1,19800,3439,13934072,708.42
1963,fun-rho2,objdump,1,20700,3455,14556953,712.04
1964,fun-rho2,objdump,1,21600,3455,15184764,752.45
1965,fun-rho2,objdump,1,22500,3460,15809735,744.52
1966,fun-rho2,objdump,1,23400,3460,16446158,722.28
1967,fun-rho2,objdump,1,24300,3460,17085823,689.88
1968,fun-rho2,objdump,1,25200,3605,17737467,711.06
1969,fun-rho2,objdump,1,26100,3689,18378473,718.72
1970,fun-rho2,objdump,1,27000,3698,19025403,736.34
1971,fun-rho2,objdump,1,27900,3700,19672467,719.17
1972,fun-rho2,objdump,1,28800,3700,20296897,717.99
1973,fun-rho2,objdump,1,29700,3701,20940173,727.63
1974,fun-rho2,objdump,1,30600,3701,21582272,687.69
1975,fun-rho2,objdump,1,31500,3705,22223981,707.6
1976,fun-rho2,objdump,1,32400,3705,22862820,716.84
1977,fun-rho2,objdump,1,33300,3705,23504715,737.63
1978,fun-rho2,objdump,1,34200,3706,24146420,724.46
1979,fun-rho2,objdump,1,35100,3720,24780553,733.47
1980,fun-rho2,objdump,1,36000,3740,25427268,725.01
1981,fun-rho2,objdump,1,36900,3762,26062806,718.54
1982,fun-rho2,objdump,1,37800,3775,26697151,685.97
1983,fun-rho2,objdump,1,38700,3790,27308243,621.35
1984,fun-rho2,objdump,1,39600,3797,27953234,713.66
1985,fun-rho2,objdump,1,40500,3823,28605612,740.84
1986,fun-rho2,objdump,1,41400,3825,29246350,697.39
1987,fun-rho2,objdump,1,42300,3835,29717814,716.05
1988,fun-rho2,objdump,1,43200,3845,30364393,740.44
1989,fun-rho2,objdump,1,44100,3850,30973452,738.8
1990,fun-rho2,objdump,1,45000,3851,31620905,714.18
1991,fun-rho2,objdump,1,45900,3851,32258817,740.0
1992,fun-rho2,objdump,1,46800,3855,32885146,626.04
1993,fun-rho2,objdump,1,47700,3855,33520224,728.64
1994,fun-rho2,objdump,1,48600,3855,34156054,744.92
1995,fun-rho2,objdump,1,49500,3858,34801929,704.03
1996,fun-rho2,objdump,1,50400,3858,35442593,708.79
1997,fun-rho2,objdump,1,51300,3868,36089364,678.38
1998,fun-rho2,objdump,1,52200,3887,36732266,657.9
1999,fun-rho2,objdump,1,53100,3887,37359474,697.52
2000,fun-rho2,objdump,1,54000,3891,37984181,730.78
2001,fun-rho2,objdump,1,54900,3900,38624593,706.58
2002,fun-rho2,objdump,1,55800,3903,39267060,737.69
2003,fun-rho2,objdump,1,56700,3903,39915357,731.08
2004,fun-rho2,objdump,1,57600,3903,40563405,726.7
2005,fun-rho2,objdump,1,58500,3903,41202886,709.27
2006,fun-rho2,objdump,1,59400,3903,41844323,714.99
2007,fun-rho2,objdump,1,60300,3906,42470851,736.04
2008,fun-rho2,objdump,1,61200,3907,43112525,698.54
2009,fun-rho2,objdump,1,62100,3907,43759562,710.47
2010,fun-rho2,objdump,1,63000,3913,44405202,734.96
2011,fun-rho2,objdump,1,63900,3913,45045164,718.47
2012,fun-rho2,objdump,1,64800,3915,45694024,732.75
2013,fun-rho2,objdump,1,65700,3918,46341413,708.58
2014,fun-rho2,objdump,1,66600,3922,46984374,708.35
2015,fun-rho2,objdump,1,67500,3924,47631606,705.62
2016,fun-rho2,objdump,1,68400,3925,48264155,745.73
2017,fun-rho2,objdump,1,69300,3927,48889942,700.34
2018,fun-rho2,objdump,1,70200,3929,49531768,727.27
2019,fun-rho2,objdump,1,71100,3929,50170175,766.77
2020,fun-rho2,objdump,1,72000,3929,50820456,720.85
2021,fun-rho2,objdump,1,72900,3931,51468832,723.14
2022,fun-rho2,objdump,1,73800,3969,52116512,741.45
2023,fun-rho2,objdump,1,74700,3969,52752412,705.62
2024,fun-rho2,objdump,1,75600,3969,53399523,693.08
2025,fun-rho2,objdump,1,76500,3976,54024663,711.26
2026,fun-rho2,objdump,1,77400,3977,54658016,701.22
2027,fun-rho2,objdump,1,78300,3979,55301575,752.62
2028,fun-rho2,objdump,1,79200,3980,55922554,627.34
2029,fun-rho2,objdump,1,80100,3994,56542018,681.65
2030,fun-rho2,objdump,1,81000,3995,57175893,766.75
2031,fun-rho2,objdump,1,81900,3997,57815465,678.21
2032,fun-rho2,objdump,1,82800,3998,58453463,731.75
2033,fun-rho2,objdump,1,83700,3999,59091224,745.28
2034,fun-rho2,objdump,1,84600,4001,59718639,724.87
2035,fun-rho2,objdump,1,85500,4002,60340574,745.57
2036,fun-rho2,objdump,1,86400,4002,60978271,0.0
2037,fun-rho2,objdump,10,0,1355,43128,723.62
2038,fun-rho2,objdump,10,900,1937,624161,707.08
2039,fun-rho2,objdump,10,1800,2235,1257319,696.92
2040,fun-rho2,objdump,10,2700,2483,1874195,732.32
2041,fun-rho2,objdump,10,3600,2609,2484770,669.71
2042,fun-rho2,objdump,10,4500,2787,3116371,712.67
2043,fun-rho2,objdump,10,5400,2845,3741905,668.12
2044,fun-rho2,objdump,10,6300,2894,4368417,591.05
2045,fun-rho2,objdump,10,7200,2920,4997356,713.11
2046,fun-rho2,objdump,10,8100,2921,5641610,711.71
2047,fun-rho2,objdump,10,9000,2924,6255617,704.47
2048,fun-rho2,objdump,10,9900,3349,6867848,708.75
2049,fun-rho2,objdump,10,10800,3383,7492831,586.8
2050,fun-rho2,objdump,10,11700,3388,8122712,695.36
2051,fun-rho2,objdump,10,12600,3432,8739647,733.59
2052,fun-rho2,objdump,10,13500,3487,9353784,714.64
2053,fun-rho2,objdump,10,14400,3493,9984418,772.22
2054,fun-rho2,objdump,10,15300,3502,10603226,680.25
2055,fun-rho2,objdump,10,16200,3502,11238988,714.26
2056,fun-rho2,objdump,10,17100,3545,11881415,720.95
2057,fun-rho2,objdump,10,18000,3556,12516624,728.81
2058,fun-rho2,objdump,10,18900,3559,13139694,776.39
2059,fun-rho2,objdump,10,19800,3582,13763190,758.93
2060,fun-rho2,objdump,10,20700,3584,14399539,716.7
2061,fun-rho2,objdump,10,21600,3585,15012761,699.11
2062,fun-rho2,objdump,10,22500,3590,15645014,732.33
2063,fun-rho2,objdump,10,23400,3595,16262752,619.34
2064,fun-rho2,objdump,10,24300,3598,16880764,690.42
2065,fun-rho2,objdump,10,25200,3599,17513471,677.38
2066,fun-rho2,objdump,10,26100,3600,18143439,684.22
2067,fun-rho2,objdump,10,27000,3609,18760613,705.63
2068,fun-rho2,objdump,10,27900,3610,19380884,697.71
2069,fun-rho2,objdump,10,28800,3610,20000901,759.58
2070,fun-rho2,objdump,10,29700,3615,20626156,702.04
2071,fun-rho2,objdump,10,30600,3618,21254169,681.67
2072,fun-rho2,objdump,10,31500,3619,21860991,654.19
2073,fun-rho2,objdump,10,32400,3620,22486207,731.52
2074,fun-rho2,objdump,10,33300,3631,23112714,730.07
2075,fun-rho2,objdump,10,34200,3631,23751022,692.61
2076,fun-rho2,objdump,10,35100,3631,24402541,724.6
2077,fun-rho2,objdump,10,36000,3634,25033418,720.11
2078,fun-rho2,objdump,10,36900,3634,25638968,670.64
2079,fun-rho2,objdump,10,37800,3634,26278757,714.48
2080,fun-rho2,objdump,10,38700,3635,26918554,710.46
2081,fun-rho2,objdump,10,39600,3649,27542438,747.97
2082,fun-rho2,objdump,10,40500,3650,28184607,734.93
2083,fun-rho2,objdump,10,41400,3655,28834137,758.8
2084,fun-rho2,objdump,10,42300,3655,29452844,744.52
2085,fun-rho2,objdump,10,43200,3659,30098868,711.32
2086,fun-rho2,objdump,10,44100,3660,30715710,740.71
2087,fun-rho2,objdump,10,45000,3685,31345630,754.42
2088,fun-rho2,objdump,10,45900,3686,31957401,62.58
2089,fun-rho2,objdump,10,46800,3688,32579076,705.55
2090,fun-rho2,objdump,10,47700,3689,33217477,703.4
2091,fun-rho2,objdump,10,48600,3690,33834675,722.48
2092,fun-rho2,objdump,10,49500,3691,34446047,709.85
2093,fun-rho2,objdump,10,50400,3693,35065201,685.54
2094,fun-rho2,objdump,10,51300,3693,35696474,647.42
2095,fun-rho2,objdump,10,52200,3699,36324626,739.99
2096,fun-rho2,objdump,10,53100,3800,36971695,719.57
2097,fun-rho2,objdump,10,54000,3820,37601688,697.7
2098,fun-rho2,objdump,10,54900,3822,38248505,732.48
2099,fun-rho2,objdump,10,55800,3825,38891635,730.01
2100,fun-rho2,objdump,10,56700,3826,39532101,714.97
2101,fun-rho2,objdump,10,57600,3830,40168279,739.05
2102,fun-rho2,objdump,10,58500,3830,40813809,711.62
2103,fun-rho2,objdump,10,59400,3830,41456491,63.06
2104,fun-rho2,objdump,10,60300,3830,42105580,738.34
2105,fun-rho2,objdump,10,61200,3831,42725652,745.58
2106,fun-rho2,objdump,10,62100,3831,43367555,744.64
2107,fun-rho2,objdump,10,63000,3832,43996837,710.62
2108,fun-rho2,objdump,10,63900,3834,44623701,746.89
2109,fun-rho2,objdump,10,64800,3835,45272228,701.89
2110,fun-rho2,objdump,10,65700,3836,45917834,739.82
2111,fun-rho2,objdump,10,66600,3836,46567487,747.95
2112,fun-rho2,objdump,10,67500,3842,47212763,702.25
2113,fun-rho2,objdump,10,68400,3843,47856754,696.94
2114,fun-rho2,objdump,10,69300,3843,48508631,727.62
2115,fun-rho2,objdump,10,70200,3843,49144709,710.26
2116,fun-rho2,objdump,10,71100,3843,49792911,673.16
2117,fun-rho2,objdump,10,72000,3843,50436549,734.95
2118,fun-rho2,objdump,10,72900,3843,51091063,728.18
2119,fun-rho2,objdump,10,73800,3844,51721973,728.94
2120,fun-rho2,objdump,10,74700,3846,52358404,755.26
2121,fun-rho2,objdump,10,75600,3849,52991910,735.05
2122,fun-rho2,objdump,10,76500,3853,53638038,678.76
2123,fun-rho2,objdump,10,77400,3853,54266664,711.1
2124,fun-rho2,objdump,10,78300,3853,54913361,735.73
2125,fun-rho2,objdump,10,79200,3853,55561646,731.78
2126,fun-rho2,objdump,10,80100,3853,56177666,744.14
2127,fun-rho2,objdump,10,81000,3853,56809334,578.11
2128,fun-rho2,objdump,10,81900,3855,57442931,703.76
2129,fun-rho2,objdump,10,82800,3855,58094382,727.7
2130,fun-rho2,objdump,10,83700,3900,58746323,748.29
2131,fun-rho2,objdump,10,84600,3920,59394771,67.94
2132,fun-rho2,objdump,10,85500,3924,60007976,732.67
2133,fun-rho2,objdump,10,86400,3924,60635075,698.8
2134,fun-rho2,objdump,2,0,1375,43709,746.03
2135,fun-rho2,objdump,2,900,1909,631912,721.5
2136,fun-rho2,objdump,2,1800,2231,1277354,731.94
2137,fun-rho2,objdump,2,2700,2531,1909282,779.36
2138,fun-rho2,objdump,2,3600,2794,2529206,730.08
2139,fun-rho2,objdump,2,4500,2871,3168523,741.97
2140,fun-rho2,objdump,2,5400,2929,3799589,701.23
2141,fun-rho2,objdump,2,6300,2981,4433917,723.98
2142,fun-rho2,objdump,2,7200,3036,5067403,724.28
2143,fun-rho2,objdump,2,8100,3047,5707725,730.02
2144,fun-rho2,objdump,2,9000,3102,6353533,750.64
2145,fun-rho2,objdump,2,9900,3162,7003274,732.66
2146,fun-rho2,objdump,2,10800,3181,7630690,699.87
2147,fun-rho2,objdump,2,11700,3193,8257647,757.47
2148,fun-rho2,objdump,2,12600,3199,8889690,637.31
2149,fun-rho2,objdump,2,13500,3201,9521042,737.67
2150,fun-rho2,objdump,2,14400,3204,10136263,740.34
2151,fun-rho2,objdump,2,15300,3206,10765986,716.84
2152,fun-rho2,objdump,2,16200,3207,11398895,697.05
2153,fun-rho2,objdump,2,17100,3207,12038675,705.7
2154,fun-rho2,objdump,2,18000,3209,12672864,722.64
2155,fun-rho2,objdump,2,18900,3216,13295828,725.62
2156,fun-rho2,objdump,2,19800,3217,13917605,725.11
2157,fun-rho2,objdump,2,20700,3227,14547685,754.19
2158,fun-rho2,objdump,2,21600,3380,15160008,581.13
2159,fun-rho2,objdump,2,22500,3407,15739925,655.12
2160,fun-rho2,objdump,2,23400,3443,16359924,745.19
2161,fun-rho2,objdump,2,24300,3447,16982304,739.41
2162,fun-rho2,objdump,2,25200,3448,17616867,738.14
2163,fun-rho2,objdump,2,26100,3448,18245912,689.14
2164,fun-rho2,objdump,2,27000,3453,18869884,739.26
2165,fun-rho2,objdump,2,27900,3455,19498479,704.83
2166,fun-rho2,objdump,2,28800,3460,20141972,694.84
2167,fun-rho2,objdump,2,29700,3461,20776595,695.05
2168,fun-rho2,objdump,2,30600,3463,21393367,762.21
2169,fun-rho2,objdump,2,31500,3470,22012970,721.59
2170,fun-rho2,objdump,2,32400,3473,22655454,739.51
2171,fun-rho2,objdump,2,33300,3474,23294695,713.61
2172,fun-rho2,objdump,2,34200,3482,23926795,736.46
2173,fun-rho2,objdump,2,35100,3484,24561701,718.6
2174,fun-rho2,objdump,2,36000,3485,25192248,730.55
2175,fun-rho2,objdump,2,36900,3494,25817056,705.92
2176,fun-rho2,objdump,2,37800,3494,26446256,768.97
2177,fun-rho2,objdump,2,38700,3503,27079283,695.98
2178,fun-rho2,objdump,2,39600,3504,27710955,689.02
2179,fun-rho2,objdump,2,40500,3506,28309192,727.26
2180,fun-rho2,objdump,2,41400,3506,28945533,740.25
2181,fun-rho2,objdump,2,42300,3508,29567345,724.17
2182,fun-rho2,objdump,2,43200,3530,30206397,744.74
2183,fun-rho2,objdump,2,44100,3534,30843312,738.01
2184,fun-rho2,objdump,2,45000,3536,31472686,689.86
2185,fun-rho2,objdump,2,45900,3536,32103105,713.54
2186,fun-rho2,objdump,2,46800,3536,32720988,701.06
2187,fun-rho2,objdump,2,47700,3536,33361320,651.72
2188,fun-rho2,objdump,2,48600,3542,33996095,606.15
2189,fun-rho2,objdump,2,49500,3551,34625368,720.38
2190,fun-rho2,objdump,2,50400,3552,35253180,701.43
2191,fun-rho2,objdump,2,51300,3552,35884418,703.83
2192,fun-rho2,objdump,2,52200,3565,36519796,721.03
2193,fun-rho2,objdump,2,53100,3566,37158614,732.73
2194,fun-rho2,objdump,2,54000,3567,37808087,732.24
2195,fun-rho2,objdump,2,54900,3567,38453211,700.56
2196,fun-rho2,objdump,2,55800,3567,39103951,709.23
2197,fun-rho2,objdump,2,56700,3567,39751000,738.18
2198,fun-rho2,objdump,2,57600,3568,40393527,709.05
2199,fun-rho2,objdump,2,58500,3568,41045595,710.52
2200,fun-rho2,objdump,2,59400,3568,41687592,696.05
2201,fun-rho2,objdump,2,60300,3568,42338908,615.31
2202,fun-rho2,objdump,2,61200,3571,42944650,718.0
2203,fun-rho2,objdump,2,62100,3572,43590351,731.39
2204,fun-rho2,objdump,2,63000,3573,44222613,681.97
2205,fun-rho2,objdump,2,63900,3576,44860376,682.9
2206,fun-rho2,objdump,2,64800,3577,45502967,756.02
2207,fun-rho2,objdump,2,65700,3578,46142983,724.35
2208,fun-rho2,objdump,2,66600,3579,46788074,750.99
2209,fun-rho2,objdump,2,67500,3583,47429650,729.87
2210,fun-rho2,objdump,2,68400,3583,48070817,721.12
2211,fun-rho2,objdump,2,69300,3689,48712192,694.29
2212,fun-rho2,objdump,2,70200,3690,49349104,719.71
2213,fun-rho2,objdump,2,71100,3693,49976993,685.62
2214,fun-rho2,objdump,2,72000,3696,50595241,658.31
2215,fun-rho2,objdump,2,72900,3697,51219720,565.85
2216,fun-rho2,objdump,2,73800,3698,51834008,730.24
2217,fun-rho2,objdump,2,74700,3698,52454677,686.45
2218,fun-rho2,objdump,2,75600,3698,53072603,696.93
2219,fun-rho2,objdump,2,76500,3698,53700893,621.68
2220,fun-rho2,objdump,2,77400,3698,54311144,639.94
2221,fun-rho2,objdump,2,78300,3698,54934003,617.4
2222,fun-rho2,objdump,2,79200,3699,55555665,678.6
2223,fun-rho2,objdump,2,80100,3701,56167416,710.54
2224,fun-rho2,objdump,2,81000,3701,56781635,704.22
2225,fun-rho2,objdump,2,81900,3701,57407991,737.16
2226,fun-rho2,objdump,2,82800,3863,58033232,709.59
2227,fun-rho2,objdump,2,83700,3894,58657965,699.16
2228,fun-rho2,objdump,2,84600,3894,59286775,677.42
2229,fun-rho2,objdump,2,85500,3894,59893572,701.84
2230,fun-rho2,objdump,2,86400,3894,60503350,716.75
2231,fun-rho2,objdump,3,0,1351,47023,767.8
2232,fun-rho2,objdump,3,900,1926,654807,691.49
2233,fun-rho2,objdump,3,1800,2126,1303238,530.54
2234,fun-rho2,objdump,3,2700,2699,1951534,745.89
2235,fun-rho2,objdump,3,3600,2890,2592208,744.95
2236,fun-rho2,objdump,3,4500,3002,3227177,762.94
2237,fun-rho2,objdump,3,5400,3085,3865869,692.23
2238,fun-rho2,objdump,3,6300,3137,4506943,689.75
2239,fun-rho2,objdump,3,7200,3188,5136147,727.31
2240,fun-rho2,objdump,3,8100,3199,5782306,726.94
2241,fun-rho2,objdump,3,9000,3202,6422766,712.32
2242,fun-rho2,objdump,3,9900,3235,7059637,756.95
2243,fun-rho2,objdump,3,10800,3241,7694810,789.23
2244,fun-rho2,objdump,3,11700,3253,8325171,736.42
2245,fun-rho2,objdump,3,12600,3259,8971649,696.95
2246,fun-rho2,objdump,3,13500,3270,9618740,792.56
2247,fun-rho2,objdump,3,14400,3273,10257117,724.73
2248,fun-rho2,objdump,3,15300,3275,10898409,758.61
2249,fun-rho2,objdump,3,16200,3279,11539486,725.05
2250,fun-rho2,objdump,3,17100,3280,12189192,734.58
2251,fun-rho2,objdump,3,18000,3292,12818909,728.72
2252,fun-rho2,objdump,3,18900,3295,13455393,728.24
2253,fun-rho2,objdump,3,19800,3307,14102190,756.95
2254,fun-rho2,objdump,3,20700,3325,14728280,723.28
2255,fun-rho2,objdump,3,21600,3325,15373493,656.48
2256,fun-rho2,objdump,3,22500,3325,16018989,719.15
2257,fun-rho2,objdump,3,23400,3333,16663258,737.67
2258,fun-rho2,objdump,3,24300,3333,17310831,720.15
2259,fun-rho2,objdump,3,25200,3481,17959490,728.65
2260,fun-rho2,objdump,3,26100,3498,18594687,732.03
2261,fun-rho2,objdump,3,27000,3499,19247697,726.42
2262,fun-rho2,objdump,3,27900,3503,19901268,742.6
2263,fun-rho2,objdump,3,28800,3504,20538954,748.49
2264,fun-rho2,objdump,3,29700,3505,21194026,721.67
2265,fun-rho2,objdump,3,30600,3507,21840400,734.66
2266,fun-rho2,objdump,3,31500,3511,22490432,734.44
2267,fun-rho2,objdump,3,32400,3512,23136913,743.53
2268,fun-rho2,objdump,3,33300,3518,23789713,729.73
2269,fun-rho2,objdump,3,34200,3522,24428352,749.81
2270,fun-rho2,objdump,3,35100,3524,25080946,723.93
2271,fun-rho2,objdump,3,36000,3590,25728703,720.6
2272,fun-rho2,objdump,3,36900,3590,26374662,727.91
2273,fun-rho2,objdump,3,37800,3592,27017914,723.7
2274,fun-rho2,objdump,3,38700,3593,27652737,732.94
2275,fun-rho2,objdump,3,39600,3596,28301920,704.05
2276,fun-rho2,objdump,3,40500,3598,28944929,721.43
2277,fun-rho2,objdump,3,41400,3602,29586035,719.41
2278,fun-rho2,objdump,3,42300,3609,30233823,709.94
2279,fun-rho2,objdump,3,43200,3628,30882547,731.05
2280,fun-rho2,objdump,3,44100,3635,31533043,712.46
2281,fun-rho2,objdump,3,45000,3654,32186643,723.12
2282,fun-rho2,objdump,3,45900,3655,32837677,728.5
2283,fun-rho2,objdump,3,46800,3656,33468306,738.58
2284,fun-rho2,objdump,3,47700,3656,34109794,737.86
2285,fun-rho2,objdump,3,48600,3656,34753193,731.28
2286,fun-rho2,objdump,3,49500,3656,35403953,715.27
2287,fun-rho2,objdump,3,50400,3656,36055949,720.88
2288,fun-rho2,objdump,3,51300,3656,36712511,716.83
2289,fun-rho2,objdump,3,52200,3702,37353530,751.65
2290,fun-rho2,objdump,3,53100,3702,38003803,741.04
2291,fun-rho2,objdump,3,54000,3702,38643089,721.88
2292,fun-rho2,objdump,3,54900,3702,39276358,759.79
2293,fun-rho2,objdump,3,55800,3702,39922624,723.24
2294,fun-rho2,objdump,3,56700,3704,40572398,728.63
2295,fun-rho2,objdump,3,57600,3704,41220147,740.98
2296,fun-rho2,objdump,3,58500,3706,41866730,700.5
2297,fun-rho2,objdump,3,59400,3706,42513173,730.35
2298,fun-rho2,objdump,3,60300,3706,43153416,63.15
2299,fun-rho2,objdump,3,61200,3707,43797014,722.99
2300,fun-rho2,objdump,3,62100,3707,44447841,716.47
2301,fun-rho2,objdump,3,63000,3707,45093801,709.77
2302,fun-rho2,objdump,3,63900,3707,45713263,717.07
2303,fun-rho2,objdump,3,64800,3708,46356941,740.17
2304,fun-rho2,objdump,3,65700,3708,47008177,742.82
2305,fun-rho2,objdump,3,66600,3710,47654845,721.5
2306,fun-rho2,objdump,3,67500,3711,48303282,713.21
2307,fun-rho2,objdump,3,68400,3711,48921522,719.31
2308,fun-rho2,objdump,3,69300,3711,49552484,709.71
2309,fun-rho2,objdump,3,70200,3711,50193171,734.76
2310,fun-rho2,objdump,3,71100,3711,50833520,739.02
2311,fun-rho2,objdump,3,72000,3711,51464643,707.02
2312,fun-rho2,objdump,3,72900,3712,52117339,730.37
2313,fun-rho2,objdump,3,73800,3712,52770275,730.41
2314,fun-rho2,objdump,3,74700,3712,53380821,725.77
2315,fun-rho2,objdump,3,75600,3712,54016772,698.12
2316,fun-rho2,objdump,3,76500,3712,54648882,719.53
2317,fun-rho2,objdump,3,77400,3712,55272602,710.66
2318,fun-rho2,objdump,3,78300,3716,55893772,711.34
2319,fun-rho2,objdump,3,79200,3725,56471459,718.72
2320,fun-rho2,objdump,3,80100,3725,57111533,63.64
2321,fun-rho2,objdump,3,81000,3725,57737769,752.05
2322,fun-rho2,objdump,3,81900,3725,58375446,714.7
2323,fun-rho2,objdump,3,82800,3725,59016306,63.49
2324,fun-rho2,objdump,3,83700,3728,59655973,722.92
2325,fun-rho2,objdump,3,84600,3728,60297665,691.72
2326,fun-rho2,objdump,3,85500,3728,60924319,756.79
2327,fun-rho2,objdump,3,86400,3728,61570056,0.0
2328,fun-rho2,objdump,4,0,1348,45083,753.22
2329,fun-rho2,objdump,4,900,1736,652613,632.32
2330,fun-rho2,objdump,4,1800,2012,1290270,755.24
2331,fun-rho2,objdump,4,2700,2237,1926894,713.4
2332,fun-rho2,objdump,4,3600,2319,2558403,693.07
2333,fun-rho2,objdump,4,4500,2349,3177305,737.87
2334,fun-rho2,objdump,4,5400,2453,3833231,742.79
2335,fun-rho2,objdump,4,6300,2490,4470744,710.62
2336,fun-rho2,objdump,4,7200,2497,5124535,598.26
2337,fun-rho2,objdump,4,8100,2543,5783529,716.72
2338,fun-rho2,objdump,4,9000,2561,6433993,735.25
2339,fun-rho2,objdump,4,9900,2568,7082822,729.89
2340,fun-rho2,objdump,4,10800,2574,7724024,737.88
2341,fun-rho2,objdump,4,11700,2583,8373332,732.63
2342,fun-rho2,objdump,4,12600,2611,9005351,718.49
2343,fun-rho2,objdump,4,13500,2616,9636021,730.5
2344,fun-rho2,objdump,4,14400,2629,10257799,730.71
2345,fun-rho2,objdump,4,15300,2637,10888607,721.11
2346,fun-rho2,objdump,4,16200,2641,11543241,61.46
2347,fun-rho2,objdump,4,17100,3092,12171160,766.76
2348,fun-rho2,objdump,4,18000,3115,12809778,733.78
2349,fun-rho2,objdump,4,18900,3119,13456528,640.65
2350,fun-rho2,objdump,4,19800,3152,14094485,761.18
2351,fun-rho2,objdump,4,20700,3161,14730477,681.37
2352,fun-rho2,objdump,4,21600,3165,15384651,734.62
2353,fun-rho2,objdump,4,22500,3170,15997869,724.71
2354,fun-rho2,objdump,4,23400,3317,16638115,621.25
2355,fun-rho2,objdump,4,24300,3327,17276224,745.22
2356,fun-rho2,objdump,4,25200,3328,17904630,692.23
2357,fun-rho2,objdump,4,26100,3336,18543597,723.54
2358,fun-rho2,objdump,4,27000,3342,19180520,676.83
2359,fun-rho2,objdump,4,27900,3358,19805748,712.33
2360,fun-rho2,objdump,4,28800,3422,20464749,743.15
2361,fun-rho2,objdump,4,29700,3424,21103945,731.53
2362,fun-rho2,objdump,4,30600,3434,21725032,764.14
2363,fun-rho2,objdump,4,31500,3471,22354216,731.68
2364,fun-rho2,objdump,4,32400,3474,22969252,63.73
2365,fun-rho2,objdump,4,33300,3477,23594751,737.94
2366,fun-rho2,objdump,4,34200,3487,24231191,479.16
2367,fun-rho2,objdump,4,35100,3492,24871797,731.15
2368,fun-rho2,objdump,4,36000,3499,25489242,626.5
2369,fun-rho2,objdump,4,36900,3501,26095574,757.85
2370,fun-rho2,objdump,4,37800,3531,26709980,701.75
2371,fun-rho2,objdump,4,38700,3534,27335112,706.85
2372,fun-rho2,objdump,4,39600,3540,27979242,739.61
2373,fun-rho2,objdump,4,40500,3542,28621927,557.03
2374,fun-rho2,objdump,4,41400,3545,29249605,720.16
2375,fun-rho2,objdump,4,42300,3545,29893753,701.39
2376,fun-rho2,objdump,4,43200,3548,30541789,756.87
2377,fun-rho2,objdump,4,44100,3548,31181585,742.64
2378,fun-rho2,objdump,4,45000,3552,31824119,720.4
2379,fun-rho2,objdump,4,45900,3553,32467522,680.99
2380,fun-rho2,objdump,4,46800,3554,33094749,718.76
2381,fun-rho2,objdump,4,47700,3554,33735153,711.94
2382,fun-rho2,objdump,4,48600,3554,34373827,699.84
2383,fun-rho2,objdump,4,49500,3554,35000929,696.97
2384,fun-rho2,objdump,4,50400,3554,35611223,737.22
2385,fun-rho2,objdump,4,51300,3560,36237838,732.08
2386,fun-rho2,objdump,4,52200,3560,36867801,718.4
2387,fun-rho2,objdump,4,53100,3561,37496049,699.51
2388,fun-rho2,objdump,4,54000,3561,38128633,707.19
2389,fun-rho2,objdump,4,54900,3562,38751752,662.62
2390,fun-rho2,objdump,4,55800,3563,39368630,732.86
2391,fun-rho2,objdump,4,56700,3563,40001675,735.52
2392,fun-rho2,objdump,4,57600,3563,40618581,661.45
2393,fun-rho2,objdump,4,58500,3563,41232561,702.91
2394,fun-rho2,objdump,4,59400,3565,41849546,687.51
2395,fun-rho2,objdump,4,60300,3565,42459900,687.06
2396,fun-rho2,objdump,4,61200,3565,43059101,662.1
2397,fun-rho2,objdump,4,62100,3565,43668352,672.1
2398,fun-rho2,objdump,4,63000,3565,44284898,701.02
2399,fun-rho2,objdump,4,63900,3565,44899844,686.81
2400,fun-rho2,objdump,4,64800,3566,45514092,689.03
2401,fun-rho2,objdump,4,65700,3570,46131730,680.15
2402,fun-rho2,objdump,4,66600,3578,46749624,694.96
2403,fun-rho2,objdump,4,67500,3580,47360648,691.94
2404,fun-rho2,objdump,4,68400,3581,47976007,640.28
2405,fun-rho2,objdump,4,69300,3585,48587579,673.92
2406,fun-rho2,objdump,4,70200,3588,49180560,683.23
2407,fun-rho2,objdump,4,71100,3593,49780241,682.23
2408,fun-rho2,objdump,4,72000,3594,50394690,653.57
2409,fun-rho2,objdump,4,72900,3594,50999961,694.64
2410,fun-rho2,objdump,4,73800,3594,51603367,615.0
2411,fun-rho2,objdump,4,74700,3604,52207148,699.02
2412,fun-rho2,objdump,4,75600,3604,52812439,692.92
2413,fun-rho2,objdump,4,76500,3604,53421069,710.64
2414,fun-rho2,objdump,4,77400,3605,54031246,675.65
2415,fun-rho2,objdump,4,78300,3605,54642302,710.75
2416,fun-rho2,objdump,4,79200,3605,55247833,700.62
2417,fun-rho2,objdump,4,80100,3610,55860582,657.25
2418,fun-rho2,objdump,4,81000,3610,56459734,691.88
2419,fun-rho2,objdump,4,81900,3610,57072813,706.45
2420,fun-rho2,objdump,4,82800,3610,57688758,736.94
2421,fun-rho2,objdump,4,83700,3610,58299746,694.25
2422,fun-rho2,objdump,4,84600,3610,58900658,705.17
2423,fun-rho2,objdump,4,85500,3610,59512570,670.66
2424,fun-rho2,objdump,4,86400,3610,60128980,673.0
2425,fun-rho2,objdump,5,0,1336,46699,851.15
2426,fun-rho2,objdump,5,900,1778,668207,723.31
2427,fun-rho2,objdump,5,1800,2139,1306363,727.72
2428,fun-rho2,objdump,5,2700,2262,1936740,753.78
2429,fun-rho2,objdump,5,3600,2339,2569747,753.03
2430,fun-rho2,objdump,5,4500,2432,3210236,714.76
2431,fun-rho2,objdump,5,5400,2501,3828943,710.32
2432,fun-rho2,objdump,5,6300,2964,4469987,718.34
2433,fun-rho2,objdump,5,7200,3008,5114110,737.13
2434,fun-rho2,objdump,5,8100,3017,5764782,733.65
2435,fun-rho2,objdump,5,9000,3053,6408684,565.77
2436,fun-rho2,objdump,5,9900,3060,7042578,729.86
2437,fun-rho2,objdump,5,10800,3075,7677407,722.02
2438,fun-rho2,objdump,5,11700,3170,8313603,756.64
2439,fun-rho2,objdump,5,12600,3174,8951122,720.76
2440,fun-rho2,objdump,5,13500,3174,9588852,758.39
2441,fun-rho2,objdump,5,14400,3311,10234663,720.14
2442,fun-rho2,objdump,5,15300,3312,10867616,745.4
2443,fun-rho2,objdump,5,16200,3313,11509644,742.81
2444,fun-rho2,objdump,5,17100,3313,12151606,738.17
2445,fun-rho2,objdump,5,18000,3317,12789158,723.15
2446,fun-rho2,objdump,5,18900,3319,13433267,727.72
2447,fun-rho2,objdump,5,19800,3322,14072244,727.9
2448,fun-rho2,objdump,5,20700,3326,14699057,734.72
2449,fun-rho2,objdump,5,21600,3329,15333273,725.99
2450,fun-rho2,objdump,5,22500,3331,15984332,718.39
2451,fun-rho2,objdump,5,23400,3347,16624698,715.28
2452,fun-rho2,objdump,5,24300,3347,17277905,709.65
2453,fun-rho2,objdump,5,25200,3417,17936799,750.67
2454,fun-rho2,objdump,5,26100,3428,18582483,726.59
2455,fun-rho2,objdump,5,27000,3430,19235560,732.22
2456,fun-rho2,objdump,5,27900,3444,19879708,738.4
2457,fun-rho2,objdump,5,28800,3451,20515376,726.21
2458,fun-rho2,objdump,5,29700,3453,21167890,734.98
2459,fun-rho2,objdump,5,30600,3453,21808191,721.04
2460,fun-rho2,objdump,5,31500,3490,22442975,725.87
2461,fun-rho2,objdump,5,32400,3522,23083498,640.98
2462,fun-rho2,objdump,5,33300,3526,23725829,733.48
2463,fun-rho2,objdump,5,34200,3530,24356034,701.16
2464,fun-rho2,objdump,5,35100,3558,25006129,724.86
2465,fun-rho2,objdump,5,36000,3558,25650251,718.41
2466,fun-rho2,objdump,5,36900,3560,26305007,756.44
2467,fun-rho2,objdump,5,37800,3575,26941571,712.11
2468,fun-rho2,objdump,5,38700,3579,27571005,751.3
2469,fun-rho2,objdump,5,39600,3581,28215735,731.11
2470,fun-rho2,objdump,5,40500,3587,28861183,740.79
2471,fun-rho2,objdump,5,41400,3588,29489486,702.83
2472,fun-rho2,objdump,5,42300,3592,30131731,734.38
2473,fun-rho2,objdump,5,43200,3596,30771326,729.39
2474,fun-rho2,objdump,5,44100,3615,31414809,742.86
2475,fun-rho2,objdump,5,45000,3616,32058150,733.14
2476,fun-rho2,objdump,5,45900,3621,32685465,685.11
2477,fun-rho2,objdump,5,46800,3622,33316825,706.52
2478,fun-rho2,objdump,5,47700,3646,33961999,718.51
2479,fun-rho2,objdump,5,48600,3653,34600762,732.0
2480,fun-rho2,objdump,5,49500,3656,35245102,755.68
2481,fun-rho2,objdump,5,50400,3657,35885829,726.74
2482,fun-rho2,objdump,5,51300,3658,36530298,734.54
2483,fun-rho2,objdump,5,52200,3659,37175776,717.56
2484,fun-rho2,objdump,5,53100,3662,37817806,714.94
2485,fun-rho2,objdump,5,54000,3664,38444921,686.89
2486,fun-rho2,objdump,5,54900,3668,39087352,710.01
2487,fun-rho2,objdump,5,55800,3676,39733056,727.45
2488,fun-rho2,objdump,5,56700,3676,40376614,717.14
2489,fun-rho2,objdump,5,57600,3677,41012412,722.85
2490,fun-rho2,objdump,5,58500,3677,41662012,645.23
2491,fun-rho2,objdump,5,59400,3684,42305877,742.96
2492,fun-rho2,objdump,5,60300,3684,42943451,702.88
2493,fun-rho2,objdump,5,61200,3684,43581755,728.16
2494,fun-rho2,objdump,5,62100,3685,44233373,718.27
2495,fun-rho2,objdump,5,63000,3685,44887507,731.67
2496,fun-rho2,objdump,5,63900,3685,45527875,743.7
2497,fun-rho2,objdump,5,64800,3687,46169560,719.95
2498,fun-rho2,objdump,5,65700,3694,46812044,719.64
2499,fun-rho2,objdump,5,66600,3699,47459952,708.22
2500,fun-rho2,objdump,5,67500,3701,48107011,729.95
2501,fun-rho2,objdump,5,68400,3701,48752044,712.94
2502,fun-rho2,objdump,5,69300,3701,49387489,737.31
2503,fun-rho2,objdump,5,70200,3702,50029194,734.23
2504,fun-rho2,objdump,5,71100,3702,50660544,741.44
2505,fun-rho2,objdump,5,72000,3703,51291852,714.84
2506,fun-rho2,objdump,5,72900,3704,51946459,744.94
2507,fun-rho2,objdump,5,73800,3707,52588577,735.81
2508,fun-rho2,objdump,5,74700,3707,53231765,696.83
2509,fun-rho2,objdump,5,75600,3707,53871484,717.93
2510,fun-rho2,objdump,5,76500,3707,54513914,729.08
2511,fun-rho2,objdump,5,77400,3709,55140426,717.85
2512,fun-rho2,objdump,5,78300,3709,55768996,598.19
2513,fun-rho2,objdump,5,79200,3709,56405451,688.09
2514,fun-rho2,objdump,5,80100,3709,57039561,750.93
2515,fun-rho2,objdump,5,81000,3709,57668278,554.01
2516,fun-rho2,objdump,5,81900,3709,58314409,721.93
2517,fun-rho2,objdump,5,82800,3709,58971010,589.81
2518,fun-rho2,objdump,5,83700,3709,59591463,711.09
2519,fun-rho2,objdump,5,84600,3709,60222561,700.81
2520,fun-rho2,objdump,5,85500,3709,60857719,775.01
2521,fun-rho2,objdump,5,86400,3709,61482668,761.8
2522,fun-rho2,objdump,6,0,1328,43091,737.5
2523,fun-rho2,objdump,6,900,1946,633991,705.29
2524,fun-rho2,objdump,6,1800,2143,1254371,691.98
2525,fun-rho2,objdump,6,2700,2316,1875993,735.65
2526,fun-rho2,objdump,6,3600,2787,2495699,732.55
2527,fun-rho2,objdump,6,4500,2948,3117718,704.74
2528,fun-rho2,objdump,6,5400,2987,3739805,722.53
2529,fun-rho2,objdump,6,6300,3027,4350817,695.03
2530,fun-rho2,objdump,6,7200,3108,4946020,744.52
2531,fun-rho2,objdump,6,8100,3136,5529527,591.84
2532,fun-rho2,objdump,6,9000,3149,6120093,648.46
2533,fun-rho2,objdump,6,9900,3163,6718203,729.71
2534,fun-rho2,objdump,6,10800,3166,7334198,695.93
2535,fun-rho2,objdump,6,11700,3180,7954674,602.12
2536,fun-rho2,objdump,6,12600,3190,8551203,623.53
2537,fun-rho2,objdump,6,13500,3194,9150475,685.25
2538,fun-rho2,objdump,6,14400,3200,9761458,708.64
2539,fun-rho2,objdump,6,15300,3224,10378022,652.38
2540,fun-rho2,objdump,6,16200,3224,10991236,690.88
2541,fun-rho2,objdump,6,17100,3226,11623626,717.67
2542,fun-rho2,objdump,6,18000,3226,12234895,698.43
2543,fun-rho2,objdump,6,18900,3227,12849687,629.83
2544,fun-rho2,objdump,6,19800,3227,13466780,714.8
2545,fun-rho2,objdump,6,20700,3227,14089788,678.01
2546,fun-rho2,objdump,6,21600,3228,14706561,712.75
2547,fun-rho2,objdump,6,22500,3230,15325694,594.39
2548,fun-rho2,objdump,6,23400,3236,15942259,672.86
2549,fun-rho2,objdump,6,24300,3376,16550027,716.98
2550,fun-rho2,objdump,6,25200,3383,17155176,691.54
2551,fun-rho2,objdump,6,26100,3420,17771783,641.66
2552,fun-rho2,objdump,6,27000,3421,18393790,727.63
2553,fun-rho2,objdump,6,27900,3425,19002068,606.22
2554,fun-rho2,objdump,6,28800,3426,19620425,746.77
2555,fun-rho2,objdump,6,29700,3427,20245910,62.5
2556,fun-rho2,objdump,6,30600,3427,20839173,674.19
2557,fun-rho2,objdump,6,31500,3427,21449160,676.54
2558,fun-rho2,objdump,6,32400,3497,22083085,693.41
2559,fun-rho2,objdump,6,33300,3500,22716906,708.51
2560,fun-rho2,objdump,6,34200,3515,23340168,597.08
2561,fun-rho2,objdump,6,35100,3517,23976499,722.22
2562,fun-rho2,objdump,6,36000,3523,24604914,654.18
2563,fun-rho2,objdump,6,36900,3531,25212414,712.56
2564,fun-rho2,objdump,6,37800,3532,25825858,703.37
2565,fun-rho2,objdump,6,38700,3533,26435935,697.64
2566,fun-rho2,objdump,6,39600,3533,27050148,62.5
2567,fun-rho2,objdump,6,40500,3533,27685459,763.51
2568,fun-rho2,objdump,6,41400,3534,28305421,692.14
2569,fun-rho2,objdump,6,42300,3534,28923078,717.82
2570,fun-rho2,objdump,6,43200,3534,29554619,714.22
2571,fun-rho2,objdump,6,44100,3535,30168821,721.31
2572,fun-rho2,objdump,6,45000,3535,30788110,695.82
2573,fun-rho2,objdump,6,45900,3556,31404679,716.41
2574,fun-rho2,objdump,6,46800,3607,32027256,698.61
2575,fun-rho2,objdump,6,47700,3635,32651418,676.01
2576,fun-rho2,objdump,6,48600,3637,33278642,750.23
2577,fun-rho2,objdump,6,49500,3638,33893515,666.84
2578,fun-rho2,objdump,6,50400,3650,34516344,731.33
2579,fun-rho2,objdump,6,51300,3664,35139393,701.66
2580,fun-rho2,objdump,6,52200,3680,35768459,694.84
2581,fun-rho2,objdump,6,53100,3693,36382823,685.25
2582,fun-rho2,objdump,6,54000,3695,36986402,697.83
2583,fun-rho2,objdump,6,54900,3697,37598981,702.95
2584,fun-rho2,objdump,6,55800,3698,38207025,676.49
2585,fun-rho2,objdump,6,56700,3698,38828158,681.13
2586,fun-rho2,objdump,6,57600,3702,39436896,668.04
2587,fun-rho2,objdump,6,58500,3703,40047775,704.72
2588,fun-rho2,objdump,6,59400,3703,40653520,696.18
2589,fun-rho2,objdump,6,60300,3703,41248997,673.34
2590,fun-rho2,objdump,6,61200,3703,41820313,728.05
2591,fun-rho2,objdump,6,62100,3708,42424757,675.3
2592,fun-rho2,objdump,6,63000,3713,43024276,683.75
2593,fun-rho2,objdump,6,63900,3713,43633301,712.39
2594,fun-rho2,objdump,6,64800,3713,44253126,713.77
2595,fun-rho2,objdump,6,65700,3714,44859972,690.13
2596,fun-rho2,objdump,6,66600,3717,45459524,61.83
2597,fun-rho2,objdump,6,67500,3717,46068916,684.74
2598,fun-rho2,objdump,6,68400,3718,46675812,666.18
2599,fun-rho2,objdump,6,69300,3718,47278145,675.09
2600,fun-rho2,objdump,6,70200,3719,47872877,680.54
2601,fun-rho2,objdump,6,71100,3719,48475530,664.25
2602,fun-rho2,objdump,6,72000,3720,49080823,683.86
2603,fun-rho2,objdump,6,72900,3721,49686679,675.41
2604,fun-rho2,objdump,6,73800,3722,50277378,705.86
2605,fun-rho2,objdump,6,74700,3722,50882999,657.0
2606,fun-rho2,objdump,6,75600,3723,51484465,684.28
2607,fun-rho2,objdump,6,76500,3732,52082258,658.73
2608,fun-rho2,objdump,6,77400,3733,52671775,647.28
2609,fun-rho2,objdump,6,78300,3734,53263205,649.31
2610,fun-rho2,objdump,6,79200,3734,53851097,687.83
2611,fun-rho2,objdump,6,80100,3734,54455640,687.56
2612,fun-rho2,objdump,6,81000,3735,55044780,685.66
2613,fun-rho2,objdump,6,81900,3736,55645639,694.87
2614,fun-rho2,objdump,6,82800,3736,56246667,713.22
2615,fun-rho2,objdump,6,83700,3736,56850986,662.87
2616,fun-rho2,objdump,6,84600,3736,57463346,680.05
2617,fun-rho2,objdump,6,85500,3736,58049646,670.28
2618,fun-rho2,objdump,6,86400,3739,58655729,727.88
2619,fun-rho2,objdump,7,0,1380,49183,816.45
2620,fun-rho2,objdump,7,900,1808,647050,728.9
2621,fun-rho2,objdump,7,1800,2083,1279930,722.08
2622,fun-rho2,objdump,7,2700,2281,1918529,764.19
2623,fun-rho2,objdump,7,3600,2424,2549853,716.97
2624,fun-rho2,objdump,7,4500,2510,3174610,712.84
2625,fun-rho2,objdump,7,5400,2564,3814534,751.18
2626,fun-rho2,objdump,7,6300,2607,4454865,662.63
2627,fun-rho2,objdump,7,7200,2709,5103104,77.3
2628,fun-rho2,objdump,7,8100,2752,5738432,728.47
2629,fun-rho2,objdump,7,9000,2793,6377564,745.47
2630,fun-rho2,objdump,7,9900,2801,7018316,721.28
2631,fun-rho2,objdump,7,10800,2803,7648342,758.62
2632,fun-rho2,objdump,7,11700,2822,8267253,573.4
2633,fun-rho2,objdump,7,12600,3307,8894777,504.39
2634,fun-rho2,objdump,7,13500,3347,9536993,764.83
2635,fun-rho2,objdump,7,14400,3350,10171451,643.79
2636,fun-rho2,objdump,7,15300,3351,10811920,732.97
2637,fun-rho2,objdump,7,16200,3361,11456329,725.28
2638,fun-rho2,objdump,7,17100,3362,12111209,724.13
2639,fun-rho2,objdump,7,18000,3363,12751204,751.58
2640,fun-rho2,objdump,7,18900,3364,13394705,741.35
2641,fun-rho2,objdump,7,19800,3382,14047223,744.61
2642,fun-rho2,objdump,7,20700,3385,14688579,729.22
2643,fun-rho2,objdump,7,21600,3390,15328339,748.95
2644,fun-rho2,objdump,7,22500,3391,15961451,724.53
2645,fun-rho2,objdump,7,23400,3399,16589721,759.22
2646,fun-rho2,objdump,7,24300,3402,17244273,729.52
2647,fun-rho2,objdump,7,25200,3402,17892782,731.98
2648,fun-rho2,objdump,7,26100,3406,18542221,706.92
2649,fun-rho2,objdump,7,27000,3407,19194988,724.95
2650,fun-rho2,objdump,7,27900,3407,19843124,725.43
2651,fun-rho2,objdump,7,28800,3408,20471921,708.68
2652,fun-rho2,objdump,7,29700,3408,21092967,721.56
2653,fun-rho2,objdump,7,30600,3408,21725555,698.39
2654,fun-rho2,objdump,7,31500,3408,22361034,732.07
2655,fun-rho2,objdump,7,32400,3408,23005003,712.05
2656,fun-rho2,objdump,7,33300,3409,23639909,725.43
2657,fun-rho2,objdump,7,34200,3410,24270090,625.21
2658,fun-rho2,objdump,7,35100,3413,24916241,728.31
2659,fun-rho2,objdump,7,36000,3428,25547927,719.27
2660,fun-rho2,objdump,7,36900,3435,26189248,740.25
2661,fun-rho2,objdump,7,37800,3435,26840435,739.66
2662,fun-rho2,objdump,7,38700,3439,27478510,705.58
2663,fun-rho2,objdump,7,39600,3439,28125251,745.67
2664,fun-rho2,objdump,7,40500,3440,28776687,728.84
2665,fun-rho2,objdump,7,41400,3442,29421589,735.76
2666,fun-rho2,objdump,7,42300,3442,30071380,729.28
2667,fun-rho2,objdump,7,43200,3442,30712127,701.91
2668,fun-rho2,objdump,7,44100,3462,31365478,742.81
2669,fun-rho2,objdump,7,45000,3462,32009290,729.98
2670,fun-rho2,objdump,7,45900,3469,32647410,712.46
2671,fun-rho2,objdump,7,46800,3471,33286620,721.05
2672,fun-rho2,objdump,7,47700,3471,33925250,61.75
2673,fun-rho2,objdump,7,48600,3471,34565675,712.97
2674,fun-rho2,objdump,7,49500,3471,35204445,701.64
2675,fun-rho2,objdump,7,50400,3472,35824677,688.13
2676,fun-rho2,objdump,7,51300,3474,36469041,728.28
2677,fun-rho2,objdump,7,52200,3477,37108654,718.75
2678,fun-rho2,objdump,7,53100,3479,37740317,62.35
2679,fun-rho2,objdump,7,54000,3479,38377274,714.27
2680,fun-rho2,objdump,7,54900,3479,39016674,727.42
2681,fun-rho2,objdump,7,55800,3479,39665473,728.95
2682,fun-rho2,objdump,7,56700,3479,40317400,702.89
2683,fun-rho2,objdump,7,57600,3479,40971046,742.37
2684,fun-rho2,objdump,7,58500,3481,41618213,730.73
2685,fun-rho2,objdump,7,59400,3482,42263647,728.12
2686,fun-rho2,objdump,7,60300,3483,42895989,726.46
2687,fun-rho2,objdump,7,61200,3483,43533731,753.62
2688,fun-rho2,objdump,7,62100,3483,44183705,722.1
2689,fun-rho2,objdump,7,63000,3483,44822830,709.73
2690,fun-rho2,objdump,7,63900,3483,45448900,712.03
2691,fun-rho2,objdump,7,64800,3484,46096438,718.22
2692,fun-rho2,objdump,7,65700,3484,46745279,714.17
2693,fun-rho2,objdump,7,66600,3485,47390659,735.9
2694,fun-rho2,objdump,7,67500,3485,48018507,720.12
2695,fun-rho2,objdump,7,68400,3485,48646846,746.46
2696,fun-rho2,objdump,7,69300,3486,49283003,734.5
2697,fun-rho2,objdump,7,70200,3486,49930530,742.74
2698,fun-rho2,objdump,7,71100,3487,50550998,690.43
2699,fun-rho2,objdump,7,72000,3487,51195943,741.49
2700,fun-rho2,objdump,7,72900,3487,51848823,731.65
2701,fun-rho2,objdump,7,73800,3487,52500107,713.59
2702,fun-rho2,objdump,7,74700,3487,53146464,744.1
2703,fun-rho2,objdump,7,75600,3487,53780009,740.17
2704,fun-rho2,objdump,7,76500,3487,54395255,743.6
2705,fun-rho2,objdump,7,77400,3487,55012522,664.09
2706,fun-rho2,objdump,7,78300,3487,55628748,725.87
2707,fun-rho2,objdump,7,79200,3487,56261369,622.05
2708,fun-rho2,objdump,7,80100,3488,56892595,726.41
2709,fun-rho2,objdump,7,81000,3488,57539547,727.42
2710,fun-rho2,objdump,7,81900,3489,58193102,740.7
2711,fun-rho2,objdump,7,82800,3489,58829079,722.69
2712,fun-rho2,objdump,7,83700,3489,59465215,724.41
2713,fun-rho2,objdump,7,84600,3489,60111067,730.11
2714,fun-rho2,objdump,7,85500,3489,60743901,778.58
2715,fun-rho2,objdump,7,86400,3489,61381277,726.14
2716,fun-rho2,objdump,8,0,1329,45045,657.85
2717,fun-rho2,objdump,8,900,1913,643582,746.01
2718,fun-rho2,objdump,8,1800,2204,1280935,742.74
2719,fun-rho2,objdump,8,2700,2495,1889976,687.29
2720,fun-rho2,objdump,8,3600,2605,2509234,700.41
2721,fun-rho2,objdump,8,4500,2704,3125876,634.9
2722,fun-rho2,objdump,8,5400,2822,3762375,700.7
2723,fun-rho2,objdump,8,6300,2891,4393808,711.79
2724,fun-rho2,objdump,8,7200,2926,5033049,688.98
2725,fun-rho2,objdump,8,8100,2955,5660274,727.45
2726,fun-rho2,objdump,8,9000,2976,6288365,716.79
2727,fun-rho2,objdump,8,9900,2995,6897577,694.02
2728,fun-rho2,objdump,8,10800,3007,7522520,581.18
2729,fun-rho2,objdump,8,11700,3007,8147386,682.53
2730,fun-rho2,objdump,8,12600,3010,8753489,706.69
2731,fun-rho2,objdump,8,13500,3016,9373784,678.78
2732,fun-rho2,objdump,8,14400,3044,9989349,577.41
2733,fun-rho2,objdump,8,15300,3055,10615161,737.72
2734,fun-rho2,objdump,8,16200,3066,11247504,606.94
2735,fun-rho2,objdump,8,17100,3089,11864084,696.02
2736,fun-rho2,objdump,8,18000,3123,12505756,706.7
2737,fun-rho2,objdump,8,18900,3131,13121151,755.36
2738,fun-rho2,objdump,8,19800,3513,13757869,659.55
2739,fun-rho2,objdump,8,20700,3582,14379827,717.8
2740,fun-rho2,objdump,8,21600,3595,15018108,730.52
2741,fun-rho2,objdump,8,22500,3604,15643851,749.51
2742,fun-rho2,objdump,8,23400,3618,16273462,700.16
2743,fun-rho2,objdump,8,24300,3620,16908558,752.09
2744,fun-rho2,objdump,8,25200,3629,17537047,739.11
2745,fun-rho2,objdump,8,26100,3635,18163120,575.0
2746,fun-rho2,objdump,8,27000,3644,18788699,669.88
2747,fun-rho2,objdump,8,27900,3648,19393755,735.41
2748,fun-rho2,objdump,8,28800,3651,20019968,715.16
2749,fun-rho2,objdump,8,29700,3652,20638203,588.38
2750,fun-rho2,objdump,8,30600,3653,21250945,711.24
2751,fun-rho2,objdump,8,31500,3655,21878217,717.19
2752,fun-rho2,objdump,8,32400,3661,22500287,573.61
2753,fun-rho2,objdump,8,33300,3661,23134836,701.15
2754,fun-rho2,objdump,8,34200,3662,23767561,735.64
2755,fun-rho2,objdump,8,35100,3669,24406017,733.36
2756,fun-rho2,objdump,8,36000,3676,25027618,599.07
2757,fun-rho2,objdump,8,36900,3688,25654050,723.66
2758,fun-rho2,objdump,8,37800,3706,26288338,697.58
2759,fun-rho2,objdump,8,38700,3707,26910046,702.72
2760,fun-rho2,objdump,8,39600,3709,27539243,700.95
2761,fun-rho2,objdump,8,40500,3711,28166998,752.49
2762,fun-rho2,objdump,8,41400,3712,28805766,695.71
2763,fun-rho2,objdump,8,42300,3714,29436541,625.07
2764,fun-rho2,objdump,8,43200,3717,30041444,689.37
2765,fun-rho2,objdump,8,44100,3719,30677735,641.77
2766,fun-rho2,objdump,8,45000,3725,31296017,695.33
2767,fun-rho2,objdump,8,45900,3728,31911148,654.75
2768,fun-rho2,objdump,8,46800,3730,32525818,720.89
2769,fun-rho2,objdump,8,47700,3731,33156721,724.42
2770,fun-rho2,objdump,8,48600,3737,33790205,708.74
2771,fun-rho2,objdump,8,49500,3737,34401933,714.83
2772,fun-rho2,objdump,8,50400,3737,35034496,722.1
2773,fun-rho2,objdump,8,51300,3738,35678494,710.33
2774,fun-rho2,objdump,8,52200,3741,36317268,698.34
2775,fun-rho2,objdump,8,53100,3741,36932461,702.58
2776,fun-rho2,objdump,8,54000,3743,37553301,705.08
2777,fun-rho2,objdump,8,54900,3745,38181249,693.46
2778,fun-rho2,objdump,8,55800,3767,38799938,690.02
2779,fun-rho2,objdump,8,56700,3776,39418401,702.79
2780,fun-rho2,objdump,8,57600,3776,40037358,682.58
2781,fun-rho2,objdump,8,58500,3776,40653137,683.27
2782,fun-rho2,objdump,8,59400,3776,41266707,618.67
2783,fun-rho2,objdump,8,60300,3776,41880946,691.99
2784,fun-rho2,objdump,8,61200,3778,42495787,714.04
2785,fun-rho2,objdump,8,62100,3779,43119440,745.8
2786,fun-rho2,objdump,8,63000,3781,43737954,679.79
2787,fun-rho2,objdump,8,63900,3782,44348932,678.16
2788,fun-rho2,objdump,8,64800,3796,44948889,681.86
2789,fun-rho2,objdump,8,65700,3797,45569838,630.17
2790,fun-rho2,objdump,8,66600,3805,46188365,680.33
2791,fun-rho2,objdump,8,67500,3807,46804764,677.34
2792,fun-rho2,objdump,8,68400,3810,47422870,697.06
2793,fun-rho2,objdump,8,69300,3810,48045490,687.04
2794,fun-rho2,objdump,8,70200,3810,48653317,699.01
2795,fun-rho2,objdump,8,71100,3810,49286329,709.45
2796,fun-rho2,objdump,8,72000,3810,49930099,747.92
2797,fun-rho2,objdump,8,72900,3812,50571327,730.64
2798,fun-rho2,objdump,8,73800,3814,51210139,702.56
2799,fun-rho2,objdump,8,74700,3814,51835205,738.6
2800,fun-rho2,objdump,8,75600,3814,52442382,62.86
2801,fun-rho2,objdump,8,76500,3814,53062812,751.0
2802,fun-rho2,objdump,8,77400,3815,53697209,727.32
2803,fun-rho2,objdump,8,78300,3815,54325962,684.79
2804,fun-rho2,objdump,8,79200,3815,54965496,710.5
2805,fun-rho2,objdump,8,80100,3815,55598577,731.01
2806,fun-rho2,objdump,8,81000,3818,56204354,684.66
2807,fun-rho2,objdump,8,81900,3822,56827622,682.69
2808,fun-rho2,objdump,8,82800,3825,57462003,714.01
2809,fun-rho2,objdump,8,83700,3828,58112206,720.52
2810,fun-rho2,objdump,8,84600,3828,58750041,703.23
2811,fun-rho2,objdump,8,85500,3828,59376185,712.67
2812,fun-rho2,objdump,8,86400,3828,60007552,686.67
2813,fun-rho2,objdump,9,0,1383,46638,751.37
2814,fun-rho2,objdump,9,900,1838,651710,726.43
2815,fun-rho2,objdump,9,1800,2055,1300790,730.31
2816,fun-rho2,objdump,9,2700,2190,1925604,692.27
2817,fun-rho2,objdump,9,3600,2287,2552241,686.25
2818,fun-rho2,objdump,9,4500,2479,3169163,631.1
2819,fun-rho2,objdump,9,5400,2549,3777227,62.32
2820,fun-rho2,objdump,9,6300,2591,4397009,697.42
2821,fun-rho2,objdump,9,7200,2751,5020473,674.15
2822,fun-rho2,objdump,9,8100,2859,5663752,735.15
2823,fun-rho2,objdump,9,9000,2860,6294339,649.07
2824,fun-rho2,objdump,9,9900,2917,6930924,700.09
2825,fun-rho2,objdump,9,10800,2929,7528994,747.39
2826,fun-rho2,objdump,9,11700,2931,8153150,670.94
2827,fun-rho2,objdump,9,12600,3326,8768950,744.96
2828,fun-rho2,objdump,9,13500,3384,9390538,728.3
2829,fun-rho2,objdump,9,14400,3492,10015962,680.56
2830,fun-rho2,objdump,9,15300,3521,10635038,760.45
2831,fun-rho2,objdump,9,16200,3521,11272729,639.09
2832,fun-rho2,objdump,9,17100,3527,11894719,728.19
2833,fun-rho2,objdump,9,18000,3536,12527377,729.83
2834,fun-rho2,objdump,9,18900,3543,13168799,683.08
2835,fun-rho2,objdump,9,19800,3550,13809791,714.79
2836,fun-rho2,objdump,9,20700,3550,14435692,656.01
2837,fun-rho2,objdump,9,21600,3552,15067975,751.96
2838,fun-rho2,objdump,9,22500,3556,15707222,427.68
2839,fun-rho2,objdump,9,23400,3562,16339175,596.24
2840,fun-rho2,objdump,9,24300,3565,16981226,704.33
2841,fun-rho2,objdump,9,25200,3567,17624015,720.07
2842,fun-rho2,objdump,9,26100,3573,18265684,743.75
2843,fun-rho2,objdump,9,27000,3574,18913846,745.33
2844,fun-rho2,objdump,9,27900,3575,19559459,705.52
2845,fun-rho2,objdump,9,28800,3575,20185307,751.12
2846,fun-rho2,objdump,9,29700,3576,20822406,702.1
2847,fun-rho2,objdump,9,30600,3580,21459612,708.17
2848,fun-rho2,objdump,9,31500,3585,22088837,699.09
2849,fun-rho2,objdump,9,32400,3585,22729014,707.14
2850,fun-rho2,objdump,9,33300,3593,23355382,729.17
2851,fun-rho2,objdump,9,34200,3593,23994277,736.31
2852,fun-rho2,objdump,9,35100,3593,24629957,714.77
2853,fun-rho2,objdump,9,36000,3593,25262362,704.83
2854,fun-rho2,objdump,9,36900,3595,25902734,737.61
2855,fun-rho2,objdump,9,37800,3604,26523313,55.39
2856,fun-rho2,objdump,9,38700,3604,27140658,697.2
2857,fun-rho2,objdump,9,39600,3606,27771398,734.04
2858,fun-rho2,objdump,9,40500,3608,28410064,711.44
2859,fun-rho2,objdump,9,41400,3609,29042272,746.26
2860,fun-rho2,objdump,9,42300,3612,29680994,736.13
2861,fun-rho2,objdump,9,43200,3614,30320863,702.02
2862,fun-rho2,objdump,9,44100,3620,30931766,693.46
2863,fun-rho2,objdump,9,45000,3621,31571597,90.04
2864,fun-rho2,objdump,9,45900,3629,32203103,659.66
2865,fun-rho2,objdump,9,46800,3643,32817430,740.2
2866,fun-rho2,objdump,9,47700,3643,33462357,684.97
2867,fun-rho2,objdump,9,48600,3643,34100005,696.89
2868,fun-rho2,objdump,9,49500,3645,34736064,726.08
2869,fun-rho2,objdump,9,50400,3646,35362304,713.55
2870,fun-rho2,objdump,9,51300,3646,36008584,700.53
2871,fun-rho2,objdump,9,52200,3648,36650106,714.9
2872,fun-rho2,objdump,9,53100,3650,37289023,715.04
2873,fun-rho2,objdump,9,54000,3684,37905856,65.65
2874,fun-rho2,objdump,9,54900,3686,38528179,703.37
2875,fun-rho2,objdump,9,55800,3686,39168686,713.49
2876,fun-rho2,objdump,9,56700,3686,39815353,717.56
2877,fun-rho2,objdump,9,57600,3687,40459097,712.8
2878,fun-rho2,objdump,9,58500,3687,41102833,720.66
2879,fun-rho2,objdump,9,59400,3687,41748113,716.06
2880,fun-rho2,objdump,9,60300,3687,42386685,674.15
2881,fun-rho2,objdump,9,61200,3687,43022383,691.23
2882,fun-rho2,objdump,9,62100,3698,43669282,729.69
2883,fun-rho2,objdump,9,63000,3698,44305793,696.89
2884,fun-rho2,objdump,9,63900,3699,44940447,713.37
2885,fun-rho2,objdump,9,64800,3704,45587024,744.67
2886,fun-rho2,objdump,9,65700,3705,46232593,736.83
2887,fun-rho2,objdump,9,66600,3705,46879952,722.48
2888,fun-rho2,objdump,9,67500,3705,47517800,732.39
2889,fun-rho2,objdump,9,68400,3705,48155993,715.24
2890,fun-rho2,objdump,9,69300,3821,48774836,750.26
2891,fun-rho2,objdump,9,70200,3822,49420592,717.39
2892,fun-rho2,objdump,9,71100,3824,50054122,706.04
2893,fun-rho2,objdump,9,72000,3826,50691080,730.87
2894,fun-rho2,objdump,9,72900,3826,51337857,745.83
2895,fun-rho2,objdump,9,73800,3826,51983531,708.06
2896,fun-rho2,objdump,9,74700,3827,52610627,742.99
2897,fun-rho2,objdump,9,75600,3827,53244362,698.71
2898,fun-rho2,objdump,9,76500,3827,53872094,724.1
2899,fun-rho2,objdump,9,77400,3827,54498882,732.56
2900,fun-rho2,objdump,9,78300,3827,55134904,696.39
2901,fun-rho2,objdump,9,79200,3827,55755440,745.67
2902,fun-rho2,objdump,9,80100,3828,56393700,712.7
2903,fun-rho2,objdump,9,81000,3829,57024176,705.58
2904,fun-rho2,objdump,9,81900,3830,57656309,657.11
2905,fun-rho2,objdump,9,82800,3830,58296106,730.34
2906,fun-rho2,objdump,9,83700,3830,58942398,723.76
2907,fun-rho2,objdump,9,84600,3831,59581462,706.24
2908,fun-rho2,objdump,9,85500,3836,60217175,544.92
2909,fun-rho2,objdump,9,86400,3837,60854121,714.32
2910,fun-rho3,objdump,1,0,1356,43984,708.36
2911,fun-rho3,objdump,1,900,1757,626219,700.76
2912,fun-rho3,objdump,1,1800,1978,1230614,664.38
2913,fun-rho3,objdump,1,2700,2081,1833596,655.01
2914,fun-rho3,objdump,1,3600,2283,2434778,669.91
2915,fun-rho3,objdump,1,4500,2355,3031642,680.56
2916,fun-rho3,objdump,1,5400,2410,3623071,675.25
2917,fun-rho3,objdump,1,6300,2446,4224852,629.7
2918,fun-rho3,objdump,1,7200,2460,4827678,677.8
2919,fun-rho3,objdump,1,8100,2543,5437356,687.28
2920,fun-rho3,objdump,1,9000,2557,6044032,674.95
2921,fun-rho3,objdump,1,9900,2588,6650032,656.98
2922,fun-rho3,objdump,1,10800,2656,7253261,690.68
2923,fun-rho3,objdump,1,11700,2687,7866884,650.53
2924,fun-rho3,objdump,1,12600,3144,8471750,683.7
2925,fun-rho3,objdump,1,13500,3181,9083603,664.78
2926,fun-rho3,objdump,1,14400,3190,9696661,680.69
2927,fun-rho3,objdump,1,15300,3204,10308440,700.8
2928,fun-rho3,objdump,1,16200,3216,10914593,674.67
2929,fun-rho3,objdump,1,17100,3219,11524392,701.01
2930,fun-rho3,objdump,1,18000,3223,12139206,690.41
2931,fun-rho3,objdump,1,18900,3232,12744526,661.73
2932,fun-rho3,objdump,1,19800,3237,13361403,664.8
2933,fun-rho3,objdump,1,20700,3238,13969742,714.36
2934,fun-rho3,objdump,1,21600,3240,14583475,686.73
2935,fun-rho3,objdump,1,22500,3242,15195797,675.31
2936,fun-rho3,objdump,1,23400,3248,15811660,697.93
2937,fun-rho3,objdump,1,24300,3253,16429417,643.83
2938,fun-rho3,objdump,1,25200,3256,17035727,698.29
2939,fun-rho3,objdump,1,26100,3258,17648044,673.34
2940,fun-rho3,objdump,1,27000,3258,18265316,696.53
2941,fun-rho3,objdump,1,27900,3259,18863706,689.25
2942,fun-rho3,objdump,1,28800,3267,19460655,670.86
2943,fun-rho3,objdump,1,29700,3267,20060442,693.91
2944,fun-rho3,objdump,1,30600,3280,20671459,690.03
2945,fun-rho3,objdump,1,31500,3282,21287922,685.16
2946,fun-rho3,objdump,1,32400,3282,21905194,670.16
2947,fun-rho3,objdump,1,33300,3282,22519418,643.58
2948,fun-rho3,objdump,1,34200,3283,23133336,678.07
2949,fun-rho3,objdump,1,35100,3286,23747937,665.91
2950,fun-rho3,objdump,1,36000,3293,24354082,690.44
2951,fun-rho3,objdump,1,36900,3293,24958596,682.14
2952,fun-rho3,objdump,1,37800,3299,25574440,691.22
2953,fun-rho3,objdump,1,38700,3302,26169808,687.27
2954,fun-rho3,objdump,1,39600,3316,26770476,693.14
2955,fun-rho3,objdump,1,40500,3321,27374887,692.62
2956,fun-rho3,objdump,1,41400,3328,27980419,687.92
2957,fun-rho3,objdump,1,42300,3331,28584671,681.16
2958,fun-rho3,objdump,1,43200,3332,29202452,678.27
2959,fun-rho3,objdump,1,44100,3332,29807030,662.9
2960,fun-rho3,objdump,1,45000,3334,30426521,711.64
2961,fun-rho3,objdump,1,45900,3334,31046090,660.85
2962,fun-rho3,objdump,1,46800,3334,31654926,688.6
2963,fun-rho3,objdump,1,47700,3345,32272471,675.21
2964,fun-rho3,objdump,1,48600,3346,32866784,681.46
2965,fun-rho3,objdump,1,49500,3346,33481607,702.35
2966,fun-rho3,objdump,1,50400,3355,34070762,672.21
2967,fun-rho3,objdump,1,51300,3355,34664709,692.84
2968,fun-rho3,objdump,1,52200,3355,35275675,667.1
2969,fun-rho3,objdump,1,53100,3362,35891515,672.47
2970,fun-rho3,objdump,1,54000,3370,36502936,675.73
2971,fun-rho3,objdump,1,54900,3515,37104704,714.34
2972,fun-rho3,objdump,1,55800,3520,37720070,704.37
2973,fun-rho3,objdump,1,56700,3524,38340348,708.58
2974,fun-rho3,objdump,1,57600,3760,38944814,691.44
2975,fun-rho3,objdump,1,58500,3776,39552742,698.32
2976,fun-rho3,objdump,1,59400,3777,40166257,710.53
2977,fun-rho3,objdump,1,60300,3777,40769742,685.03
2978,fun-rho3,objdump,1,61200,3778,41386549,692.77
2979,fun-rho3,objdump,1,62100,3781,42004538,683.93
2980,fun-rho3,objdump,1,63000,3783,42619441,668.9
2981,fun-rho3,objdump,1,63900,3783,43234604,658.99
2982,fun-rho3,objdump,1,64800,3792,43838617,688.01
2983,fun-rho3,objdump,1,65700,3792,44447051,60.18
2984,fun-rho3,objdump,1,66600,3796,45046799,652.19
2985,fun-rho3,objdump,1,67500,3797,45645421,706.0
2986,fun-rho3,objdump,1,68400,3797,46242475,691.99
2987,fun-rho3,objdump,1,69300,3797,46860363,681.34
2988,fun-rho3,objdump,1,70200,3797,47477353,699.5
2989,fun-rho3,objdump,1,71100,3797,48086939,693.69
2990,fun-rho3,objdump,1,72000,3800,48705525,706.72
2991,fun-rho3,objdump,1,72900,3800,49307210,692.2
2992,fun-rho3,objdump,1,73800,3800,49908893,681.99
2993,fun-rho3,objdump,1,74700,3800,50521514,663.1
2994,fun-rho3,objdump,1,75600,3800,51126057,689.71
2995,fun-rho3,objdump,1,76500,3800,51741056,690.03
2996,fun-rho3,objdump,1,77400,3801,52351925,716.49
2997,fun-rho3,objdump,1,78300,3803,52967620,689.66
2998,fun-rho3,objdump,1,79200,3803,53584547,676.5
2999,fun-rho3,objdump,1,80100,3803,54202842,671.89
3000,fun-rho3,objdump,1,81000,3862,54800035,693.65
3001,fun-rho3,objdump,1,81900,3862,55394313,646.31
3002,fun-rho3,objdump,1,82800,3862,56004281,686.94
3003,fun-rho3,objdump,1,83700,3863,56619394,725.81
3004,fun-rho3,objdump,1,84600,3864,57223059,702.36
3005,fun-rho3,objdump,1,85500,3868,57832977,669.74
3006,fun-rho3,objdump,1,86400,3869,58452026,703.88
3007,fun-rho3,objdump,10,0,1357,40929,674.67
3008,fun-rho3,objdump,10,900,1718,600581,655.41
3009,fun-rho3,objdump,10,1800,1954,1192239,660.8
3010,fun-rho3,objdump,10,2700,2106,1783904,668.67
3011,fun-rho3,objdump,10,3600,2277,2379152,678.25
3012,fun-rho3,objdump,10,4500,2511,2979745,657.45
3013,fun-rho3,objdump,10,5400,2824,3570595,662.85
3014,fun-rho3,objdump,10,6300,2933,4182392,662.66
3015,fun-rho3,objdump,10,7200,3044,4791049,717.08
3016,fun-rho3,objdump,10,8100,3070,5387685,683.69
3017,fun-rho3,objdump,10,9000,3087,5985317,654.3
3018,fun-rho3,objdump,10,9900,3097,6578525,635.02
3019,fun-rho3,objdump,10,10800,3254,7181781,649.38
3020,fun-rho3,objdump,10,11700,3336,7795817,674.98
3021,fun-rho3,objdump,10,12600,3342,8407408,685.85
3022,fun-rho3,objdump,10,13500,3356,9015696,691.19
3023,fun-rho3,objdump,10,14400,3362,9624478,662.85
3024,fun-rho3,objdump,10,15300,3364,10238530,689.15
3025,fun-rho3,objdump,10,16200,3376,10829019,671.82
3026,fun-rho3,objdump,10,17100,3413,11429741,694.77
3027,fun-rho3,objdump,10,18000,3420,12030673,689.86
3028,fun-rho3,objdump,10,18900,3422,12629199,657.55
3029,fun-rho3,objdump,10,19800,3429,13234122,684.46
3030,fun-rho3,objdump,10,20700,3431,13823242,691.96
3031,fun-rho3,objdump,10,21600,3432,14440269,61.23
3032,fun-rho3,objdump,10,22500,3433,15060103,704.44
3033,fun-rho3,objdump,10,23400,3438,15673662,661.95
3034,fun-rho3,objdump,10,24300,3442,16273779,585.29
3035,fun-rho3,objdump,10,25200,3444,16879687,665.6
3036,fun-rho3,objdump,10,26100,3451,17494779,699.94
3037,fun-rho3,objdump,10,27000,3467,18111136,62.57
3038,fun-rho3,objdump,10,27900,3470,18697822,685.84
3039,fun-rho3,objdump,10,28800,3470,19281767,686.83
3040,fun-rho3,objdump,10,29700,3470,19868311,694.29
3041,fun-rho3,objdump,10,30600,3470,20476932,629.88
3042,fun-rho3,objdump,10,31500,3472,21089329,673.45
3043,fun-rho3,objdump,10,32400,3473,21697109,665.17
3044,fun-rho3,objdump,10,33300,3473,22295039,687.14
3045,fun-rho3,objdump,10,34200,3473,22909987,714.29
3046,fun-rho3,objdump,10,35100,3474,23524621,687.82
3047,fun-rho3,objdump,10,36000,3474,24134912,684.06
3048,fun-rho3,objdump,10,36900,3474,24749431,689.71
3049,fun-rho3,objdump,10,37800,3474,25363853,665.12
3050,fun-rho3,objdump,10,38700,3474,25976805,718.18
3051,fun-rho3,objdump,10,39600,3479,26576778,703.64
3052,fun-rho3,objdump,10,40500,3494,27158086,678.96
3053,fun-rho3,objdump,10,41400,3529,27758409,641.81
3054,fun-rho3,objdump,10,42300,3530,28356055,694.17
3055,fun-rho3,objdump,10,43200,3531,28971470,705.44
3056,fun-rho3,objdump,10,44100,3540,29590422,698.81
3057,fun-rho3,objdump,10,45000,3540,30199836,704.78
3058,fun-rho3,objdump,10,45900,3541,30820978,701.38
3059,fun-rho3,objdump,10,46800,3545,31424760,691.95
3060,fun-rho3,objdump,10,47700,3545,32041300,669.65
3061,fun-rho3,objdump,10,48600,3547,32658989,678.09
3062,fun-rho3,objdump,10,49500,3547,33257201,714.76
3063,fun-rho3,objdump,10,50400,3549,33839015,668.62
3064,fun-rho3,objdump,10,51300,3549,34446204,658.22
3065,fun-rho3,objdump,10,52200,3549,35055670,670.11
3066,fun-rho3,objdump,10,53100,3549,35661771,694.28
3067,fun-rho3,objdump,10,54000,3553,36259154,689.61
3068,fun-rho3,objdump,10,54900,3553,36874219,689.71
3069,fun-rho3,objdump,10,55800,3553,37483951,723.19
3070,fun-rho3,objdump,10,56700,3555,38100933,687.73
3071,fun-rho3,objdump,10,57600,3556,38699939,711.39
3072,fun-rho3,objdump,10,58500,3560,39291071,698.89
3073,fun-rho3,objdump,10,59400,3560,39906885,646.64
3074,fun-rho3,objdump,10,60300,3560,40523699,699.21
3075,fun-rho3,objdump,10,61200,3563,41143766,673.65
3076,fun-rho3,objdump,10,62100,3563,41748078,706.83
3077,fun-rho3,objdump,10,63000,3564,42353987,709.35
3078,fun-rho3,objdump,10,63900,3564,42969422,706.32
3079,fun-rho3,objdump,10,64800,3564,43586432,701.16
3080,fun-rho3,objdump,10,65700,3564,44200555,667.22
3081,fun-rho3,objdump,10,66600,3566,44795826,666.5
3082,fun-rho3,objdump,10,67500,3568,45389047,690.76
3083,fun-rho3,objdump,10,68400,3575,46007006,691.99
3084,fun-rho3,objdump,10,69300,3579,46618741,693.26
3085,fun-rho3,objdump,10,70200,3584,47220273,671.11
3086,fun-rho3,objdump,10,71100,3584,47820818,700.3
3087,fun-rho3,objdump,10,72000,3586,48421010,680.38
3088,fun-rho3,objdump,10,72900,3586,49004663,62.2
3089,fun-rho3,objdump,10,73800,3586,49607315,690.95
3090,fun-rho3,objdump,10,74700,3587,50214920,678.37
3091,fun-rho3,objdump,10,75600,3587,50818952,704.27
3092,fun-rho3,objdump,10,76500,3603,51436451,707.22
3093,fun-rho3,objdump,10,77400,3610,52050750,691.57
3094,fun-rho3,objdump,10,78300,3612,52667955,684.4
3095,fun-rho3,objdump,10,79200,3614,53285670,673.85
3096,fun-rho3,objdump,10,80100,3641,53893581,713.38
3097,fun-rho3,objdump,10,81000,3643,54472938,686.41
3098,fun-rho3,objdump,10,81900,3668,55061905,712.23
3099,fun-rho3,objdump,10,82800,3671,55680042,703.93
3100,fun-rho3,objdump,10,83700,3674,56294281,699.02
3101,fun-rho3,objdump,10,84600,3674,56906772,683.35
3102,fun-rho3,objdump,10,85500,3678,57518218,681.36
3103,fun-rho3,objdump,10,86400,3685,58154740,901.77
3104,fun-rho3,objdump,2,0,1350,41616,692.05
3105,fun-rho3,objdump,2,900,1698,613621,684.15
3106,fun-rho3,objdump,2,1800,1992,1207230,724.37
3107,fun-rho3,objdump,2,2700,2136,1791458,681.93
3108,fun-rho3,objdump,2,3600,2280,2391601,674.79
3109,fun-rho3,objdump,2,4500,2449,2992493,671.13
3110,fun-rho3,objdump,2,5400,2506,3578156,674.66
3111,fun-rho3,objdump,2,6300,2580,4167257,645.9
3112,fun-rho3,objdump,2,7200,2680,4782658,674.64
3113,fun-rho3,objdump,2,8100,2709,5390028,727.38
3114,fun-rho3,objdump,2,9000,2720,5987509,673.92
3115,fun-rho3,objdump,2,9900,2722,6589536,683.03
3116,fun-rho3,objdump,2,10800,2727,7186765,669.89
3117,fun-rho3,objdump,2,11700,2728,7792423,667.87
3118,fun-rho3,objdump,2,12600,2766,8396849,682.73
3119,fun-rho3,objdump,2,13500,2803,9005345,676.5
3120,fun-rho3,objdump,2,14400,2807,9595752,702.59
3121,fun-rho3,objdump,2,15300,2814,10194320,63.33
3122,fun-rho3,objdump,2,16200,2831,10793172,705.0
3123,fun-rho3,objdump,2,17100,2836,11397940,667.0
3124,fun-rho3,objdump,2,18000,2839,12005746,671.17
3125,fun-rho3,objdump,2,18900,2839,12603047,714.78
3126,fun-rho3,objdump,2,19800,2841,13211124,664.22
3127,fun-rho3,objdump,2,20700,2849,13815334,62.53
3128,fun-rho3,objdump,2,21600,2858,14427654,665.38
3129,fun-rho3,objdump,2,22500,2860,15027687,651.71
3130,fun-rho3,objdump,2,23400,2862,15639689,665.06
3131,fun-rho3,objdump,2,24300,2863,16253456,706.43
3132,fun-rho3,objdump,2,25200,2863,16864866,662.9
3133,fun-rho3,objdump,2,26100,2863,17473535,669.35
3134,fun-rho3,objdump,2,27000,2865,18080788,670.96
3135,fun-rho3,objdump,2,27900,2869,18683788,675.32
3136,fun-rho3,objdump,2,28800,2869,19267723,587.1
3137,fun-rho3,objdump,2,29700,2871,19840295,688.51
3138,fun-rho3,objdump,2,30600,3320,20453185,686.89
3139,fun-rho3,objdump,2,31500,3340,21062572,674.47
3140,fun-rho3,objdump,2,32400,3343,21662929,697.6
3141,fun-rho3,objdump,2,33300,3344,22270497,687.3
3142,fun-rho3,objdump,2,34200,3363,22870299,691.22
3143,fun-rho3,objdump,2,35100,3365,23474417,692.98
3144,fun-rho3,objdump,2,36000,3365,24076526,694.26
3145,fun-rho3,objdump,2,36900,3365,24684186,696.29
3146,fun-rho3,objdump,2,37800,3377,25296355,678.18
3147,fun-rho3,objdump,2,38700,3377,25895738,674.94
3148,fun-rho3,objdump,2,39600,3382,26490754,689.29
3149,fun-rho3,objdump,2,40500,3388,27082911,670.11
3150,fun-rho3,objdump,2,41400,3391,27671186,655.14
3151,fun-rho3,objdump,2,42300,3415,28277533,699.26
3152,fun-rho3,objdump,2,43200,3415,28886412,629.32
3153,fun-rho3,objdump,2,44100,3417,29496674,664.3
3154,fun-rho3,objdump,2,45000,3419,30113530,696.22
3155,fun-rho3,objdump,2,45900,3420,30727588,708.22
3156,fun-rho3,objdump,2,46800,3421,31340709,667.31
3157,fun-rho3,objdump,2,47700,3427,31954583,693.88
3158,fun-rho3,objdump,2,48600,3427,32573737,710.29
3159,fun-rho3,objdump,2,49500,3429,33192525,679.14
3160,fun-rho3,objdump,2,50400,3430,33781290,715.01
3161,fun-rho3,objdump,2,51300,3431,34374684,665.23
3162,fun-rho3,objdump,2,52200,3440,34975434,688.8
3163,fun-rho3,objdump,2,53100,3587,35592136,681.27
3164,fun-rho3,objdump,2,54000,3660,36197611,685.18
3165,fun-rho3,objdump,2,54900,3665,36807410,687.15
3166,fun-rho3,objdump,2,55800,3668,37425787,683.01
3167,fun-rho3,objdump,2,56700,3668,38040593,712.98
3168,fun-rho3,objdump,2,57600,3685,38644559,722.58
3169,fun-rho3,objdump,2,58500,3689,39251367,660.41
3170,fun-rho3,objdump,2,59400,3693,39866130,695.71
3171,fun-rho3,objdump,2,60300,3695,40477528,678.41
3172,fun-rho3,objdump,2,61200,3697,41091951,697.82
3173,fun-rho3,objdump,2,62100,3697,41692800,662.94
3174,fun-rho3,objdump,2,63000,3705,42304353,708.53
3175,fun-rho3,objdump,2,63900,3705,42918844,677.7
3176,fun-rho3,objdump,2,64800,3709,43534637,680.06
3177,fun-rho3,objdump,2,65700,3709,44133851,695.22
3178,fun-rho3,objdump,2,66600,3709,44730973,708.42
3179,fun-rho3,objdump,2,67500,3709,45323915,701.45
3180,fun-rho3,objdump,2,68400,3714,45923915,696.15
3181,fun-rho3,objdump,2,69300,3715,46535494,675.3
3182,fun-rho3,objdump,2,70200,3715,47137543,688.3
3183,fun-rho3,objdump,2,71100,3715,47748661,676.81
3184,fun-rho3,objdump,2,72000,3716,48351951,703.44
3185,fun-rho3,objdump,2,72900,3718,48946934,713.93
3186,fun-rho3,objdump,2,73800,3719,49548843,652.47
3187,fun-rho3,objdump,2,74700,3720,50163410,706.59
3188,fun-rho3,objdump,2,75600,3720,50769635,679.96
3189,fun-rho3,objdump,2,76500,3722,51367828,716.73
3190,fun-rho3,objdump,2,77400,3722,51981295,688.64
3191,fun-rho3,objdump,2,78300,3722,52590685,665.89
3192,fun-rho3,objdump,2,79200,3724,53207837,686.34
3193,fun-rho3,objdump,2,80100,3726,53826825,696.49
3194,fun-rho3,objdump,2,81000,3726,54433335,674.91
3195,fun-rho3,objdump,2,81900,3726,55033148,715.27
3196,fun-rho3,objdump,2,82800,3729,55639806,694.23
3197,fun-rho3,objdump,2,83700,3729,56252134,684.99
3198,fun-rho3,objdump,2,84600,3729,56865456,699.83
3199,fun-rho3,objdump,2,85500,3729,57481771,710.88
3200,fun-rho3,objdump,2,86400,3731,58098914,679.77
3201,fun-rho3,objdump,3,0,1345,41854,690.41
3202,fun-rho3,objdump,3,900,1770,615783,674.17
3203,fun-rho3,objdump,3,1800,1979,1227245,651.53
3204,fun-rho3,objdump,3,2700,2188,1826284,692.11
3205,fun-rho3,objdump,3,3600,2347,2423636,655.03
3206,fun-rho3,objdump,3,4500,2430,3026356,710.81
3207,fun-rho3,objdump,3,5400,2510,3624676,659.47
3208,fun-rho3,objdump,3,6300,2573,4227902,664.34
3209,fun-rho3,objdump,3,7200,2642,4822941,671.88
3210,fun-rho3,objdump,3,8100,2667,5423461,671.89
3211,fun-rho3,objdump,3,9000,2690,6021123,674.4
3212,fun-rho3,objdump,3,9900,2693,6620029,684.63
3213,fun-rho3,objdump,3,10800,2708,7214014,642.11
3214,fun-rho3,objdump,3,11700,2715,7813768,662.84
3215,fun-rho3,objdump,3,12600,2730,8420467,706.45
3216,fun-rho3,objdump,3,13500,2735,9031234,702.88
3217,fun-rho3,objdump,3,14400,2736,9643451,691.15
3218,fun-rho3,objdump,3,15300,2747,10247916,680.05
3219,fun-rho3,objdump,3,16200,2747,10853432,688.56
3220,fun-rho3,objdump,3,17100,2760,11467460,689.04
3221,fun-rho3,objdump,3,18000,2762,12061720,709.76
3222,fun-rho3,objdump,3,18900,2900,12669004,699.67
3223,fun-rho3,objdump,3,19800,3046,13283311,667.54
3224,fun-rho3,objdump,3,20700,3052,13893312,678.12
3225,fun-rho3,objdump,3,21600,3056,14506782,657.24
3226,fun-rho3,objdump,3,22500,3058,15115874,699.75
3227,fun-rho3,objdump,3,23400,3409,15726367,694.65
3228,fun-rho3,objdump,3,24300,3559,16342893,684.89
3229,fun-rho3,objdump,3,25200,3582,16954967,702.78
3230,fun-rho3,objdump,3,26100,3584,17573792,705.58
3231,fun-rho3,objdump,3,27000,3584,18196200,709.24
3232,fun-rho3,objdump,3,27900,3585,18811707,723.99
3233,fun-rho3,objdump,3,28800,3586,19412245,724.57
3234,fun-rho3,objdump,3,29700,3588,20021871,683.62
3235,fun-rho3,objdump,3,30600,3592,20643101,697.81
3236,fun-rho3,objdump,3,31500,3592,21253868,697.75
3237,fun-rho3,objdump,3,32400,3593,21867135,684.78
3238,fun-rho3,objdump,3,33300,3595,22466783,705.09
3239,fun-rho3,objdump,3,34200,3607,23072755,714.25
3240,fun-rho3,objdump,3,35100,3607,23688455,680.46
3241,fun-rho3,objdump,3,36000,3608,24290572,705.96
3242,fun-rho3,objdump,3,36900,3611,24910802,699.7
3243,fun-rho3,objdump,3,37800,3611,25535002,688.07
3244,fun-rho3,objdump,3,38700,3618,26144649,711.65
3245,fun-rho3,objdump,3,39600,3623,26759877,680.76
3246,fun-rho3,objdump,3,40500,3638,27366460,690.76
3247,fun-rho3,objdump,3,41400,3639,27982918,693.77
3248,fun-rho3,objdump,3,42300,3639,28602790,614.31
3249,fun-rho3,objdump,3,43200,3639,29221947,698.11
3250,fun-rho3,objdump,3,44100,3640,29844657,708.28
3251,fun-rho3,objdump,3,45000,3640,30457440,702.03
3252,fun-rho3,objdump,3,45900,3651,31077771,684.62
3253,fun-rho3,objdump,3,46800,3665,31691113,692.38
3254,fun-rho3,objdump,3,47700,3671,32292146,681.28
3255,fun-rho3,objdump,3,48600,3673,32910420,686.13
3256,fun-rho3,objdump,3,49500,3673,33522439,700.53
3257,fun-rho3,objdump,3,50400,3678,34105298,679.84
3258,fun-rho3,objdump,3,51300,3679,34700848,711.89
3259,fun-rho3,objdump,3,52200,3680,35312937,710.19
3260,fun-rho3,objdump,3,53100,3680,35932421,689.4
3261,fun-rho3,objdump,3,54000,3680,36513230,657.98
3262,fun-rho3,objdump,3,54900,3682,37129531,713.34
3263,fun-rho3,objdump,3,55800,3684,37746881,679.27
3264,fun-rho3,objdump,3,56700,3688,38357262,718.26
3265,fun-rho3,objdump,3,57600,3690,38971218,663.83
3266,fun-rho3,objdump,3,58500,3691,39585866,678.95
3267,fun-rho3,objdump,3,59400,3692,40197199,697.26
3268,fun-rho3,objdump,3,60300,3695,40811514,691.63
3269,fun-rho3,objdump,3,61200,3702,41426723,677.81
3270,fun-rho3,objdump,3,62100,3702,42043975,62.75
3271,fun-rho3,objdump,3,63000,3703,42662396,704.41
3272,fun-rho3,objdump,3,63900,3703,43278372,692.12
3273,fun-rho3,objdump,3,64800,3703,43904375,679.16
3274,fun-rho3,objdump,3,65700,3704,44523542,705.77
3275,fun-rho3,objdump,3,66600,3704,45139470,730.62
3276,fun-rho3,objdump,3,67500,3704,45748611,685.8
3277,fun-rho3,objdump,3,68400,3800,46359226,701.98
3278,fun-rho3,objdump,3,69300,3804,46982776,677.27
3279,fun-rho3,objdump,3,70200,3806,47592372,676.2
3280,fun-rho3,objdump,3,71100,3822,48211446,716.36
3281,fun-rho3,objdump,3,72000,3916,48835313,706.86
3282,fun-rho3,objdump,3,72900,3951,49440757,645.09
3283,fun-rho3,objdump,3,73800,3961,50056385,703.76
3284,fun-rho3,objdump,3,74700,3986,50676959,724.86
3285,fun-rho3,objdump,3,75600,3988,51296465,62.8
3286,fun-rho3,objdump,3,76500,4005,51911887,716.34
3287,fun-rho3,objdump,3,77400,4005,52531741,710.9
3288,fun-rho3,objdump,3,78300,4011,53156657,710.33
3289,fun-rho3,objdump,3,79200,4015,53778070,694.99
3290,fun-rho3,objdump,3,80100,4020,54400302,697.85
3291,fun-rho3,objdump,3,81000,4020,55016990,664.9
3292,fun-rho3,objdump,3,81900,4022,55613281,722.48
3293,fun-rho3,objdump,3,82800,4022,56215895,694.89
3294,fun-rho3,objdump,3,83700,4024,56833768,714.22
3295,fun-rho3,objdump,3,84600,4024,57446519,682.95
3296,fun-rho3,objdump,3,85500,4024,58031631,686.93
3297,fun-rho3,objdump,3,86400,4024,58657178,699.34
3298,fun-rho3,objdump,4,0,1376,42840,727.1
3299,fun-rho3,objdump,4,900,1898,624486,695.21
3300,fun-rho3,objdump,4,1800,2074,1245285,709.87
3301,fun-rho3,objdump,4,2700,2161,1852592,693.71
3302,fun-rho3,objdump,4,3600,2281,2446618,663.82
3303,fun-rho3,objdump,4,4500,2510,3051466,652.3
3304,fun-rho3,objdump,4,5400,2757,3654603,683.97
3305,fun-rho3,objdump,4,6300,2893,4252811,668.93
3306,fun-rho3,objdump,4,7200,3013,4845893,706.53
3307,fun-rho3,objdump,4,8100,3070,5446956,660.04
3308,fun-rho3,objdump,4,9000,3092,6036213,675.51
3309,fun-rho3,objdump,4,9900,3107,6629240,695.89
3310,fun-rho3,objdump,4,10800,3145,7220868,696.7
3311,fun-rho3,objdump,4,11700,3159,7824037,716.65
3312,fun-rho3,objdump,4,12600,3227,8439098,725.5
3313,fun-rho3,objdump,4,13500,3263,9061051,668.13
3314,fun-rho3,objdump,4,14400,3268,9675011,701.61
3315,fun-rho3,objdump,4,15300,3276,10282649,696.81
3316,fun-rho3,objdump,4,16200,3279,10888828,673.34
3317,fun-rho3,objdump,4,17100,3279,11485316,666.72
3318,fun-rho3,objdump,4,18000,3295,12101364,694.01
3319,fun-rho3,objdump,4,18900,3304,12708106,691.08
3320,fun-rho3,objdump,4,19800,3355,13330057,653.53
3321,fun-rho3,objdump,4,20700,3382,13946725,662.63
3322,fun-rho3,objdump,4,21600,3400,14569421,693.24
3323,fun-rho3,objdump,4,22500,3408,15179747,682.42
3324,fun-rho3,objdump,4,23400,3409,15795036,695.27
3325,fun-rho3,objdump,4,24300,3410,16416233,702.29
3326,fun-rho3,objdump,4,25200,3419,17029369,688.02
3327,fun-rho3,objdump,4,26100,3420,17649576,682.68
3328,fun-rho3,objdump,4,27000,3421,18265155,693.94
3329,fun-rho3,objdump,4,27900,3426,18877304,653.74
3330,fun-rho3,objdump,4,28800,3427,19469595,722.06
3331,fun-rho3,objdump,4,29700,3430,20073227,660.25
3332,fun-rho3,objdump,4,30600,3443,20689342,717.54
3333,fun-rho3,objdump,4,31500,3443,21305674,685.24
3334,fun-rho3,objdump,4,32400,3444,21912159,664.71
3335,fun-rho3,objdump,4,33300,3450,22521261,673.2
3336,fun-rho3,objdump,4,34200,3450,23128660,734.59
3337,fun-rho3,objdump,4,35100,3450,23729909,693.93
3338,fun-rho3,objdump,4,36000,3456,24347384,704.26
3339,fun-rho3,objdump,4,36900,3458,24967433,700.58
3340,fun-rho3,objdump,4,37800,3461,25579131,694.56
3341,fun-rho3,objdump,4,38700,3466,26191326,708.64
3342,fun-rho3,objdump,4,39600,3467,26797928,667.68
3343,fun-rho3,objdump,4,40500,3469,27399786,710.93
3344,fun-rho3,objdump,4,41400,3472,28008770,671.23
3345,fun-rho3,objdump,4,42300,3475,28625676,683.02
3346,fun-rho3,objdump,4,43200,3475,29238103,695.62
3347,fun-rho3,objdump,4,44100,3477,29856150,697.97
3348,fun-rho3,objdump,4,45000,3605,30477064,691.98
3349,fun-rho3,objdump,4,45900,3608,31096643,707.23
3350,fun-rho3,objdump,4,46800,3609,31719599,699.57
3351,fun-rho3,objdump,4,47700,3618,32340063,695.33
3352,fun-rho3,objdump,4,48600,3622,32958585,717.17
3353,fun-rho3,objdump,4,49500,3688,33578166,722.57
3354,fun-rho3,objdump,4,50400,3690,34167979,719.97
3355,fun-rho3,objdump,4,51300,3701,34766392,702.57
3356,fun-rho3,objdump,4,52200,3707,35351532,702.49
3357,fun-rho3,objdump,4,53100,3707,35976647,685.31
3358,fun-rho3,objdump,4,54000,3708,36591570,699.15
3359,fun-rho3,objdump,4,54900,3708,37211018,717.89
3360,fun-rho3,objdump,4,55800,3708,37838270,720.8
3361,fun-rho3,objdump,4,56700,3708,38455380,691.21
3362,fun-rho3,objdump,4,57600,3722,39065019,694.32
3363,fun-rho3,objdump,4,58500,3722,39682974,694.44
3364,fun-rho3,objdump,4,59400,3722,40306107,703.43
3365,fun-rho3,objdump,4,60300,3722,40928033,685.85
3366,fun-rho3,objdump,4,61200,3723,41537052,692.16
3367,fun-rho3,objdump,4,62100,3723,42160922,686.68
3368,fun-rho3,objdump,4,63000,3724,42780440,699.38
3369,fun-rho3,objdump,4,63900,3726,43391676,62.27
3370,fun-rho3,objdump,4,64800,3760,44012322,717.42
3371,fun-rho3,objdump,4,65700,3768,44629994,697.77
3372,fun-rho3,objdump,4,66600,3769,45250575,706.08
3373,fun-rho3,objdump,4,67500,3769,45871238,651.95
3374,fun-rho3,objdump,4,68400,3769,46492829,704.24
3375,fun-rho3,objdump,4,69300,3775,47110652,677.08
3376,fun-rho3,objdump,4,70200,3775,47731135,693.99
3377,fun-rho3,objdump,4,71100,3775,48348708,667.1
3378,fun-rho3,objdump,4,72000,3775,48972363,689.75
3379,fun-rho3,objdump,4,72900,3777,49578689,697.25
3380,fun-rho3,objdump,4,73800,3777,50191976,723.12
3381,fun-rho3,objdump,4,74700,3777,50814550,693.01
3382,fun-rho3,objdump,4,75600,3778,51434390,712.33
3383,fun-rho3,objdump,4,76500,3778,52043599,704.63
3384,fun-rho3,objdump,4,77400,3779,52620125,683.95
3385,fun-rho3,objdump,4,78300,3780,53241752,700.53
3386,fun-rho3,objdump,4,79200,3784,53845099,277.79
3387,fun-rho3,objdump,4,80100,3788,54332122,699.75
3388,fun-rho3,objdump,4,81000,3790,54938607,695.37
3389,fun-rho3,objdump,4,81900,3791,55523533,699.15
3390,fun-rho3,objdump,4,82800,3791,56119837,696.47
3391,fun-rho3,objdump,4,83700,3791,56746361,679.19
3392,fun-rho3,objdump,4,84600,3791,57348606,696.54
3393,fun-rho3,objdump,4,85500,3792,57959445,715.13
3394,fun-rho3,objdump,4,86400,3792,58581068,715.24
3395,fun-rho3,objdump,5,0,1345,41416,705.49
3396,fun-rho3,objdump,5,900,1807,605365,686.18
3397,fun-rho3,objdump,5,1800,2121,1196596,665.85
3398,fun-rho3,objdump,5,2700,2371,1793977,644.71
3399,fun-rho3,objdump,5,3600,2496,2392301,713.16
3400,fun-rho3,objdump,5,4500,2581,2996672,651.64
3401,fun-rho3,objdump,5,5400,2658,3585838,657.1
3402,fun-rho3,objdump,5,6300,2929,4194591,711.43
3403,fun-rho3,objdump,5,7200,2995,4812608,686.6
3404,fun-rho3,objdump,5,8100,3027,5429944,679.74
3405,fun-rho3,objdump,5,9000,3047,6033886,696.15
3406,fun-rho3,objdump,5,9900,3061,6637368,669.95
3407,fun-rho3,objdump,5,10800,3064,7230283,63.44
3408,fun-rho3,objdump,5,11700,3309,7840748,684.73
3409,fun-rho3,objdump,5,12600,3350,8459295,683.08
3410,fun-rho3,objdump,5,13500,3357,9079995,61.88
3411,fun-rho3,objdump,5,14400,3453,9693074,686.1
3412,fun-rho3,objdump,5,15300,3614,10314246,688.21
3413,fun-rho3,objdump,5,16200,3642,10929640,666.15
3414,fun-rho3,objdump,5,17100,3646,11553099,711.26
3415,fun-rho3,objdump,5,18000,3654,12144380,700.17
3416,fun-rho3,objdump,5,18900,3660,12752201,679.97
3417,fun-rho3,objdump,5,19800,3674,13374827,701.26
3418,fun-rho3,objdump,5,20700,3686,13993064,691.11
3419,fun-rho3,objdump,5,21600,3686,14610464,655.18
3420,fun-rho3,objdump,5,22500,3689,15225718,705.08
3421,fun-rho3,objdump,5,23400,3694,15840111,703.58
3422,fun-rho3,objdump,5,24300,3696,16458084,674.96
3423,fun-rho3,objdump,5,25200,3696,17073790,699.06
3424,fun-rho3,objdump,5,26100,3696,17692971,702.12
3425,fun-rho3,objdump,5,27000,3728,18313222,706.43
3426,fun-rho3,objdump,5,27900,3756,18922523,709.16
3427,fun-rho3,objdump,5,28800,3761,19513673,715.11
3428,fun-rho3,objdump,5,29700,3761,20111125,699.45
3429,fun-rho3,objdump,5,30600,3762,20730304,700.81
3430,fun-rho3,objdump,5,31500,3763,21354192,691.15
3431,fun-rho3,objdump,5,32400,3783,21974836,707.14
3432,fun-rho3,objdump,5,33300,3788,22593544,716.7
3433,fun-rho3,objdump,5,34200,3790,23212021,698.59
3434,fun-rho3,objdump,5,35100,3791,23832840,647.48
3435,fun-rho3,objdump,5,36000,3791,24441681,707.73
3436,fun-rho3,objdump,5,36900,3791,25057808,706.67
3437,fun-rho3,objdump,5,37800,3793,25666134,554.38
3438,fun-rho3,objdump,5,38700,3797,26285688,692.89
3439,fun-rho3,objdump,5,39600,3798,26894234,666.85
3440,fun-rho3,objdump,5,40500,3801,27503162,682.0
3441,fun-rho3,objdump,5,41400,3801,28117393,684.33
3442,fun-rho3,objdump,5,42300,3807,28719647,692.01
3443,fun-rho3,objdump,5,43200,3842,29331982,707.61
3444,fun-rho3,objdump,5,44100,3842,29956198,710.95
3445,fun-rho3,objdump,5,45000,3845,30586194,680.46
3446,fun-rho3,objdump,5,45900,3845,31212592,708.24
3447,fun-rho3,objdump,5,46800,3852,31826865,706.41
3448,fun-rho3,objdump,5,47700,3866,32449950,714.08
3449,fun-rho3,objdump,5,48600,3867,33061625,683.06
3450,fun-rho3,objdump,5,49500,3873,33678513,695.65
3451,fun-rho3,objdump,5,50400,3874,34256554,685.01
3452,fun-rho3,objdump,5,51300,3874,34866500,727.92
3453,fun-rho3,objdump,5,52200,3876,35478667,710.56
3454,fun-rho3,objdump,5,53100,3876,36098303,662.64
3455,fun-rho3,objdump,5,54000,3877,36710241,699.36
3456,fun-rho3,objdump,5,54900,3877,37324029,701.34
3457,fun-rho3,objdump,5,55800,3878,37938076,681.76
3458,fun-rho3,objdump,5,56700,3878,38560691,726.46
3459,fun-rho3,objdump,5,57600,3884,39181106,700.96
3460,fun-rho3,objdump,5,58500,3884,39780965,673.93
3461,fun-rho3,objdump,5,59400,3885,40390204,691.22
3462,fun-rho3,objdump,5,60300,3885,41011483,428.62
3463,fun-rho3,objdump,5,61200,3885,41635099,691.59
3464,fun-rho3,objdump,5,62100,3885,42259405,680.23
3465,fun-rho3,objdump,5,63000,3885,42878932,696.9
3466,fun-rho3,objdump,5,63900,3886,43492137,707.99
3467,fun-rho3,objdump,5,64800,3886,44112695,685.91
3468,fun-rho3,objdump,5,65700,3887,44735277,566.27
3469,fun-rho3,objdump,5,66600,3896,45346469,694.98
3470,fun-rho3,objdump,5,67500,3936,45969101,710.15
3471,fun-rho3,objdump,5,68400,3939,46593412,668.45
3472,fun-rho3,objdump,5,69300,3952,47220429,685.09
3473,fun-rho3,objdump,5,70200,3967,47835268,722.59
3474,fun-rho3,objdump,5,71100,3969,48453483,717.26
3475,fun-rho3,objdump,5,72000,3969,49067623,683.18
3476,fun-rho3,objdump,5,72900,3969,49679026,660.8
3477,fun-rho3,objdump,5,73800,3969,50298034,701.58
3478,fun-rho3,objdump,5,74700,3978,50915528,705.06
3479,fun-rho3,objdump,5,75600,3980,51513883,692.2
3480,fun-rho3,objdump,5,76500,3980,52099786,648.04
3481,fun-rho3,objdump,5,77400,3981,52721155,681.39
3482,fun-rho3,objdump,5,78300,3981,53341785,682.96
3483,fun-rho3,objdump,5,79200,3990,53965237,725.19
3484,fun-rho3,objdump,5,80100,3990,54575312,677.25
3485,fun-rho3,objdump,5,81000,3990,55184333,652.91
3486,fun-rho3,objdump,5,81900,3992,55771766,686.91
3487,fun-rho3,objdump,5,82800,4004,56376507,695.52
3488,fun-rho3,objdump,5,83700,4008,56997936,676.84
3489,fun-rho3,objdump,5,84600,4008,57611950,680.21
3490,fun-rho3,objdump,5,85500,4008,58229028,679.67
3491,fun-rho3,objdump,5,86400,4009,58849618,0.0
3492,fun-rho3,objdump,6,0,1359,41247,690.78
3493,fun-rho3,objdump,6,900,1827,604218,685.3
3494,fun-rho3,objdump,6,1800,2334,1211638,688.19
3495,fun-rho3,objdump,6,2700,2535,1795886,632.65
3496,fun-rho3,objdump,6,3600,2672,2377908,634.93
3497,fun-rho3,objdump,6,4500,2966,2978059,633.84
3498,fun-rho3,objdump,6,5400,3067,3571797,684.88
3499,fun-rho3,objdump,6,6300,3266,4167682,682.22
3500,fun-rho3,objdump,6,7200,3357,4761482,608.86
3501,fun-rho3,objdump,6,8100,3432,5352964,714.14
3502,fun-rho3,objdump,6,9000,3504,5941982,659.36
3503,fun-rho3,objdump,6,9900,3546,6533644,640.0
3504,fun-rho3,objdump,6,10800,3570,7122147,668.69
3505,fun-rho3,objdump,6,11700,3579,7727783,679.68
3506,fun-rho3,objdump,6,12600,3589,8327560,715.72
3507,fun-rho3,objdump,6,13500,3602,8936030,647.69
3508,fun-rho3,objdump,6,14400,3617,9538670,680.64
3509,fun-rho3,objdump,6,15300,3617,10155601,708.41
3510,fun-rho3,objdump,6,16200,3698,10755978,658.14
3511,fun-rho3,objdump,6,17100,3707,11350026,699.83
3512,fun-rho3,objdump,6,18000,3709,11952264,669.79
3513,fun-rho3,objdump,6,18900,3712,12535578,665.22
3514,fun-rho3,objdump,6,19800,3713,13135230,681.21
3515,fun-rho3,objdump,6,20700,3713,13750427,695.3
3516,fun-rho3,objdump,6,21600,3719,14355798,692.15
3517,fun-rho3,objdump,6,22500,3722,14955438,661.46
3518,fun-rho3,objdump,6,23400,3726,15559945,651.51
3519,fun-rho3,objdump,6,24300,3729,16167389,487.67
3520,fun-rho3,objdump,6,25200,3731,16777092,650.14
3521,fun-rho3,objdump,6,26100,3759,17384305,696.21
3522,fun-rho3,objdump,6,27000,3759,17995583,695.67
3523,fun-rho3,objdump,6,27900,3759,18590864,661.99
3524,fun-rho3,objdump,6,28800,3767,19176835,694.16
3525,fun-rho3,objdump,6,29700,3767,19770339,699.27
3526,fun-rho3,objdump,6,30600,3767,20379083,689.47
3527,fun-rho3,objdump,6,31500,3768,20990029,676.38
3528,fun-rho3,objdump,6,32400,3770,21604773,699.0
3529,fun-rho3,objdump,6,33300,3775,22192475,721.97
3530,fun-rho3,objdump,6,34200,3777,22803209,690.25
3531,fun-rho3,objdump,6,35100,3777,23411861,698.8
3532,fun-rho3,objdump,6,36000,3777,24026317,680.77
3533,fun-rho3,objdump,6,36900,3777,24638980,700.1
3534,fun-rho3,objdump,6,37800,3777,25245110,634.52
3535,fun-rho3,objdump,6,38700,3779,25839572,534.95
3536,fun-rho3,objdump,6,39600,3785,26429026,674.82
3537,fun-rho3,objdump,6,40500,3786,27029879,700.66
3538,fun-rho3,objdump,6,41400,3787,27638466,683.96
3539,fun-rho3,objdump,6,42300,3788,28247232,683.83
3540,fun-rho3,objdump,6,43200,3802,28850708,678.81
3541,fun-rho3,objdump,6,44100,3807,29462097,679.68
3542,fun-rho3,objdump,6,45000,3808,30073142,691.04
3543,fun-rho3,objdump,6,45900,3814,30683399,679.41
3544,fun-rho3,objdump,6,46800,3814,31281305,691.39
3545,fun-rho3,objdump,6,47700,3814,31895609,694.5
3546,fun-rho3,objdump,6,48600,3814,32512222,693.16
3547,fun-rho3,objdump,6,49500,3815,33102353,674.99
3548,fun-rho3,objdump,6,50400,3815,33672267,692.64
3549,fun-rho3,objdump,6,51300,3816,34258696,705.96
3550,fun-rho3,objdump,6,52200,3817,34859729,672.41
3551,fun-rho3,objdump,6,53100,3818,35453581,637.51
3552,fun-rho3,objdump,6,54000,3818,36042274,684.87
3553,fun-rho3,objdump,6,54900,3819,36649564,602.4
3554,fun-rho3,objdump,6,55800,3825,37243509,685.77
3555,fun-rho3,objdump,6,56700,3825,37845070,594.61
3556,fun-rho3,objdump,6,57600,3825,38457701,698.54
3557,fun-rho3,objdump,6,58500,3825,39062247,719.71
3558,fun-rho3,objdump,6,59400,3825,39671118,693.95
3559,fun-rho3,objdump,6,60300,3825,40285092,676.0
3560,fun-rho3,objdump,6,61200,3825,40900609,656.78
3561,fun-rho3,objdump,6,62100,3825,41503581,687.28
3562,fun-rho3,objdump,6,63000,3825,42109005,691.02
3563,fun-rho3,objdump,6,63900,3826,42720720,699.12
3564,fun-rho3,objdump,6,64800,3826,43322135,674.55
3565,fun-rho3,objdump,6,65700,3826,43935618,701.21
3566,fun-rho3,objdump,6,66600,3827,44541694,631.6
3567,fun-rho3,objdump,6,67500,3828,45148613,635.32
3568,fun-rho3,objdump,6,68400,3828,45755524,661.1
3569,fun-rho3,objdump,6,69300,3828,46364500,658.46
3570,fun-rho3,objdump,6,70200,3830,46976894,643.74
3571,fun-rho3,objdump,6,71100,3832,47584759,683.48
3572,fun-rho3,objdump,6,72000,3832,48192513,657.76
3573,fun-rho3,objdump,6,72900,3832,48799452,697.23
3574,fun-rho3,objdump,6,73800,3832,49407840,683.42
3575,fun-rho3,objdump,6,74700,3834,50010980,683.49
3576,fun-rho3,objdump,6,75600,3834,50611427,694.07
3577,fun-rho3,objdump,6,76500,3834,51223098,684.35
3578,fun-rho3,objdump,6,77400,3835,51827406,690.42
3579,fun-rho3,objdump,6,78300,3835,52439133,701.15
3580,fun-rho3,objdump,6,79200,3835,53051055,696.37
3581,fun-rho3,objdump,6,80100,3835,53644323,687.58
3582,fun-rho3,objdump,6,81000,3835,54245198,674.36
3583,fun-rho3,objdump,6,81900,3835,54825486,411.77
3584,fun-rho3,objdump,6,82800,3838,55435680,675.96
3585,fun-rho3,objdump,6,83700,3838,56036462,685.86
3586,fun-rho3,objdump,6,84600,3838,56633197,664.92
3587,fun-rho3,objdump,6,85500,3838,57230883,661.26
3588,fun-rho3,objdump,6,86400,3838,57844714,678.8
3589,fun-rho3,objdump,7,0,1343,42220,666.07
3590,fun-rho3,objdump,7,900,1911,618694,722.5
3591,fun-rho3,objdump,7,1800,2088,1234913,641.35
3592,fun-rho3,objdump,7,2700,2279,1823067,698.22
3593,fun-rho3,objdump,7,3600,2379,2418040,649.79
3594,fun-rho3,objdump,7,4500,2412,3008889,639.26
3595,fun-rho3,objdump,7,5400,2477,3612690,654.58
3596,fun-rho3,objdump,7,6300,2524,4204767,665.28
3597,fun-rho3,objdump,7,7200,2557,4797927,652.21
3598,fun-rho3,objdump,7,8100,2575,5397444,675.01
3599,fun-rho3,objdump,7,9000,2583,6004099,666.38
3600,fun-rho3,objdump,7,9900,2822,6612330,706.98
3601,fun-rho3,objdump,7,10800,3157,7227396,686.94
3602,fun-rho3,objdump,7,11700,3223,7842598,676.44
3603,fun-rho3,objdump,7,12600,3232,8448030,665.56
3604,fun-rho3,objdump,7,13500,3245,9062182,674.82
3605,fun-rho3,objdump,7,14400,3253,9672092,685.26
3606,fun-rho3,objdump,7,15300,3267,10265652,643.83
3607,fun-rho3,objdump,7,16200,3268,10875478,692.53
3608,fun-rho3,objdump,7,17100,3272,11484699,713.59
3609,fun-rho3,objdump,7,18000,3291,12083189,680.33
3610,fun-rho3,objdump,7,18900,3295,12688605,691.48
3611,fun-rho3,objdump,7,19800,3306,13306649,694.92
3612,fun-rho3,objdump,7,20700,3308,13914725,657.63
3613,fun-rho3,objdump,7,21600,3309,14516530,700.08
3614,fun-rho3,objdump,7,22500,3313,15110784,682.86
3615,fun-rho3,objdump,7,23400,3540,15730408,704.26
3616,fun-rho3,objdump,7,24300,3546,16345189,686.17
3617,fun-rho3,objdump,7,25200,3547,16960410,642.43
3618,fun-rho3,objdump,7,26100,3549,17573809,659.9
3619,fun-rho3,objdump,7,27000,3549,18192153,694.17
3620,fun-rho3,objdump,7,27900,3551,18802161,660.52
3621,fun-rho3,objdump,7,28800,3551,19409903,679.35
3622,fun-rho3,objdump,7,29700,3556,20020521,679.14
3623,fun-rho3,objdump,7,30600,3558,20628225,694.73
3624,fun-rho3,objdump,7,31500,3560,21250498,662.35
3625,fun-rho3,objdump,7,32400,3560,21863532,707.23
3626,fun-rho3,objdump,7,33300,3560,22475929,690.43
3627,fun-rho3,objdump,7,34200,3560,23087100,687.96
3628,fun-rho3,objdump,7,35100,3561,23705068,683.23
3629,fun-rho3,objdump,7,36000,3561,24322795,708.33
3630,fun-rho3,objdump,7,36900,3567,24940003,671.62
3631,fun-rho3,objdump,7,37800,3570,25549502,689.53
3632,fun-rho3,objdump,7,38700,3570,26167268,717.72
3633,fun-rho3,objdump,7,39600,3571,26778630,643.25
3634,fun-rho3,objdump,7,40500,3572,27372537,691.43
3635,fun-rho3,objdump,7,41400,3580,27967017,680.02
3636,fun-rho3,objdump,7,42300,3581,28580316,698.59
3637,fun-rho3,objdump,7,43200,3583,29198796,715.44
3638,fun-rho3,objdump,7,44100,3583,29798207,679.74
3639,fun-rho3,objdump,7,45000,3584,30414186,672.54
3640,fun-rho3,objdump,7,45900,3585,31029516,702.86
3641,fun-rho3,objdump,7,46800,3585,31653681,699.73
3642,fun-rho3,objdump,7,47700,3592,32256769,650.71
3643,fun-rho3,objdump,7,48600,3607,32872536,693.75
3644,fun-rho3,objdump,7,49500,3611,33490987,708.94
3645,fun-rho3,objdump,7,50400,3611,34066890,685.38
3646,fun-rho3,objdump,7,51300,3613,34672548,688.7
3647,fun-rho3,objdump,7,52200,3614,35265348,684.38
3648,fun-rho3,objdump,7,53100,3616,35878502,707.95
3649,fun-rho3,objdump,7,54000,3632,36482563,61.93
3650,fun-rho3,objdump,7,54900,3635,37097735,676.7
3651,fun-rho3,objdump,7,55800,3635,37717420,697.14
3652,fun-rho3,objdump,7,56700,3635,38341259,687.74
3653,fun-rho3,objdump,7,57600,3635,38962940,661.96
3654,fun-rho3,objdump,7,58500,3635,39560001,675.04
3655,fun-rho3,objdump,7,59400,3637,40170013,663.07
3656,fun-rho3,objdump,7,60300,3640,40790663,693.23
3657,fun-rho3,objdump,7,61200,3640,41406056,710.87
3658,fun-rho3,objdump,7,62100,3640,42018207,512.43
3659,fun-rho3,objdump,7,63000,3640,42626261,681.8
3660,fun-rho3,objdump,7,63900,3643,43248301,703.08
3661,fun-rho3,objdump,7,64800,3644,43861836,689.73
3662,fun-rho3,objdump,7,65700,3644,44481489,715.64
3663,fun-rho3,objdump,7,66600,3644,45093353,664.26
3664,fun-rho3,objdump,7,67500,3644,45705694,682.86
3665,fun-rho3,objdump,7,68400,3644,46325684,691.17
3666,fun-rho3,objdump,7,69300,3645,46932174,625.32
3667,fun-rho3,objdump,7,70200,3645,47552683,703.33
3668,fun-rho3,objdump,7,71100,3645,48162835,683.18
3669,fun-rho3,objdump,7,72000,3645,48779201,705.63
3670,fun-rho3,objdump,7,72900,3645,49391682,687.48
3671,fun-rho3,objdump,7,73800,3645,50014322,697.89
3672,fun-rho3,objdump,7,74700,3645,50639563,718.71
3673,fun-rho3,objdump,7,75600,3645,51254913,697.41
3674,fun-rho3,objdump,7,76500,3645,51874513,721.63
3675,fun-rho3,objdump,7,77400,3645,52493751,684.64
3676,fun-rho3,objdump,7,78300,3646,53117944,698.34
3677,fun-rho3,objdump,7,79200,3649,53738337,682.03
3678,fun-rho3,objdump,7,80100,3649,54361397,696.09
3679,fun-rho3,objdump,7,81000,3649,54982394,704.43
3680,fun-rho3,objdump,7,81900,3649,55588302,693.88
3681,fun-rho3,objdump,7,82800,3649,56198995,706.16
3682,fun-rho3,objdump,7,83700,3649,56824664,683.45
3683,fun-rho3,objdump,7,84600,3649,57428090,704.88
3684,fun-rho3,objdump,7,85500,3650,58052437,702.81
3685,fun-rho3,objdump,7,86400,3651,58681662,0.0
3686,fun-rho3,objdump,8,0,1339,41371,703.14
3687,fun-rho3,objdump,8,900,1821,610400,677.49
3688,fun-rho3,objdump,8,1800,2116,1230937,699.64
3689,fun-rho3,objdump,8,2700,2320,1829916,676.0
3690,fun-rho3,objdump,8,3600,2462,2421004,668.44
3691,fun-rho3,objdump,8,4500,2517,3012516,659.97
3692,fun-rho3,objdump,8,5400,2798,3610895,712.34
3693,fun-rho3,objdump,8,6300,2854,4209482,681.11
3694,fun-rho3,objdump,8,7200,2902,4802919,673.35
3695,fun-rho3,objdump,8,8100,2965,5393004,685.17
3696,fun-rho3,objdump,8,9000,2972,5986038,696.34
3697,fun-rho3,objdump,8,9900,3021,6588805,646.01
3698,fun-rho3,objdump,8,10800,3436,7195469,698.25
3699,fun-rho3,objdump,8,11700,3487,7807782,691.64
3700,fun-rho3,objdump,8,12600,3497,8416268,681.24
3701,fun-rho3,objdump,8,13500,3506,9021228,688.93
3702,fun-rho3,objdump,8,14400,3513,9644709,687.62
3703,fun-rho3,objdump,8,15300,3518,10250230,656.0
3704,fun-rho3,objdump,8,16200,3519,10859076,683.73
3705,fun-rho3,objdump,8,17100,3521,11473514,658.79
3706,fun-rho3,objdump,8,18000,3530,12072963,704.38
3707,fun-rho3,objdump,8,18900,3531,12680417,691.06
3708,fun-rho3,objdump,8,19800,3532,13290551,708.45
3709,fun-rho3,objdump,8,20700,3533,13902474,722.55
3710,fun-rho3,objdump,8,21600,3533,14517653,679.97
3711,fun-rho3,objdump,8,22500,3533,15126722,687.37
3712,fun-rho3,objdump,8,23400,3533,15740185,688.56
3713,fun-rho3,objdump,8,24300,3558,16352858,59.79
3714,fun-rho3,objdump,8,25200,3559,16966878,708.51
3715,fun-rho3,objdump,8,26100,3559,17584444,670.23
3716,fun-rho3,objdump,8,27000,3560,18196925,702.9
3717,fun-rho3,objdump,8,27900,3574,18801643,647.16
3718,fun-rho3,objdump,8,28800,3578,19390836,678.1
3719,fun-rho3,objdump,8,29700,3578,20005832,715.57
3720,fun-rho3,objdump,8,30600,3579,20618506,693.4
3721,fun-rho3,objdump,8,31500,3579,21237465,689.75
3722,fun-rho3,objdump,8,32400,3579,21851821,718.53
3723,fun-rho3,objdump,8,33300,3579,22455729,669.27
3724,fun-rho3,objdump,8,34200,3593,23073328,681.04
3725,fun-rho3,objdump,8,35100,3594,23691270,704.62
3726,fun-rho3,objdump,8,36000,3594,24312201,692.74
3727,fun-rho3,objdump,8,36900,3594,24919821,688.15
3728,fun-rho3,objdump,8,37800,3595,25514331,716.05
3729,fun-rho3,objdump,8,38700,3597,26127817,672.84
3730,fun-rho3,objdump,8,39600,3608,26719183,696.81
3731,fun-rho3,objdump,8,40500,3610,27323936,696.62
3732,fun-rho3,objdump,8,41400,3612,27931802,671.41
3733,fun-rho3,objdump,8,42300,3612,28550536,676.37
3734,fun-rho3,objdump,8,43200,3612,29173258,698.12
3735,fun-rho3,objdump,8,44100,3621,29759643,674.1
3736,fun-rho3,objdump,8,45000,3622,30376622,647.61
3737,fun-rho3,objdump,8,45900,3622,30991237,703.96
3738,fun-rho3,objdump,8,46800,3622,31601333,687.84
3739,fun-rho3,objdump,8,47700,3623,32221890,680.72
3740,fun-rho3,objdump,8,48600,3625,32841259,686.79
3741,fun-rho3,objdump,8,49500,3627,33442221,685.15
3742,fun-rho3,objdump,8,50400,3628,34026964,712.88
3743,fun-rho3,objdump,8,51300,3628,34631677,689.4
3744,fun-rho3,objdump,8,52200,3634,35234692,703.12
3745,fun-rho3,objdump,8,53100,3636,35852810,717.91
3746,fun-rho3,objdump,8,54000,3636,36458818,696.88
3747,fun-rho3,objdump,8,54900,3654,37079934,697.49
3748,fun-rho3,objdump,8,55800,3669,37698518,672.32
3749,fun-rho3,objdump,8,56700,3669,38314408,679.79
3750,fun-rho3,objdump,8,57600,3670,38917760,722.05
3751,fun-rho3,objdump,8,58500,3670,39507180,686.67
3752,fun-rho3,objdump,8,59400,3684,40128138,717.22
3753,fun-rho3,objdump,8,60300,3690,40740864,689.45
3754,fun-rho3,objdump,8,61200,3693,41356352,671.4
3755,fun-rho3,objdump,8,62100,3693,41973689,671.46
3756,fun-rho3,objdump,8,63000,3693,42577289,703.34
3757,fun-rho3,objdump,8,63900,3693,43190528,693.44
3758,fun-rho3,objdump,8,64800,3693,43782846,666.24
3759,fun-rho3,objdump,8,65700,3693,44399343,664.68
3760,fun-rho3,objdump,8,66600,3706,45018542,708.95
3761,fun-rho3,objdump,8,67500,3813,45630710,711.69
3762,fun-rho3,objdump,8,68400,3818,46252636,703.01
3763,fun-rho3,objdump,8,69300,3818,46871118,712.84
3764,fun-rho3,objdump,8,70200,3818,47491734,691.94
3765,fun-rho3,objdump,8,71100,3818,48106318,698.43
3766,fun-rho3,objdump,8,72000,3818,48730184,657.69
3767,fun-rho3,objdump,8,72900,3818,49333812,709.88
3768,fun-rho3,objdump,8,73800,3818,49953931,686.39
3769,fun-rho3,objdump,8,74700,3820,50568259,672.27
3770,fun-rho3,objdump,8,75600,3820,51167686,707.38
3771,fun-rho3,objdump,8,76500,3820,51781419,721.03
3772,fun-rho3,objdump,8,77400,3822,52392072,696.87
3773,fun-rho3,objdump,8,78300,3822,53013650,696.62
3774,fun-rho3,objdump,8,79200,3823,53636435,681.53
3775,fun-rho3,objdump,8,80100,3823,54258700,715.02
3776,fun-rho3,objdump,8,81000,3824,54869591,680.83
3777,fun-rho3,objdump,8,81900,3824,55449151,719.9
3778,fun-rho3,objdump,8,82800,3826,56052890,685.9
3779,fun-rho3,objdump,8,83700,3828,56667964,685.56
3780,fun-rho3,objdump,8,84600,3828,57283229,699.17
3781,fun-rho3,objdump,8,85500,3845,57900468,711.64
3782,fun-rho3,objdump,8,86400,3852,58531351,706.52
3783,fun-rho3,objdump,9,0,1359,41135,694.39
3784,fun-rho3,objdump,9,900,1808,592223,658.43
3785,fun-rho3,objdump,9,1800,2089,1185603,666.68
3786,fun-rho3,objdump,9,2700,2260,1778149,649.15
3787,fun-rho3,objdump,9,3600,2422,2371128,655.89
3788,fun-rho3,objdump,9,4500,2533,2974569,663.02
3789,fun-rho3,objdump,9,5400,2575,3570927,694.33
3790,fun-rho3,objdump,9,6300,2622,4173666,679.48
3791,fun-rho3,objdump,9,7200,2627,4776833,694.97
3792,fun-rho3,objdump,9,8100,2645,5379509,634.55
3793,fun-rho3,objdump,9,9000,3053,5983253,648.43
3794,fun-rho3,objdump,9,9900,3140,6574377,660.11
3795,fun-rho3,objdump,9,10800,3179,7182753,670.2
3796,fun-rho3,objdump,9,11700,3336,7793616,659.25
3797,fun-rho3,objdump,9,12600,3346,8398278,684.99
3798,fun-rho3,objdump,9,13500,3352,9009201,645.74
3799,fun-rho3,objdump,9,14400,3399,9622578,680.06
3800,fun-rho3,objdump,9,15300,3400,10222029,693.77
3801,fun-rho3,objdump,9,16200,3407,10821485,676.29
3802,fun-rho3,objdump,9,17100,3407,11427208,652.78
3803,fun-rho3,objdump,9,18000,3410,12022312,707.02
3804,fun-rho3,objdump,9,18900,3413,12625113,679.13
3805,fun-rho3,objdump,9,19800,3414,13229539,692.9
3806,fun-rho3,objdump,9,20700,3418,13844227,673.96
3807,fun-rho3,objdump,9,21600,3419,14452236,640.42
3808,fun-rho3,objdump,9,22500,3424,15061519,674.19
3809,fun-rho3,objdump,9,23400,3428,15674431,699.49
3810,fun-rho3,objdump,9,24300,3431,16276984,666.56
3811,fun-rho3,objdump,9,25200,3433,16888114,653.68
3812,fun-rho3,objdump,9,26100,3433,17494239,684.73
3813,fun-rho3,objdump,9,27000,3435,18107482,698.36
3814,fun-rho3,objdump,9,27900,3436,18705612,667.95
3815,fun-rho3,objdump,9,28800,3437,19297489,686.18
3816,fun-rho3,objdump,9,29700,3439,19900693,675.14
3817,fun-rho3,objdump,9,30600,3439,20511280,665.76
3818,fun-rho3,objdump,9,31500,3439,21115555,62.5
3819,fun-rho3,objdump,9,32400,3444,21717622,632.0
3820,fun-rho3,objdump,9,33300,3444,22315929,679.54
3821,fun-rho3,objdump,9,34200,3459,22920266,667.01
3822,fun-rho3,objdump,9,35100,3460,23518769,669.37
3823,fun-rho3,objdump,9,36000,3464,24125402,695.24
3824,fun-rho3,objdump,9,36900,3473,24738579,673.51
3825,fun-rho3,objdump,9,37800,3476,25350218,702.5
3826,fun-rho3,objdump,9,38700,3483,25956235,688.25
3827,fun-rho3,objdump,9,39600,3484,26533094,661.56
3828,fun-rho3,objdump,9,40500,3488,27123910,655.34
3829,fun-rho3,objdump,9,41400,3488,27729041,667.83
3830,fun-rho3,objdump,9,42300,3509,28327405,687.28
3831,fun-rho3,objdump,9,43200,3513,28935256,620.31
3832,fun-rho3,objdump,9,44100,3514,29545249,670.05
3833,fun-rho3,objdump,9,45000,3515,30149679,613.1
3834,fun-rho3,objdump,9,45900,3760,30759380,696.08
3835,fun-rho3,objdump,9,46800,3773,31369651,686.83
3836,fun-rho3,objdump,9,47700,3840,31982876,694.44
3837,fun-rho3,objdump,9,48600,3840,32599391,695.08
3838,fun-rho3,objdump,9,49500,3840,33187440,677.96
3839,fun-rho3,objdump,9,50400,3840,33757058,692.2
3840,fun-rho3,objdump,9,51300,3842,34329807,683.83
3841,fun-rho3,objdump,9,52200,3842,34935987,684.88
3842,fun-rho3,objdump,9,53100,3842,35530742,721.57
3843,fun-rho3,objdump,9,54000,3842,36117123,680.52
3844,fun-rho3,objdump,9,54900,3845,36726300,690.83
3845,fun-rho3,objdump,9,55800,3846,37334484,676.14
3846,fun-rho3,objdump,9,56700,3846,37947840,699.33
3847,fun-rho3,objdump,9,57600,3854,38558168,673.79
3848,fun-rho3,objdump,9,58500,3855,39149775,667.36
3849,fun-rho3,objdump,9,59400,3859,39753398,668.87
3850,fun-rho3,objdump,9,60300,3859,40365366,694.94
3851,fun-rho3,objdump,9,61200,3859,40970984,712.2
3852,fun-rho3,objdump,9,62100,3862,41583105,702.77
3853,fun-rho3,objdump,9,63000,3862,42193932,688.0
3854,fun-rho3,objdump,9,63900,3862,42806717,690.19
3855,fun-rho3,objdump,9,64800,3862,43394510,689.7
3856,fun-rho3,objdump,9,65700,3862,43998209,694.24
3857,fun-rho3,objdump,9,66600,3862,44572732,690.97
3858,fun-rho3,objdump,9,67500,3862,45165913,62.76
3859,fun-rho3,objdump,9,68400,3864,45771007,692.33
3860,fun-rho3,objdump,9,69300,3865,46375772,721.0
3861,fun-rho3,objdump,9,70200,3865,46976001,679.3
3862,fun-rho3,objdump,9,71100,3866,47568413,695.23
3863,fun-rho3,objdump,9,72000,3866,48161911,693.31
3864,fun-rho3,objdump,9,72900,3866,48764124,679.99
3865,fun-rho3,objdump,9,73800,3866,49374433,674.01
3866,fun-rho3,objdump,9,74700,3867,49988319,699.13
3867,fun-rho3,objdump,9,75600,3868,50594568,674.85
3868,fun-rho3,objdump,9,76500,3868,51194445,679.76
3869,fun-rho3,objdump,9,77400,3868,51804491,672.25
3870,fun-rho3,objdump,9,78300,3868,52413278,704.73
3871,fun-rho3,objdump,9,79200,3872,53026457,688.05
3872,fun-rho3,objdump,9,80100,3872,53625501,667.93
3873,fun-rho3,objdump,9,81000,3872,54218638,698.19
3874,fun-rho3,objdump,9,81900,3872,54814484,677.9
3875,fun-rho3,objdump,9,82800,3872,55425072,705.24
3876,fun-rho3,objdump,9,83700,3872,56028237,674.0
3877,fun-rho3,objdump,9,84600,3872,56638694,691.67
3878,fun-rho3,objdump,9,85500,3872,57242720,673.82
3879,fun-rho3,objdump,9,86400,3888,57861320,733.21
