,trial_id,project,fuzzer,target,find_type,bug,time,timestamp
0,1,sqlite3,funfuzz,sqlite3_fuzz,reached,SQL014,1115,1718695085.6039495
1,2,sqlite3,funfuzz,sqlite3_fuzz,reached,SQL014,3065,1718695085.6039495
2,3,sqlite3,funfuzz,sqlite3_fuzz,reached,SQL014,1920,1718695085.6039495
3,4,sqlite3,funfuzz,sqlite3_fuzz,reached,SQL014,1745,1718695085.6039495
4,5,sqlite3,funfuzz,sqlite3_fuzz,reached,SQL014,795,1718695085.6039495
5,6,sqlite3,funfuzz,sqlite3_fuzz,reached,SQL014,2005,1718695085.6039495
6,7,sqlite3,funfuzz,sqlite3_fuzz,reached,SQL014,7160,1718695085.6039495
7,8,sqlite3,funfuzz,sqlite3_fuzz,reached,SQL014,1665,1718695085.6039495
8,9,sqlite3,funfuzz,sqlite3_fuzz,reached,SQL014,5650,1718695085.6039495
9,10,sqlite3,funfuzz,sqlite3_fuzz,reached,SQL014,1535,1718695085.6039495
10,11,sqlite3,funfuzz,sqlite3_fuzz,reached,SQL014,2695,1718695085.6039495
11,12,sqlite3,funfuzz,sqlite3_fuzz,reached,SQL014,11975,1718695085.6039495
12,13,sqlite3,funfuzz,sqlite3_fuzz,reached,SQL014,655,1718695085.6039495
13,14,sqlite3,funfuzz,sqlite3_fuzz,reached,SQL014,690,1718695085.6039495
14,15,sqlite3,funfuzz,sqlite3_fuzz,reached,SQL014,2405,1718695085.6039495
15,16,sqlite3,funfuzz,sqlite3_fuzz,reached,SQL014,7160,1718695085.6039495
16,17,sqlite3,funfuzz,sqlite3_fuzz,reached,SQL014,5740,1718695085.6039495
17,18,sqlite3,funfuzz,sqlite3_fuzz,reached,SQL014,1330,1718695085.6039495
18,19,sqlite3,funfuzz,sqlite3_fuzz,reached,SQL014,2985,1718695085.6039495
19,20,sqlite3,funfuzz,sqlite3_fuzz,reached,SQL014,195,1718695085.6039495
20,1,sqlite3,funfuzz,sqlite3_fuzz,triggered,SQL014,43520,1718695085.6039495
21,2,sqlite3,funfuzz,sqlite3_fuzz,triggered,SQL014,29390,1718695085.6039495
22,3,sqlite3,funfuzz,sqlite3_fuzz,triggered,SQL014,21505,1718695085.6039495
23,4,sqlite3,funfuzz,sqlite3_fuzz,triggered,SQL014,3995,1718695085.6039495
24,5,sqlite3,funfuzz,sqlite3_fuzz,triggered,SQL014,1650,1718695085.6039495
25,6,sqlite3,funfuzz,sqlite3_fuzz,triggered,SQL014,29920,1718695085.6039495
26,7,sqlite3,funfuzz,sqlite3_fuzz,triggered,SQL014,8035,1718695085.6039495
27,8,sqlite3,funfuzz,sqlite3_fuzz,triggered,SQL014,1735,1718695085.6039495
28,9,sqlite3,funfuzz,sqlite3_fuzz,triggered,SQL014,30635,1718695085.6039495
29,10,sqlite3,funfuzz,sqlite3_fuzz,triggered,SQL014,31300,1718695085.6039495
30,11,sqlite3,funfuzz,sqlite3_fuzz,triggered,SQL014,2805,1718695085.6039495
31,12,sqlite3,funfuzz,sqlite3_fuzz,triggered,SQL014,25950,1718695085.6039495
32,13,sqlite3,funfuzz,sqlite3_fuzz,triggered,SQL014,7460,1718695085.6039495
33,14,sqlite3,funfuzz,sqlite3_fuzz,triggered,SQL014,4040,1718695085.6039495
34,15,sqlite3,funfuzz,sqlite3_fuzz,triggered,SQL014,2735,1718695085.6039495
35,16,sqlite3,funfuzz,sqlite3_fuzz,triggered,SQL014,22180,1718695085.6039495
36,17,sqlite3,funfuzz,sqlite3_fuzz,triggered,SQL014,5750,1718695085.6039495
37,18,sqlite3,funfuzz,sqlite3_fuzz,triggered,SQL014,7205,1718695085.6039495
38,19,sqlite3,funfuzz,sqlite3_fuzz,triggered,SQL014,6245,1718695085.6039495
39,20,sqlite3,funfuzz,sqlite3_fuzz,triggered,SQL014,6945,1718695085.6039495
40,1,sqlite3,funfuzz,sqlite3_fuzz,reached,SQL009,870,1718695085.6039495
41,2,sqlite3,funfuzz,sqlite3_fuzz,reached,SQL009,4060,1718695085.6039495
42,3,sqlite3,funfuzz,sqlite3_fuzz,reached,SQL009,620,1718695085.6039495
43,4,sqlite3,funfuzz,sqlite3_fuzz,reached,SQL009,435,1718695085.6039495
44,5,sqlite3,funfuzz,sqlite3_fuzz,reached,SQL009,805,1718695085.6039495
45,6,sqlite3,funfuzz,sqlite3_fuzz,reached,SQL009,1530,1718695085.6039495
46,7,sqlite3,funfuzz,sqlite3_fuzz,reached,SQL009,4120,1718695085.6039495
47,8,sqlite3,funfuzz,sqlite3_fuzz,reached,SQL009,1600,1718695085.6039495
48,9,sqlite3,funfuzz,sqlite3_fuzz,reached,SQL009,1960,1718695085.6039495
49,10,sqlite3,funfuzz,sqlite3_fuzz,reached,SQL009,1980,1718695085.6039495
50,11,sqlite3,funfuzz,sqlite3_fuzz,reached,SQL009,1775,1718695085.6039495
51,12,sqlite3,funfuzz,sqlite3_fuzz,reached,SQL009,4180,1718695085.6039495
52,13,sqlite3,funfuzz,sqlite3_fuzz,reached,SQL009,3075,1718695085.6039495
53,14,sqlite3,funfuzz,sqlite3_fuzz,reached,SQL009,1145,1718695085.6039495
54,15,sqlite3,funfuzz,sqlite3_fuzz,reached,SQL009,1720,1718695085.6039495
55,16,sqlite3,funfuzz,sqlite3_fuzz,reached,SQL009,2850,1718695085.6039495
56,17,sqlite3,funfuzz,sqlite3_fuzz,reached,SQL009,180,1718695085.6039495
57,18,sqlite3,funfuzz,sqlite3_fuzz,reached,SQL009,1195,1718695085.6039495
58,19,sqlite3,funfuzz,sqlite3_fuzz,reached,SQL009,5760,1718695085.6039495
59,20,sqlite3,funfuzz,sqlite3_fuzz,reached,SQL009,9020,1718695085.6039495
60,1,sqlite3,funfuzz,sqlite3_fuzz,reached,SQL002,55,1718695085.6039495
61,2,sqlite3,funfuzz,sqlite3_fuzz,reached,SQL002,90,1718695085.6039495
62,3,sqlite3,funfuzz,sqlite3_fuzz,reached,SQL002,50,1718695085.6039495
63,4,sqlite3,funfuzz,sqlite3_fuzz,reached,SQL002,40,1718695085.6039495
64,5,sqlite3,funfuzz,sqlite3_fuzz,reached,SQL002,105,1718695085.6039495
65,6,sqlite3,funfuzz,sqlite3_fuzz,reached,SQL002,195,1718695085.6039495
66,7,sqlite3,funfuzz,sqlite3_fuzz,reached,SQL002,25,1718695085.6039495
67,8,sqlite3,funfuzz,sqlite3_fuzz,reached,SQL002,40,1718695085.6039495
68,9,sqlite3,funfuzz,sqlite3_fuzz,reached,SQL002,50,1718695085.6039495
69,10,sqlite3,funfuzz,sqlite3_fuzz,reached,SQL002,135,1718695085.6039495
70,11,sqlite3,funfuzz,sqlite3_fuzz,reached,SQL002,50,1718695085.6039495
71,12,sqlite3,funfuzz,sqlite3_fuzz,reached,SQL002,105,1718695085.6039495
72,13,sqlite3,funfuzz,sqlite3_fuzz,reached,SQL002,40,1718695085.6039495
73,14,sqlite3,funfuzz,sqlite3_fuzz,reached,SQL002,40,1718695085.6039495
74,15,sqlite3,funfuzz,sqlite3_fuzz,reached,SQL002,115,1718695085.6039495
75,16,sqlite3,funfuzz,sqlite3_fuzz,reached,SQL002,50,1718695085.6039495
76,17,sqlite3,funfuzz,sqlite3_fuzz,reached,SQL002,80,1718695085.6039495
77,18,sqlite3,funfuzz,sqlite3_fuzz,reached,SQL002,60,1718695085.6039495
78,19,sqlite3,funfuzz,sqlite3_fuzz,reached,SQL002,225,1718695085.6039495
79,20,sqlite3,funfuzz,sqlite3_fuzz,reached,SQL002,30,1718695085.6039495
80,1,sqlite3,funfuzz,sqlite3_fuzz,triggered,SQL002,1445,1718695085.6039495
81,2,sqlite3,funfuzz,sqlite3_fuzz,triggered,SQL002,3690,1718695085.6039495
82,3,sqlite3,funfuzz,sqlite3_fuzz,triggered,SQL002,1890,1718695085.6039495
83,4,sqlite3,funfuzz,sqlite3_fuzz,triggered,SQL002,535,1718695085.6039495
84,5,sqlite3,funfuzz,sqlite3_fuzz,triggered,SQL002,1375,1718695085.6039495
85,6,sqlite3,funfuzz,sqlite3_fuzz,triggered,SQL002,1655,1718695085.6039495
86,7,sqlite3,funfuzz,sqlite3_fuzz,triggered,SQL002,5555,1718695085.6039495
87,8,sqlite3,funfuzz,sqlite3_fuzz,triggered,SQL002,1430,1718695085.6039495
88,9,sqlite3,funfuzz,sqlite3_fuzz,triggered,SQL002,5650,1718695085.6039495
89,10,sqlite3,funfuzz,sqlite3_fuzz,triggered,SQL002,1805,1718695085.6039495
90,11,sqlite3,funfuzz,sqlite3_fuzz,triggered,SQL002,2780,1718695085.6039495
91,12,sqlite3,funfuzz,sqlite3_fuzz,triggered,SQL002,11975,1718695085.6039495
92,13,sqlite3,funfuzz,sqlite3_fuzz,triggered,SQL002,660,1718695085.6039495
93,14,sqlite3,funfuzz,sqlite3_fuzz,triggered,SQL002,685,1718695085.6039495
94,15,sqlite3,funfuzz,sqlite3_fuzz,triggered,SQL002,2390,1718695085.6039495
95,16,sqlite3,funfuzz,sqlite3_fuzz,triggered,SQL002,1860,1718695085.6039495
96,17,sqlite3,funfuzz,sqlite3_fuzz,triggered,SQL002,4645,1718695085.6039495
97,18,sqlite3,funfuzz,sqlite3_fuzz,triggered,SQL002,1365,1718695085.6039495
98,19,sqlite3,funfuzz,sqlite3_fuzz,triggered,SQL002,3000,1718695085.6039495
99,20,sqlite3,funfuzz,sqlite3_fuzz,triggered,SQL002,285,1718695085.6039495
100,1,sqlite3,funfuzz,sqlite3_fuzz,reached,SQL016,225,1718695085.6039495
101,2,sqlite3,funfuzz,sqlite3_fuzz,reached,SQL016,190,1718695085.6039495
102,3,sqlite3,funfuzz,sqlite3_fuzz,reached,SQL016,200,1718695085.6039495
103,4,sqlite3,funfuzz,sqlite3_fuzz,reached,SQL016,140,1718695085.6039495
104,5,sqlite3,funfuzz,sqlite3_fuzz,reached,SQL016,185,1718695085.6039495
105,6,sqlite3,funfuzz,sqlite3_fuzz,reached,SQL016,300,1718695085.6039495
106,7,sqlite3,funfuzz,sqlite3_fuzz,reached,SQL016,205,1718695085.6039495
107,8,sqlite3,funfuzz,sqlite3_fuzz,reached,SQL016,185,1718695085.6039495
108,9,sqlite3,funfuzz,sqlite3_fuzz,reached,SQL016,195,1718695085.6039495
109,10,sqlite3,funfuzz,sqlite3_fuzz,reached,SQL016,175,1718695085.6039495
110,11,sqlite3,funfuzz,sqlite3_fuzz,reached,SQL016,215,1718695085.6039495
111,12,sqlite3,funfuzz,sqlite3_fuzz,reached,SQL016,120,1718695085.6039495
112,13,sqlite3,funfuzz,sqlite3_fuzz,reached,SQL016,40,1718695085.6039495
113,14,sqlite3,funfuzz,sqlite3_fuzz,reached,SQL016,70,1718695085.6039495
114,15,sqlite3,funfuzz,sqlite3_fuzz,reached,SQL016,265,1718695085.6039495
115,16,sqlite3,funfuzz,sqlite3_fuzz,reached,SQL016,185,1718695085.6039495
116,17,sqlite3,funfuzz,sqlite3_fuzz,reached,SQL016,155,1718695085.6039495
117,18,sqlite3,funfuzz,sqlite3_fuzz,reached,SQL016,255,1718695085.6039495
118,19,sqlite3,funfuzz,sqlite3_fuzz,reached,SQL016,370,1718695085.6039495
119,20,sqlite3,funfuzz,sqlite3_fuzz,reached,SQL016,115,1718695085.6039495
120,1,sqlite3,funfuzz,sqlite3_fuzz,reached,SQL015,60,1718695085.6039495
121,2,sqlite3,funfuzz,sqlite3_fuzz,reached,SQL015,90,1718695085.6039495
122,3,sqlite3,funfuzz,sqlite3_fuzz,reached,SQL015,50,1718695085.6039495
123,4,sqlite3,funfuzz,sqlite3_fuzz,reached,SQL015,65,1718695085.6039495
124,5,sqlite3,funfuzz,sqlite3_fuzz,reached,SQL015,115,1718695085.6039495
125,6,sqlite3,funfuzz,sqlite3_fuzz,reached,SQL015,200,1718695085.6039495
126,7,sqlite3,funfuzz,sqlite3_fuzz,reached,SQL015,40,1718695085.6039495
127,8,sqlite3,funfuzz,sqlite3_fuzz,reached,SQL015,40,1718695085.6039495
128,9,sqlite3,funfuzz,sqlite3_fuzz,reached,SQL015,50,1718695085.6039495
129,10,sqlite3,funfuzz,sqlite3_fuzz,reached,SQL015,135,1718695085.6039495
130,11,sqlite3,funfuzz,sqlite3_fuzz,reached,SQL015,50,1718695085.6039495
131,12,sqlite3,funfuzz,sqlite3_fuzz,reached,SQL015,105,1718695085.6039495
132,13,sqlite3,funfuzz,sqlite3_fuzz,reached,SQL015,40,1718695085.6039495
133,14,sqlite3,funfuzz,sqlite3_fuzz,reached,SQL015,110,1718695085.6039495
134,15,sqlite3,funfuzz,sqlite3_fuzz,reached,SQL015,115,1718695085.6039495
135,16,sqlite3,funfuzz,sqlite3_fuzz,reached,SQL015,50,1718695085.6039495
136,17,sqlite3,funfuzz,sqlite3_fuzz,reached,SQL015,80,1718695085.6039495
137,18,sqlite3,funfuzz,sqlite3_fuzz,reached,SQL015,60,1718695085.6039495
138,19,sqlite3,funfuzz,sqlite3_fuzz,reached,SQL015,230,1718695085.6039495
139,20,sqlite3,funfuzz,sqlite3_fuzz,reached,SQL015,180,1718695085.6039495
140,8,sqlite3,funfuzz,sqlite3_fuzz,triggered,SQL015,46790,1718695085.6039495
141,10,sqlite3,funfuzz,sqlite3_fuzz,triggered,SQL015,58995,1718695085.6039495
142,12,sqlite3,funfuzz,sqlite3_fuzz,triggered,SQL015,34895,1718695085.6039495
143,13,sqlite3,funfuzz,sqlite3_fuzz,triggered,SQL015,74070,1718695085.6039495
144,15,sqlite3,funfuzz,sqlite3_fuzz,triggered,SQL015,69225,1718695085.6039495
145,17,sqlite3,funfuzz,sqlite3_fuzz,triggered,SQL015,85445,1718695085.6039495
146,20,sqlite3,funfuzz,sqlite3_fuzz,triggered,SQL015,79795,1718695085.6039495
147,1,sqlite3,funfuzz,sqlite3_fuzz,reached,SQL018,2125,1718695085.6039495
148,2,sqlite3,funfuzz,sqlite3_fuzz,reached,SQL018,1085,1718695085.6039495
149,3,sqlite3,funfuzz,sqlite3_fuzz,reached,SQL018,1980,1718695085.6039495
150,4,sqlite3,funfuzz,sqlite3_fuzz,reached,SQL018,580,1718695085.6039495
151,5,sqlite3,funfuzz,sqlite3_fuzz,reached,SQL018,515,1718695085.6039495
152,6,sqlite3,funfuzz,sqlite3_fuzz,reached,SQL018,1530,1718695085.6039495
153,7,sqlite3,funfuzz,sqlite3_fuzz,reached,SQL018,2075,1718695085.6039495
154,8,sqlite3,funfuzz,sqlite3_fuzz,reached,SQL018,1505,1718695085.6039495
155,9,sqlite3,funfuzz,sqlite3_fuzz,reached,SQL018,4405,1718695085.6039495
156,10,sqlite3,funfuzz,sqlite3_fuzz,reached,SQL018,1105,1718695085.6039495
157,11,sqlite3,funfuzz,sqlite3_fuzz,reached,SQL018,875,1718695085.6039495
158,12,sqlite3,funfuzz,sqlite3_fuzz,reached,SQL018,3850,1718695085.6039495
159,13,sqlite3,funfuzz,sqlite3_fuzz,reached,SQL018,2655,1718695085.6039495
160,14,sqlite3,funfuzz,sqlite3_fuzz,reached,SQL018,2445,1718695085.6039495
161,15,sqlite3,funfuzz,sqlite3_fuzz,reached,SQL018,555,1718695085.6039495
162,16,sqlite3,funfuzz,sqlite3_fuzz,reached,SQL018,4260,1718695085.6039495
163,17,sqlite3,funfuzz,sqlite3_fuzz,reached,SQL018,1255,1718695085.6039495
164,18,sqlite3,funfuzz,sqlite3_fuzz,reached,SQL018,2260,1718695085.6039495
165,19,sqlite3,funfuzz,sqlite3_fuzz,reached,SQL018,2120,1718695085.6039495
166,20,sqlite3,funfuzz,sqlite3_fuzz,reached,SQL018,520,1718695085.6039495
167,1,sqlite3,funfuzz,sqlite3_fuzz,triggered,SQL018,2345,1718695085.6039495
168,2,sqlite3,funfuzz,sqlite3_fuzz,triggered,SQL018,12140,1718695085.6039495
169,3,sqlite3,funfuzz,sqlite3_fuzz,triggered,SQL018,10395,1718695085.6039495
170,4,sqlite3,funfuzz,sqlite3_fuzz,triggered,SQL018,6120,1718695085.6039495
171,5,sqlite3,funfuzz,sqlite3_fuzz,triggered,SQL018,5005,1718695085.6039495
172,6,sqlite3,funfuzz,sqlite3_fuzz,triggered,SQL018,20770,1718695085.6039495
173,7,sqlite3,funfuzz,sqlite3_fuzz,triggered,SQL018,9040,1718695085.6039495
174,8,sqlite3,funfuzz,sqlite3_fuzz,triggered,SQL018,11330,1718695085.6039495
175,9,sqlite3,funfuzz,sqlite3_fuzz,triggered,SQL018,12445,1718695085.6039495
176,10,sqlite3,funfuzz,sqlite3_fuzz,triggered,SQL018,1315,1718695085.6039495
177,11,sqlite3,funfuzz,sqlite3_fuzz,triggered,SQL018,9120,1718695085.6039495
178,12,sqlite3,funfuzz,sqlite3_fuzz,triggered,SQL018,17555,1718695085.6039495
179,13,sqlite3,funfuzz,sqlite3_fuzz,triggered,SQL018,15120,1718695085.6039495
180,14,sqlite3,funfuzz,sqlite3_fuzz,triggered,SQL018,14805,1718695085.6039495
181,15,sqlite3,funfuzz,sqlite3_fuzz,triggered,SQL018,2575,1718695085.6039495
182,16,sqlite3,funfuzz,sqlite3_fuzz,triggered,SQL018,21705,1718695085.6039495
183,17,sqlite3,funfuzz,sqlite3_fuzz,triggered,SQL018,16080,1718695085.6039495
184,18,sqlite3,funfuzz,sqlite3_fuzz,triggered,SQL018,2645,1718695085.6039495
185,19,sqlite3,funfuzz,sqlite3_fuzz,triggered,SQL018,12820,1718695085.6039495
186,20,sqlite3,funfuzz,sqlite3_fuzz,triggered,SQL018,520,1718695085.6039495
187,1,sqlite3,funfuzz,sqlite3_fuzz,reached,SQL012,25280,1718695085.6039495
188,2,sqlite3,funfuzz,sqlite3_fuzz,reached,SQL012,23090,1718695085.6039495
189,3,sqlite3,funfuzz,sqlite3_fuzz,reached,SQL012,27320,1718695085.6039495
190,4,sqlite3,funfuzz,sqlite3_fuzz,reached,SQL012,13090,1718695085.6039495
191,5,sqlite3,funfuzz,sqlite3_fuzz,reached,SQL012,20710,1718695085.6039495
192,6,sqlite3,funfuzz,sqlite3_fuzz,reached,SQL012,32425,1718695085.6039495
193,7,sqlite3,funfuzz,sqlite3_fuzz,reached,SQL012,21995,1718695085.6039495
194,8,sqlite3,funfuzz,sqlite3_fuzz,reached,SQL012,22470,1718695085.6039495
195,9,sqlite3,funfuzz,sqlite3_fuzz,reached,SQL012,24805,1718695085.6039495
196,10,sqlite3,funfuzz,sqlite3_fuzz,reached,SQL012,43230,1718695085.6039495
197,11,sqlite3,funfuzz,sqlite3_fuzz,reached,SQL012,22090,1718695085.6039495
198,12,sqlite3,funfuzz,sqlite3_fuzz,reached,SQL012,23210,1718695085.6039495
199,13,sqlite3,funfuzz,sqlite3_fuzz,reached,SQL012,28535,1718695085.6039495
200,14,sqlite3,funfuzz,sqlite3_fuzz,reached,SQL012,17610,1718695085.6039495
201,15,sqlite3,funfuzz,sqlite3_fuzz,reached,SQL012,18030,1718695085.6039495
202,16,sqlite3,funfuzz,sqlite3_fuzz,reached,SQL012,19675,1718695085.6039495
203,17,sqlite3,funfuzz,sqlite3_fuzz,reached,SQL012,29015,1718695085.6039495
204,18,sqlite3,funfuzz,sqlite3_fuzz,reached,SQL012,39705,1718695085.6039495
205,19,sqlite3,funfuzz,sqlite3_fuzz,reached,SQL012,19945,1718695085.6039495
206,20,sqlite3,funfuzz,sqlite3_fuzz,reached,SQL012,20680,1718695085.6039495
207,2,sqlite3,funfuzz,sqlite3_fuzz,triggered,SQL012,23185,1718695085.6039495
208,3,sqlite3,funfuzz,sqlite3_fuzz,triggered,SQL012,53775,1718695085.6039495
209,5,sqlite3,funfuzz,sqlite3_fuzz,triggered,SQL012,31750,1718695085.6039495
210,10,sqlite3,funfuzz,sqlite3_fuzz,triggered,SQL012,60435,1718695085.6039495
211,14,sqlite3,funfuzz,sqlite3_fuzz,triggered,SQL012,45220,1718695085.6039495
212,15,sqlite3,funfuzz,sqlite3_fuzz,triggered,SQL012,24040,1718695085.6039495
213,20,sqlite3,funfuzz,sqlite3_fuzz,triggered,SQL012,26705,1718695085.6039495
214,1,sqlite3,funfuzz,sqlite3_fuzz,reached,SQL011,44275,1718695085.6039495
215,3,sqlite3,funfuzz,sqlite3_fuzz,reached,SQL011,54145,1718695085.6039495
216,6,sqlite3,funfuzz,sqlite3_fuzz,reached,SQL011,78760,1718695085.6039495
217,16,sqlite3,funfuzz,sqlite3_fuzz,reached,SQL011,62905,1718695085.6039495
218,1,sqlite3,funfuzz,sqlite3_fuzz,reached,SQL019,205,1718695085.6039495
219,2,sqlite3,funfuzz,sqlite3_fuzz,reached,SQL019,405,1718695085.6039495
220,3,sqlite3,funfuzz,sqlite3_fuzz,reached,SQL019,145,1718695085.6039495
221,4,sqlite3,funfuzz,sqlite3_fuzz,reached,SQL019,205,1718695085.6039495
222,5,sqlite3,funfuzz,sqlite3_fuzz,reached,SQL019,365,1718695085.6039495
223,6,sqlite3,funfuzz,sqlite3_fuzz,reached,SQL019,360,1718695085.6039495
224,7,sqlite3,funfuzz,sqlite3_fuzz,reached,SQL019,255,1718695085.6039495
225,8,sqlite3,funfuzz,sqlite3_fuzz,reached,SQL019,120,1718695085.6039495
226,9,sqlite3,funfuzz,sqlite3_fuzz,reached,SQL019,275,1718695085.6039495
227,10,sqlite3,funfuzz,sqlite3_fuzz,reached,SQL019,390,1718695085.6039495
228,11,sqlite3,funfuzz,sqlite3_fuzz,reached,SQL019,265,1718695085.6039495
229,12,sqlite3,funfuzz,sqlite3_fuzz,reached,SQL019,175,1718695085.6039495
230,13,sqlite3,funfuzz,sqlite3_fuzz,reached,SQL019,90,1718695085.6039495
231,14,sqlite3,funfuzz,sqlite3_fuzz,reached,SQL019,255,1718695085.6039495
232,15,sqlite3,funfuzz,sqlite3_fuzz,reached,SQL019,330,1718695085.6039495
233,16,sqlite3,funfuzz,sqlite3_fuzz,reached,SQL019,240,1718695085.6039495
234,17,sqlite3,funfuzz,sqlite3_fuzz,reached,SQL019,145,1718695085.6039495
235,18,sqlite3,funfuzz,sqlite3_fuzz,reached,SQL019,235,1718695085.6039495
236,19,sqlite3,funfuzz,sqlite3_fuzz,reached,SQL019,305,1718695085.6039495
237,20,sqlite3,funfuzz,sqlite3_fuzz,reached,SQL019,180,1718695085.6039495
238,1,sqlite3,funfuzz,sqlite3_fuzz,reached,SQL007,60,1718695085.6039495
239,2,sqlite3,funfuzz,sqlite3_fuzz,reached,SQL007,85,1718695085.6039495
240,3,sqlite3,funfuzz,sqlite3_fuzz,reached,SQL007,45,1718695085.6039495
241,4,sqlite3,funfuzz,sqlite3_fuzz,reached,SQL007,60,1718695085.6039495
242,5,sqlite3,funfuzz,sqlite3_fuzz,reached,SQL007,110,1718695085.6039495
243,6,sqlite3,funfuzz,sqlite3_fuzz,reached,SQL007,200,1718695085.6039495
244,7,sqlite3,funfuzz,sqlite3_fuzz,reached,SQL007,40,1718695085.6039495
245,8,sqlite3,funfuzz,sqlite3_fuzz,reached,SQL007,35,1718695085.6039495
246,9,sqlite3,funfuzz,sqlite3_fuzz,reached,SQL007,45,1718695085.6039495
247,10,sqlite3,funfuzz,sqlite3_fuzz,reached,SQL007,130,1718695085.6039495
248,11,sqlite3,funfuzz,sqlite3_fuzz,reached,SQL007,40,1718695085.6039495
249,12,sqlite3,funfuzz,sqlite3_fuzz,reached,SQL007,100,1718695085.6039495
250,13,sqlite3,funfuzz,sqlite3_fuzz,reached,SQL007,30,1718695085.6039495
251,14,sqlite3,funfuzz,sqlite3_fuzz,reached,SQL007,105,1718695085.6039495
252,15,sqlite3,funfuzz,sqlite3_fuzz,reached,SQL007,110,1718695085.6039495
253,16,sqlite3,funfuzz,sqlite3_fuzz,reached,SQL007,45,1718695085.6039495
254,17,sqlite3,funfuzz,sqlite3_fuzz,reached,SQL007,75,1718695085.6039495
255,18,sqlite3,funfuzz,sqlite3_fuzz,reached,SQL007,35,1718695085.6039495
256,19,sqlite3,funfuzz,sqlite3_fuzz,reached,SQL007,230,1718695085.6039495
257,20,sqlite3,funfuzz,sqlite3_fuzz,reached,SQL007,180,1718695085.6039495
258,1,sqlite3,funfuzz,sqlite3_fuzz,reached,SQL010,415,1718695085.6039495
259,2,sqlite3,funfuzz,sqlite3_fuzz,reached,SQL010,160,1718695085.6039495
260,3,sqlite3,funfuzz,sqlite3_fuzz,reached,SQL010,70,1718695085.6039495
261,4,sqlite3,funfuzz,sqlite3_fuzz,reached,SQL010,65,1718695085.6039495
262,5,sqlite3,funfuzz,sqlite3_fuzz,reached,SQL010,185,1718695085.6039495
263,6,sqlite3,funfuzz,sqlite3_fuzz,reached,SQL010,300,1718695085.6039495
264,7,sqlite3,funfuzz,sqlite3_fuzz,reached,SQL010,120,1718695085.6039495
265,8,sqlite3,funfuzz,sqlite3_fuzz,reached,SQL010,630,1718695085.6039495
266,9,sqlite3,funfuzz,sqlite3_fuzz,reached,SQL010,195,1718695085.6039495
267,10,sqlite3,funfuzz,sqlite3_fuzz,reached,SQL010,160,1718695085.6039495
268,11,sqlite3,funfuzz,sqlite3_fuzz,reached,SQL010,145,1718695085.6039495
269,12,sqlite3,funfuzz,sqlite3_fuzz,reached,SQL010,105,1718695085.6039495
270,13,sqlite3,funfuzz,sqlite3_fuzz,reached,SQL010,40,1718695085.6039495
271,14,sqlite3,funfuzz,sqlite3_fuzz,reached,SQL010,380,1718695085.6039495
272,15,sqlite3,funfuzz,sqlite3_fuzz,reached,SQL010,265,1718695085.6039495
273,16,sqlite3,funfuzz,sqlite3_fuzz,reached,SQL010,50,1718695085.6039495
274,17,sqlite3,funfuzz,sqlite3_fuzz,reached,SQL010,420,1718695085.6039495
275,18,sqlite3,funfuzz,sqlite3_fuzz,reached,SQL010,435,1718695085.6039495
276,19,sqlite3,funfuzz,sqlite3_fuzz,reached,SQL010,370,1718695085.6039495
277,20,sqlite3,funfuzz,sqlite3_fuzz,reached,SQL010,460,1718695085.6039495
278,1,sqlite3,funfuzz,sqlite3_fuzz,reached,SQL013,28040,1718695085.6039495
279,3,sqlite3,funfuzz,sqlite3_fuzz,reached,SQL013,27575,1718695085.6039495
280,4,sqlite3,funfuzz,sqlite3_fuzz,reached,SQL013,56040,1718695085.6039495
281,6,sqlite3,funfuzz,sqlite3_fuzz,reached,SQL013,73365,1718695085.6039495
282,9,sqlite3,funfuzz,sqlite3_fuzz,reached,SQL013,62160,1718695085.6039495
283,10,sqlite3,funfuzz,sqlite3_fuzz,reached,SQL013,60290,1718695085.6039495
284,13,sqlite3,funfuzz,sqlite3_fuzz,reached,SQL013,49980,1718695085.6039495
285,14,sqlite3,funfuzz,sqlite3_fuzz,reached,SQL013,35145,1718695085.6039495
286,15,sqlite3,funfuzz,sqlite3_fuzz,reached,SQL013,71460,1718695085.6039495
287,16,sqlite3,funfuzz,sqlite3_fuzz,reached,SQL013,20685,1718695085.6039495
288,20,sqlite3,funfuzz,sqlite3_fuzz,reached,SQL013,23410,1718695085.6039495
289,3,sqlite3,funfuzz,sqlite3_fuzz,triggered,SQL013,27590,1718695085.6039495
290,6,sqlite3,funfuzz,sqlite3_fuzz,triggered,SQL013,73420,1718695085.6039495
291,14,sqlite3,funfuzz,sqlite3_fuzz,triggered,SQL013,56365,1718695085.6039495
292,16,sqlite3,funfuzz,sqlite3_fuzz,triggered,SQL013,20755,1718695085.6039495
293,1,sqlite3,funfuzz,sqlite3_fuzz,reached,SQL017,710,1718695085.6039495
294,2,sqlite3,funfuzz,sqlite3_fuzz,reached,SQL017,160,1718695085.6039495
295,3,sqlite3,funfuzz,sqlite3_fuzz,reached,SQL017,135,1718695085.6039495
296,4,sqlite3,funfuzz,sqlite3_fuzz,reached,SQL017,65,1718695085.6039495
297,5,sqlite3,funfuzz,sqlite3_fuzz,reached,SQL017,185,1718695085.6039495
298,6,sqlite3,funfuzz,sqlite3_fuzz,reached,SQL017,300,1718695085.6039495
299,7,sqlite3,funfuzz,sqlite3_fuzz,reached,SQL017,120,1718695085.6039495
300,8,sqlite3,funfuzz,sqlite3_fuzz,reached,SQL017,665,1718695085.6039495
301,9,sqlite3,funfuzz,sqlite3_fuzz,reached,SQL017,195,1718695085.6039495
302,10,sqlite3,funfuzz,sqlite3_fuzz,reached,SQL017,175,1718695085.6039495
303,11,sqlite3,funfuzz,sqlite3_fuzz,reached,SQL017,215,1718695085.6039495
304,12,sqlite3,funfuzz,sqlite3_fuzz,reached,SQL017,120,1718695085.6039495
305,13,sqlite3,funfuzz,sqlite3_fuzz,reached,SQL017,40,1718695085.6039495
306,14,sqlite3,funfuzz,sqlite3_fuzz,reached,SQL017,645,1718695085.6039495
307,15,sqlite3,funfuzz,sqlite3_fuzz,reached,SQL017,265,1718695085.6039495
308,16,sqlite3,funfuzz,sqlite3_fuzz,reached,SQL017,50,1718695085.6039495
309,17,sqlite3,funfuzz,sqlite3_fuzz,reached,SQL017,420,1718695085.6039495
310,18,sqlite3,funfuzz,sqlite3_fuzz,reached,SQL017,465,1718695085.6039495
311,19,sqlite3,funfuzz,sqlite3_fuzz,reached,SQL017,370,1718695085.6039495
312,20,sqlite3,funfuzz,sqlite3_fuzz,reached,SQL017,570,1718695085.6039495
313,2,sqlite3,funfuzz,sqlite3_fuzz,reached,SQL020,42625,1718695085.6039495
314,3,sqlite3,funfuzz,sqlite3_fuzz,reached,SQL020,24270,1718695085.6039495
315,4,sqlite3,funfuzz,sqlite3_fuzz,reached,SQL020,15210,1718695085.6039495
316,6,sqlite3,funfuzz,sqlite3_fuzz,reached,SQL020,12255,1718695085.6039495
317,8,sqlite3,funfuzz,sqlite3_fuzz,reached,SQL020,67090,1718695085.6039495
318,11,sqlite3,funfuzz,sqlite3_fuzz,reached,SQL020,15760,1718695085.6039495
319,13,sqlite3,funfuzz,sqlite3_fuzz,reached,SQL020,19920,1718695085.6039495
320,14,sqlite3,funfuzz,sqlite3_fuzz,reached,SQL020,26080,1718695085.6039495
321,15,sqlite3,funfuzz,sqlite3_fuzz,reached,SQL020,77645,1718695085.6039495
322,16,sqlite3,funfuzz,sqlite3_fuzz,reached,SQL020,65890,1718695085.6039495
323,17,sqlite3,funfuzz,sqlite3_fuzz,reached,SQL020,13805,1718695085.6039495
324,19,sqlite3,funfuzz,sqlite3_fuzz,reached,SQL020,24300,1718695085.6039495
325,20,sqlite3,funfuzz,sqlite3_fuzz,reached,SQL020,53470,1718695085.6039495
326,2,sqlite3,funfuzz,sqlite3_fuzz,triggered,SQL020,42625,1718695085.6039495
327,3,sqlite3,funfuzz,sqlite3_fuzz,triggered,SQL020,24270,1718695085.6039495
328,4,sqlite3,funfuzz,sqlite3_fuzz,triggered,SQL020,15210,1718695085.6039495
329,6,sqlite3,funfuzz,sqlite3_fuzz,triggered,SQL020,12255,1718695085.6039495
330,8,sqlite3,funfuzz,sqlite3_fuzz,triggered,SQL020,67090,1718695085.6039495
331,11,sqlite3,funfuzz,sqlite3_fuzz,triggered,SQL020,15760,1718695085.6039495
332,13,sqlite3,funfuzz,sqlite3_fuzz,triggered,SQL020,19930,1718695085.6039495
333,14,sqlite3,funfuzz,sqlite3_fuzz,triggered,SQL020,26080,1718695085.6039495
334,15,sqlite3,funfuzz,sqlite3_fuzz,triggered,SQL020,77645,1718695085.6039495
335,16,sqlite3,funfuzz,sqlite3_fuzz,triggered,SQL020,65890,1718695085.6039495
336,17,sqlite3,funfuzz,sqlite3_fuzz,triggered,SQL020,13805,1718695085.6039495
337,19,sqlite3,funfuzz,sqlite3_fuzz,triggered,SQL020,24300,1718695085.6039495
338,20,sqlite3,funfuzz,sqlite3_fuzz,triggered,SQL020,53470,1718695085.6039495
339,2,sqlite3,funfuzz,sqlite3_fuzz,reached,SQL006,22135,1718695085.6039495
340,3,sqlite3,funfuzz,sqlite3_fuzz,reached,SQL006,37570,1718695085.6039495
341,5,sqlite3,funfuzz,sqlite3_fuzz,reached,SQL006,63950,1718695085.6039495
342,6,sqlite3,funfuzz,sqlite3_fuzz,reached,SQL006,36230,1718695085.6039495
343,7,sqlite3,funfuzz,sqlite3_fuzz,reached,SQL006,38575,1718695085.6039495
344,8,sqlite3,funfuzz,sqlite3_fuzz,reached,SQL006,60060,1718695085.6039495
345,9,sqlite3,funfuzz,sqlite3_fuzz,reached,SQL006,42675,1718695085.6039495
346,10,sqlite3,funfuzz,sqlite3_fuzz,reached,SQL006,81420,1718695085.6039495
347,11,sqlite3,funfuzz,sqlite3_fuzz,reached,SQL006,15940,1718695085.6039495
348,12,sqlite3,funfuzz,sqlite3_fuzz,reached,SQL006,39535,1718695085.6039495
349,13,sqlite3,funfuzz,sqlite3_fuzz,reached,SQL006,24830,1718695085.6039495
350,14,sqlite3,funfuzz,sqlite3_fuzz,reached,SQL006,22880,1718695085.6039495
351,15,sqlite3,funfuzz,sqlite3_fuzz,reached,SQL006,24155,1718695085.6039495
352,16,sqlite3,funfuzz,sqlite3_fuzz,reached,SQL006,41995,1718695085.6039495
353,19,sqlite3,funfuzz,sqlite3_fuzz,reached,SQL006,83925,1718695085.6039495
354,4,sqlite3,funfuzz,sqlite3_fuzz,reached,SQL003,50835,1718695085.6039495
355,5,sqlite3,funfuzz,sqlite3_fuzz,reached,SQL003,26360,1718695085.6039495
356,6,sqlite3,funfuzz,sqlite3_fuzz,reached,SQL003,63190,1718695085.6039495
357,13,sqlite3,funfuzz,sqlite3_fuzz,reached,SQL003,44475,1718695085.6039495
358,14,sqlite3,funfuzz,sqlite3_fuzz,reached,SQL003,50405,1718695085.6039495
359,18,sqlite3,funfuzz,sqlite3_fuzz,reached,SQL003,34055,1718695085.6039495
360,19,sqlite3,funfuzz,sqlite3_fuzz,reached,SQL003,66970,1718695085.6039495
361,5,sqlite3,funfuzz,sqlite3_fuzz,triggered,SQL003,59760,1718695085.6039495
362,21,libxml2,funfuzz,libxml2_xml_read_memory_fuzzer,reached,XML001,15,1718695085.6039495
363,22,libxml2,funfuzz,libxml2_xml_read_memory_fuzzer,reached,XML001,30,1718695085.6039495
364,23,libxml2,funfuzz,libxml2_xml_read_memory_fuzzer,reached,XML001,35,1718695085.6039495
365,24,libxml2,funfuzz,libxml2_xml_read_memory_fuzzer,reached,XML001,30,1718695085.6039495
366,25,libxml2,funfuzz,libxml2_xml_read_memory_fuzzer,reached,XML001,35,1718695085.6039495
367,26,libxml2,funfuzz,libxml2_xml_read_memory_fuzzer,reached,XML001,35,1718695085.6039495
368,27,libxml2,funfuzz,libxml2_xml_read_memory_fuzzer,reached,XML001,35,1718695085.6039495
369,28,libxml2,funfuzz,libxml2_xml_read_memory_fuzzer,reached,XML001,35,1718695085.6039495
370,29,libxml2,funfuzz,libxml2_xml_read_memory_fuzzer,reached,XML001,35,1718695085.6039495
371,30,libxml2,funfuzz,libxml2_xml_read_memory_fuzzer,reached,XML001,15,1718695085.6039495
372,31,libxml2,funfuzz,libxml2_xml_read_memory_fuzzer,reached,XML001,35,1718695085.6039495
373,32,libxml2,funfuzz,libxml2_xml_read_memory_fuzzer,reached,XML001,35,1718695085.6039495
374,33,libxml2,funfuzz,libxml2_xml_read_memory_fuzzer,reached,XML001,30,1718695085.6039495
375,34,libxml2,funfuzz,libxml2_xml_read_memory_fuzzer,reached,XML001,35,1718695085.6039495
376,35,libxml2,funfuzz,libxml2_xml_read_memory_fuzzer,reached,XML001,35,1718695085.6039495
377,36,libxml2,funfuzz,libxml2_xml_read_memory_fuzzer,reached,XML001,35,1718695085.6039495
378,37,libxml2,funfuzz,libxml2_xml_read_memory_fuzzer,reached,XML001,35,1718695085.6039495
379,38,libxml2,funfuzz,libxml2_xml_read_memory_fuzzer,reached,XML001,35,1718695085.6039495
380,39,libxml2,funfuzz,libxml2_xml_read_memory_fuzzer,reached,XML001,30,1718695085.6039495
381,40,libxml2,funfuzz,libxml2_xml_read_memory_fuzzer,reached,XML001,35,1718695085.6039495
382,21,libxml2,funfuzz,libxml2_xml_read_memory_fuzzer,triggered,XML001,24085,1718695085.6039495
383,22,libxml2,funfuzz,libxml2_xml_read_memory_fuzzer,triggered,XML001,27405,1718695085.6039495
384,26,libxml2,funfuzz,libxml2_xml_read_memory_fuzzer,triggered,XML001,56855,1718695085.6039495
385,27,libxml2,funfuzz,libxml2_xml_read_memory_fuzzer,triggered,XML001,37215,1718695085.6039495
386,30,libxml2,funfuzz,libxml2_xml_read_memory_fuzzer,triggered,XML001,43410,1718695085.6039495
387,31,libxml2,funfuzz,libxml2_xml_read_memory_fuzzer,triggered,XML001,31575,1718695085.6039495
388,32,libxml2,funfuzz,libxml2_xml_read_memory_fuzzer,triggered,XML001,50510,1718695085.6039495
389,33,libxml2,funfuzz,libxml2_xml_read_memory_fuzzer,triggered,XML001,51730,1718695085.6039495
390,34,libxml2,funfuzz,libxml2_xml_read_memory_fuzzer,triggered,XML001,20950,1718695085.6039495
391,35,libxml2,funfuzz,libxml2_xml_read_memory_fuzzer,triggered,XML001,29660,1718695085.6039495
392,36,libxml2,funfuzz,libxml2_xml_read_memory_fuzzer,triggered,XML001,61835,1718695085.6039495
393,37,libxml2,funfuzz,libxml2_xml_read_memory_fuzzer,triggered,XML001,50255,1718695085.6039495
394,38,libxml2,funfuzz,libxml2_xml_read_memory_fuzzer,triggered,XML001,19870,1718695085.6039495
395,39,libxml2,funfuzz,libxml2_xml_read_memory_fuzzer,triggered,XML001,43875,1718695085.6039495
396,40,libxml2,funfuzz,libxml2_xml_read_memory_fuzzer,triggered,XML001,40510,1718695085.6039495
397,21,libxml2,funfuzz,libxml2_xml_read_memory_fuzzer,reached,XML006,15,1718695085.6039495
398,22,libxml2,funfuzz,libxml2_xml_read_memory_fuzzer,reached,XML006,30,1718695085.6039495
399,23,libxml2,funfuzz,libxml2_xml_read_memory_fuzzer,reached,XML006,35,1718695085.6039495
400,24,libxml2,funfuzz,libxml2_xml_read_memory_fuzzer,reached,XML006,30,1718695085.6039495
401,25,libxml2,funfuzz,libxml2_xml_read_memory_fuzzer,reached,XML006,35,1718695085.6039495
402,26,libxml2,funfuzz,libxml2_xml_read_memory_fuzzer,reached,XML006,35,1718695085.6039495
403,27,libxml2,funfuzz,libxml2_xml_read_memory_fuzzer,reached,XML006,35,1718695085.6039495
404,28,libxml2,funfuzz,libxml2_xml_read_memory_fuzzer,reached,XML006,35,1718695085.6039495
405,29,libxml2,funfuzz,libxml2_xml_read_memory_fuzzer,reached,XML006,35,1718695085.6039495
406,30,libxml2,funfuzz,libxml2_xml_read_memory_fuzzer,reached,XML006,15,1718695085.6039495
407,31,libxml2,funfuzz,libxml2_xml_read_memory_fuzzer,reached,XML006,35,1718695085.6039495
408,32,libxml2,funfuzz,libxml2_xml_read_memory_fuzzer,reached,XML006,35,1718695085.6039495
409,33,libxml2,funfuzz,libxml2_xml_read_memory_fuzzer,reached,XML006,30,1718695085.6039495
410,34,libxml2,funfuzz,libxml2_xml_read_memory_fuzzer,reached,XML006,35,1718695085.6039495
411,35,libxml2,funfuzz,libxml2_xml_read_memory_fuzzer,reached,XML006,35,1718695085.6039495
412,36,libxml2,funfuzz,libxml2_xml_read_memory_fuzzer,reached,XML006,35,1718695085.6039495
413,37,libxml2,funfuzz,libxml2_xml_read_memory_fuzzer,reached,XML006,35,1718695085.6039495
414,38,libxml2,funfuzz,libxml2_xml_read_memory_fuzzer,reached,XML006,35,1718695085.6039495
415,39,libxml2,funfuzz,libxml2_xml_read_memory_fuzzer,reached,XML006,30,1718695085.6039495
416,40,libxml2,funfuzz,libxml2_xml_read_memory_fuzzer,reached,XML006,35,1718695085.6039495
417,21,libxml2,funfuzz,libxml2_xml_read_memory_fuzzer,reached,XML008,15,1718695085.6039495
418,22,libxml2,funfuzz,libxml2_xml_read_memory_fuzzer,reached,XML008,15,1718695085.6039495
419,23,libxml2,funfuzz,libxml2_xml_read_memory_fuzzer,reached,XML008,15,1718695085.6039495
420,24,libxml2,funfuzz,libxml2_xml_read_memory_fuzzer,reached,XML008,15,1718695085.6039495
421,25,libxml2,funfuzz,libxml2_xml_read_memory_fuzzer,reached,XML008,15,1718695085.6039495
422,26,libxml2,funfuzz,libxml2_xml_read_memory_fuzzer,reached,XML008,15,1718695085.6039495
423,27,libxml2,funfuzz,libxml2_xml_read_memory_fuzzer,reached,XML008,15,1718695085.6039495
424,28,libxml2,funfuzz,libxml2_xml_read_memory_fuzzer,reached,XML008,15,1718695085.6039495
425,29,libxml2,funfuzz,libxml2_xml_read_memory_fuzzer,reached,XML008,15,1718695085.6039495
426,30,libxml2,funfuzz,libxml2_xml_read_memory_fuzzer,reached,XML008,15,1718695085.6039495
427,31,libxml2,funfuzz,libxml2_xml_read_memory_fuzzer,reached,XML008,15,1718695085.6039495
428,32,libxml2,funfuzz,libxml2_xml_read_memory_fuzzer,reached,XML008,15,1718695085.6039495
429,33,libxml2,funfuzz,libxml2_xml_read_memory_fuzzer,reached,XML008,15,1718695085.6039495
430,34,libxml2,funfuzz,libxml2_xml_read_memory_fuzzer,reached,XML008,15,1718695085.6039495
431,35,libxml2,funfuzz,libxml2_xml_read_memory_fuzzer,reached,XML008,15,1718695085.6039495
432,36,libxml2,funfuzz,libxml2_xml_read_memory_fuzzer,reached,XML008,15,1718695085.6039495
433,37,libxml2,funfuzz,libxml2_xml_read_memory_fuzzer,reached,XML008,15,1718695085.6039495
434,38,libxml2,funfuzz,libxml2_xml_read_memory_fuzzer,reached,XML008,15,1718695085.6039495
435,39,libxml2,funfuzz,libxml2_xml_read_memory_fuzzer,reached,XML008,15,1718695085.6039495
436,40,libxml2,funfuzz,libxml2_xml_read_memory_fuzzer,reached,XML008,15,1718695085.6039495
437,21,libxml2,funfuzz,libxml2_xml_read_memory_fuzzer,reached,XML009,10,1718695085.6039495
438,22,libxml2,funfuzz,libxml2_xml_read_memory_fuzzer,reached,XML009,10,1718695085.6039495
439,23,libxml2,funfuzz,libxml2_xml_read_memory_fuzzer,reached,XML009,10,1718695085.6039495
440,24,libxml2,funfuzz,libxml2_xml_read_memory_fuzzer,reached,XML009,10,1718695085.6039495
441,25,libxml2,funfuzz,libxml2_xml_read_memory_fuzzer,reached,XML009,10,1718695085.6039495
442,26,libxml2,funfuzz,libxml2_xml_read_memory_fuzzer,reached,XML009,10,1718695085.6039495
443,27,libxml2,funfuzz,libxml2_xml_read_memory_fuzzer,reached,XML009,10,1718695085.6039495
444,28,libxml2,funfuzz,libxml2_xml_read_memory_fuzzer,reached,XML009,10,1718695085.6039495
445,29,libxml2,funfuzz,libxml2_xml_read_memory_fuzzer,reached,XML009,10,1718695085.6039495
446,30,libxml2,funfuzz,libxml2_xml_read_memory_fuzzer,reached,XML009,10,1718695085.6039495
447,31,libxml2,funfuzz,libxml2_xml_read_memory_fuzzer,reached,XML009,10,1718695085.6039495
448,32,libxml2,funfuzz,libxml2_xml_read_memory_fuzzer,reached,XML009,10,1718695085.6039495
449,33,libxml2,funfuzz,libxml2_xml_read_memory_fuzzer,reached,XML009,10,1718695085.6039495
450,34,libxml2,funfuzz,libxml2_xml_read_memory_fuzzer,reached,XML009,10,1718695085.6039495
451,35,libxml2,funfuzz,libxml2_xml_read_memory_fuzzer,reached,XML009,10,1718695085.6039495
452,36,libxml2,funfuzz,libxml2_xml_read_memory_fuzzer,reached,XML009,10,1718695085.6039495
453,37,libxml2,funfuzz,libxml2_xml_read_memory_fuzzer,reached,XML009,10,1718695085.6039495
454,38,libxml2,funfuzz,libxml2_xml_read_memory_fuzzer,reached,XML009,10,1718695085.6039495
455,39,libxml2,funfuzz,libxml2_xml_read_memory_fuzzer,reached,XML009,10,1718695085.6039495
456,40,libxml2,funfuzz,libxml2_xml_read_memory_fuzzer,reached,XML009,10,1718695085.6039495
457,21,libxml2,funfuzz,libxml2_xml_read_memory_fuzzer,triggered,XML009,2065,1718695085.6039495
458,22,libxml2,funfuzz,libxml2_xml_read_memory_fuzzer,triggered,XML009,1885,1718695085.6039495
459,23,libxml2,funfuzz,libxml2_xml_read_memory_fuzzer,triggered,XML009,1890,1718695085.6039495
460,24,libxml2,funfuzz,libxml2_xml_read_memory_fuzzer,triggered,XML009,1665,1718695085.6039495
461,25,libxml2,funfuzz,libxml2_xml_read_memory_fuzzer,triggered,XML009,180,1718695085.6039495
462,26,libxml2,funfuzz,libxml2_xml_read_memory_fuzzer,triggered,XML009,1495,1718695085.6039495
463,27,libxml2,funfuzz,libxml2_xml_read_memory_fuzzer,triggered,XML009,2090,1718695085.6039495
464,28,libxml2,funfuzz,libxml2_xml_read_memory_fuzzer,triggered,XML009,1140,1718695085.6039495
465,29,libxml2,funfuzz,libxml2_xml_read_memory_fuzzer,triggered,XML009,985,1718695085.6039495
466,30,libxml2,funfuzz,libxml2_xml_read_memory_fuzzer,triggered,XML009,1725,1718695085.6039495
467,31,libxml2,funfuzz,libxml2_xml_read_memory_fuzzer,triggered,XML009,480,1718695085.6039495
468,32,libxml2,funfuzz,libxml2_xml_read_memory_fuzzer,triggered,XML009,2120,1718695085.6039495
469,33,libxml2,funfuzz,libxml2_xml_read_memory_fuzzer,triggered,XML009,1960,1718695085.6039495
470,34,libxml2,funfuzz,libxml2_xml_read_memory_fuzzer,triggered,XML009,1495,1718695085.6039495
471,35,libxml2,funfuzz,libxml2_xml_read_memory_fuzzer,triggered,XML009,175,1718695085.6039495
472,36,libxml2,funfuzz,libxml2_xml_read_memory_fuzzer,triggered,XML009,1710,1718695085.6039495
473,37,libxml2,funfuzz,libxml2_xml_read_memory_fuzzer,triggered,XML009,2400,1718695085.6039495
474,38,libxml2,funfuzz,libxml2_xml_read_memory_fuzzer,triggered,XML009,1925,1718695085.6039495
475,39,libxml2,funfuzz,libxml2_xml_read_memory_fuzzer,triggered,XML009,1915,1718695085.6039495
476,40,libxml2,funfuzz,libxml2_xml_read_memory_fuzzer,triggered,XML009,495,1718695085.6039495
477,21,libxml2,funfuzz,libxml2_xml_read_memory_fuzzer,reached,XML012,15,1718695085.6039495
478,22,libxml2,funfuzz,libxml2_xml_read_memory_fuzzer,reached,XML012,15,1718695085.6039495
479,23,libxml2,funfuzz,libxml2_xml_read_memory_fuzzer,reached,XML012,15,1718695085.6039495
480,24,libxml2,funfuzz,libxml2_xml_read_memory_fuzzer,reached,XML012,15,1718695085.6039495
481,25,libxml2,funfuzz,libxml2_xml_read_memory_fuzzer,reached,XML012,15,1718695085.6039495
482,26,libxml2,funfuzz,libxml2_xml_read_memory_fuzzer,reached,XML012,15,1718695085.6039495
483,27,libxml2,funfuzz,libxml2_xml_read_memory_fuzzer,reached,XML012,15,1718695085.6039495
484,28,libxml2,funfuzz,libxml2_xml_read_memory_fuzzer,reached,XML012,15,1718695085.6039495
485,29,libxml2,funfuzz,libxml2_xml_read_memory_fuzzer,reached,XML012,15,1718695085.6039495
486,30,libxml2,funfuzz,libxml2_xml_read_memory_fuzzer,reached,XML012,15,1718695085.6039495
487,31,libxml2,funfuzz,libxml2_xml_read_memory_fuzzer,reached,XML012,15,1718695085.6039495
488,32,libxml2,funfuzz,libxml2_xml_read_memory_fuzzer,reached,XML012,15,1718695085.6039495
489,33,libxml2,funfuzz,libxml2_xml_read_memory_fuzzer,reached,XML012,15,1718695085.6039495
490,34,libxml2,funfuzz,libxml2_xml_read_memory_fuzzer,reached,XML012,15,1718695085.6039495
491,35,libxml2,funfuzz,libxml2_xml_read_memory_fuzzer,reached,XML012,15,1718695085.6039495
492,36,libxml2,funfuzz,libxml2_xml_read_memory_fuzzer,reached,XML012,15,1718695085.6039495
493,37,libxml2,funfuzz,libxml2_xml_read_memory_fuzzer,reached,XML012,15,1718695085.6039495
494,38,libxml2,funfuzz,libxml2_xml_read_memory_fuzzer,reached,XML012,15,1718695085.6039495
495,39,libxml2,funfuzz,libxml2_xml_read_memory_fuzzer,reached,XML012,15,1718695085.6039495
496,40,libxml2,funfuzz,libxml2_xml_read_memory_fuzzer,reached,XML012,15,1718695085.6039495
497,25,libxml2,funfuzz,libxml2_xml_read_memory_fuzzer,triggered,XML012,55300,1718695085.6039495
498,27,libxml2,funfuzz,libxml2_xml_read_memory_fuzzer,triggered,XML012,56805,1718695085.6039495
499,28,libxml2,funfuzz,libxml2_xml_read_memory_fuzzer,triggered,XML012,30535,1718695085.6039495
500,29,libxml2,funfuzz,libxml2_xml_read_memory_fuzzer,triggered,XML012,21640,1718695085.6039495
501,30,libxml2,funfuzz,libxml2_xml_read_memory_fuzzer,triggered,XML012,35020,1718695085.6039495
502,33,libxml2,funfuzz,libxml2_xml_read_memory_fuzzer,triggered,XML012,48015,1718695085.6039495
503,37,libxml2,funfuzz,libxml2_xml_read_memory_fuzzer,triggered,XML012,44990,1718695085.6039495
504,21,libxml2,funfuzz,libxml2_xml_read_memory_fuzzer,reached,XML003,15,1718695085.6039495
505,22,libxml2,funfuzz,libxml2_xml_read_memory_fuzzer,reached,XML003,15,1718695085.6039495
506,23,libxml2,funfuzz,libxml2_xml_read_memory_fuzzer,reached,XML003,15,1718695085.6039495
507,24,libxml2,funfuzz,libxml2_xml_read_memory_fuzzer,reached,XML003,15,1718695085.6039495
508,25,libxml2,funfuzz,libxml2_xml_read_memory_fuzzer,reached,XML003,15,1718695085.6039495
509,26,libxml2,funfuzz,libxml2_xml_read_memory_fuzzer,reached,XML003,15,1718695085.6039495
510,27,libxml2,funfuzz,libxml2_xml_read_memory_fuzzer,reached,XML003,15,1718695085.6039495
511,28,libxml2,funfuzz,libxml2_xml_read_memory_fuzzer,reached,XML003,15,1718695085.6039495
512,29,libxml2,funfuzz,libxml2_xml_read_memory_fuzzer,reached,XML003,15,1718695085.6039495
513,30,libxml2,funfuzz,libxml2_xml_read_memory_fuzzer,reached,XML003,15,1718695085.6039495
514,31,libxml2,funfuzz,libxml2_xml_read_memory_fuzzer,reached,XML003,15,1718695085.6039495
515,32,libxml2,funfuzz,libxml2_xml_read_memory_fuzzer,reached,XML003,15,1718695085.6039495
516,33,libxml2,funfuzz,libxml2_xml_read_memory_fuzzer,reached,XML003,15,1718695085.6039495
517,34,libxml2,funfuzz,libxml2_xml_read_memory_fuzzer,reached,XML003,15,1718695085.6039495
518,35,libxml2,funfuzz,libxml2_xml_read_memory_fuzzer,reached,XML003,15,1718695085.6039495
519,36,libxml2,funfuzz,libxml2_xml_read_memory_fuzzer,reached,XML003,15,1718695085.6039495
520,37,libxml2,funfuzz,libxml2_xml_read_memory_fuzzer,reached,XML003,15,1718695085.6039495
521,38,libxml2,funfuzz,libxml2_xml_read_memory_fuzzer,reached,XML003,15,1718695085.6039495
522,39,libxml2,funfuzz,libxml2_xml_read_memory_fuzzer,reached,XML003,15,1718695085.6039495
523,40,libxml2,funfuzz,libxml2_xml_read_memory_fuzzer,reached,XML003,15,1718695085.6039495
524,21,libxml2,funfuzz,libxml2_xml_read_memory_fuzzer,triggered,XML003,14880,1718695085.6039495
525,22,libxml2,funfuzz,libxml2_xml_read_memory_fuzzer,triggered,XML003,13225,1718695085.6039495
526,23,libxml2,funfuzz,libxml2_xml_read_memory_fuzzer,triggered,XML003,17555,1718695085.6039495
527,24,libxml2,funfuzz,libxml2_xml_read_memory_fuzzer,triggered,XML003,10070,1718695085.6039495
528,25,libxml2,funfuzz,libxml2_xml_read_memory_fuzzer,triggered,XML003,14270,1718695085.6039495
529,26,libxml2,funfuzz,libxml2_xml_read_memory_fuzzer,triggered,XML003,22755,1718695085.6039495
530,27,libxml2,funfuzz,libxml2_xml_read_memory_fuzzer,triggered,XML003,11635,1718695085.6039495
531,28,libxml2,funfuzz,libxml2_xml_read_memory_fuzzer,triggered,XML003,44280,1718695085.6039495
532,29,libxml2,funfuzz,libxml2_xml_read_memory_fuzzer,triggered,XML003,10660,1718695085.6039495
533,30,libxml2,funfuzz,libxml2_xml_read_memory_fuzzer,triggered,XML003,18100,1718695085.6039495
534,31,libxml2,funfuzz,libxml2_xml_read_memory_fuzzer,triggered,XML003,35920,1718695085.6039495
535,32,libxml2,funfuzz,libxml2_xml_read_memory_fuzzer,triggered,XML003,12390,1718695085.6039495
536,33,libxml2,funfuzz,libxml2_xml_read_memory_fuzzer,triggered,XML003,16055,1718695085.6039495
537,34,libxml2,funfuzz,libxml2_xml_read_memory_fuzzer,triggered,XML003,14215,1718695085.6039495
538,35,libxml2,funfuzz,libxml2_xml_read_memory_fuzzer,triggered,XML003,21570,1718695085.6039495
539,36,libxml2,funfuzz,libxml2_xml_read_memory_fuzzer,triggered,XML003,13870,1718695085.6039495
540,37,libxml2,funfuzz,libxml2_xml_read_memory_fuzzer,triggered,XML003,19740,1718695085.6039495
541,38,libxml2,funfuzz,libxml2_xml_read_memory_fuzzer,triggered,XML003,28350,1718695085.6039495
542,39,libxml2,funfuzz,libxml2_xml_read_memory_fuzzer,triggered,XML003,16910,1718695085.6039495
543,40,libxml2,funfuzz,libxml2_xml_read_memory_fuzzer,triggered,XML003,18255,1718695085.6039495
544,21,libxml2,funfuzz,libxml2_xml_read_memory_fuzzer,reached,XML011,35,1718695085.6039495
545,22,libxml2,funfuzz,libxml2_xml_read_memory_fuzzer,reached,XML011,30,1718695085.6039495
546,23,libxml2,funfuzz,libxml2_xml_read_memory_fuzzer,reached,XML011,35,1718695085.6039495
547,24,libxml2,funfuzz,libxml2_xml_read_memory_fuzzer,reached,XML011,30,1718695085.6039495
548,25,libxml2,funfuzz,libxml2_xml_read_memory_fuzzer,reached,XML011,35,1718695085.6039495
549,26,libxml2,funfuzz,libxml2_xml_read_memory_fuzzer,reached,XML011,35,1718695085.6039495
550,27,libxml2,funfuzz,libxml2_xml_read_memory_fuzzer,reached,XML011,35,1718695085.6039495
551,28,libxml2,funfuzz,libxml2_xml_read_memory_fuzzer,reached,XML011,35,1718695085.6039495
552,29,libxml2,funfuzz,libxml2_xml_read_memory_fuzzer,reached,XML011,35,1718695085.6039495
553,30,libxml2,funfuzz,libxml2_xml_read_memory_fuzzer,reached,XML011,35,1718695085.6039495
554,31,libxml2,funfuzz,libxml2_xml_read_memory_fuzzer,reached,XML011,35,1718695085.6039495
555,32,libxml2,funfuzz,libxml2_xml_read_memory_fuzzer,reached,XML011,35,1718695085.6039495
556,33,libxml2,funfuzz,libxml2_xml_read_memory_fuzzer,reached,XML011,30,1718695085.6039495
557,34,libxml2,funfuzz,libxml2_xml_read_memory_fuzzer,reached,XML011,35,1718695085.6039495
558,35,libxml2,funfuzz,libxml2_xml_read_memory_fuzzer,reached,XML011,35,1718695085.6039495
559,36,libxml2,funfuzz,libxml2_xml_read_memory_fuzzer,reached,XML011,35,1718695085.6039495
560,37,libxml2,funfuzz,libxml2_xml_read_memory_fuzzer,reached,XML011,35,1718695085.6039495
561,38,libxml2,funfuzz,libxml2_xml_read_memory_fuzzer,reached,XML011,35,1718695085.6039495
562,39,libxml2,funfuzz,libxml2_xml_read_memory_fuzzer,reached,XML011,30,1718695085.6039495
563,40,libxml2,funfuzz,libxml2_xml_read_memory_fuzzer,reached,XML011,35,1718695085.6039495
564,21,libxml2,funfuzz,libxml2_xml_read_memory_fuzzer,reached,XML017,15,1718695085.6039495
565,22,libxml2,funfuzz,libxml2_xml_read_memory_fuzzer,reached,XML017,15,1718695085.6039495
566,23,libxml2,funfuzz,libxml2_xml_read_memory_fuzzer,reached,XML017,15,1718695085.6039495
567,24,libxml2,funfuzz,libxml2_xml_read_memory_fuzzer,reached,XML017,15,1718695085.6039495
568,25,libxml2,funfuzz,libxml2_xml_read_memory_fuzzer,reached,XML017,15,1718695085.6039495
569,26,libxml2,funfuzz,libxml2_xml_read_memory_fuzzer,reached,XML017,15,1718695085.6039495
570,27,libxml2,funfuzz,libxml2_xml_read_memory_fuzzer,reached,XML017,15,1718695085.6039495
571,28,libxml2,funfuzz,libxml2_xml_read_memory_fuzzer,reached,XML017,15,1718695085.6039495
572,29,libxml2,funfuzz,libxml2_xml_read_memory_fuzzer,reached,XML017,15,1718695085.6039495
573,30,libxml2,funfuzz,libxml2_xml_read_memory_fuzzer,reached,XML017,15,1718695085.6039495
574,31,libxml2,funfuzz,libxml2_xml_read_memory_fuzzer,reached,XML017,15,1718695085.6039495
575,32,libxml2,funfuzz,libxml2_xml_read_memory_fuzzer,reached,XML017,15,1718695085.6039495
576,33,libxml2,funfuzz,libxml2_xml_read_memory_fuzzer,reached,XML017,15,1718695085.6039495
577,34,libxml2,funfuzz,libxml2_xml_read_memory_fuzzer,reached,XML017,15,1718695085.6039495
578,35,libxml2,funfuzz,libxml2_xml_read_memory_fuzzer,reached,XML017,15,1718695085.6039495
579,36,libxml2,funfuzz,libxml2_xml_read_memory_fuzzer,reached,XML017,15,1718695085.6039495
580,37,libxml2,funfuzz,libxml2_xml_read_memory_fuzzer,reached,XML017,15,1718695085.6039495
581,38,libxml2,funfuzz,libxml2_xml_read_memory_fuzzer,reached,XML017,15,1718695085.6039495
582,39,libxml2,funfuzz,libxml2_xml_read_memory_fuzzer,reached,XML017,15,1718695085.6039495
583,40,libxml2,funfuzz,libxml2_xml_read_memory_fuzzer,reached,XML017,15,1718695085.6039495
584,21,libxml2,funfuzz,libxml2_xml_read_memory_fuzzer,triggered,XML017,35,1718695085.6039495
585,22,libxml2,funfuzz,libxml2_xml_read_memory_fuzzer,triggered,XML017,45,1718695085.6039495
586,23,libxml2,funfuzz,libxml2_xml_read_memory_fuzzer,triggered,XML017,35,1718695085.6039495
587,24,libxml2,funfuzz,libxml2_xml_read_memory_fuzzer,triggered,XML017,55,1718695085.6039495
588,25,libxml2,funfuzz,libxml2_xml_read_memory_fuzzer,triggered,XML017,40,1718695085.6039495
589,26,libxml2,funfuzz,libxml2_xml_read_memory_fuzzer,triggered,XML017,60,1718695085.6039495
590,27,libxml2,funfuzz,libxml2_xml_read_memory_fuzzer,triggered,XML017,45,1718695085.6039495
591,28,libxml2,funfuzz,libxml2_xml_read_memory_fuzzer,triggered,XML017,35,1718695085.6039495
592,29,libxml2,funfuzz,libxml2_xml_read_memory_fuzzer,triggered,XML017,45,1718695085.6039495
593,30,libxml2,funfuzz,libxml2_xml_read_memory_fuzzer,triggered,XML017,35,1718695085.6039495
594,31,libxml2,funfuzz,libxml2_xml_read_memory_fuzzer,triggered,XML017,40,1718695085.6039495
595,32,libxml2,funfuzz,libxml2_xml_read_memory_fuzzer,triggered,XML017,35,1718695085.6039495
596,33,libxml2,funfuzz,libxml2_xml_read_memory_fuzzer,triggered,XML017,30,1718695085.6039495
597,34,libxml2,funfuzz,libxml2_xml_read_memory_fuzzer,triggered,XML017,40,1718695085.6039495
598,35,libxml2,funfuzz,libxml2_xml_read_memory_fuzzer,triggered,XML017,45,1718695085.6039495
599,36,libxml2,funfuzz,libxml2_xml_read_memory_fuzzer,triggered,XML017,40,1718695085.6039495
600,37,libxml2,funfuzz,libxml2_xml_read_memory_fuzzer,triggered,XML017,35,1718695085.6039495
601,38,libxml2,funfuzz,libxml2_xml_read_memory_fuzzer,triggered,XML017,60,1718695085.6039495
602,39,libxml2,funfuzz,libxml2_xml_read_memory_fuzzer,triggered,XML017,30,1718695085.6039495
603,40,libxml2,funfuzz,libxml2_xml_read_memory_fuzzer,triggered,XML017,35,1718695085.6039495
604,36,libxml2,funfuzz,libxml2_xml_read_memory_fuzzer,reached,XML002,14160,1718695085.6039495
605,36,libxml2,funfuzz,libxml2_xml_read_memory_fuzzer,triggered,XML002,14160,1718695085.6039495
606,41,lua,funfuzz,lua,reached,LUA004,21135,1718695085.6039495
607,42,lua,funfuzz,lua,reached,LUA004,23490,1718695085.6039495
608,43,lua,funfuzz,lua,reached,LUA004,20260,1718695085.6039495
609,44,lua,funfuzz,lua,reached,LUA004,12375,1718695085.6039495
610,45,lua,funfuzz,lua,reached,LUA004,10005,1718695085.6039495
611,46,lua,funfuzz,lua,reached,LUA004,24475,1718695085.6039495
612,47,lua,funfuzz,lua,reached,LUA004,12005,1718695085.6039495
613,48,lua,funfuzz,lua,reached,LUA004,10840,1718695085.6039495
614,49,lua,funfuzz,lua,reached,LUA004,5600,1718695085.6039495
615,50,lua,funfuzz,lua,reached,LUA004,17570,1718695085.6039495
616,51,lua,funfuzz,lua,reached,LUA004,17725,1718695085.6039495
617,52,lua,funfuzz,lua,reached,LUA004,5275,1718695085.6039495
618,53,lua,funfuzz,lua,reached,LUA004,20450,1718695085.6039495
619,54,lua,funfuzz,lua,reached,LUA004,3680,1718695085.6039495
620,55,lua,funfuzz,lua,reached,LUA004,10740,1718695085.6039495
621,56,lua,funfuzz,lua,reached,LUA004,7510,1718695085.6039495
622,57,lua,funfuzz,lua,reached,LUA004,35015,1718695085.6039495
623,58,lua,funfuzz,lua,reached,LUA004,17365,1718695085.6039495
624,59,lua,funfuzz,lua,reached,LUA004,12615,1718695085.6039495
625,60,lua,funfuzz,lua,reached,LUA004,17945,1718695085.6039495
626,41,lua,funfuzz,lua,triggered,LUA004,21135,1718695085.6039495
627,42,lua,funfuzz,lua,triggered,LUA004,23490,1718695085.6039495
628,43,lua,funfuzz,lua,triggered,LUA004,20265,1718695085.6039495
629,44,lua,funfuzz,lua,triggered,LUA004,12375,1718695085.6039495
630,45,lua,funfuzz,lua,triggered,LUA004,10005,1718695085.6039495
631,46,lua,funfuzz,lua,triggered,LUA004,24475,1718695085.6039495
632,47,lua,funfuzz,lua,triggered,LUA004,12005,1718695085.6039495
633,48,lua,funfuzz,lua,triggered,LUA004,10840,1718695085.6039495
634,49,lua,funfuzz,lua,triggered,LUA004,5600,1718695085.6039495
635,50,lua,funfuzz,lua,triggered,LUA004,17570,1718695085.6039495
636,51,lua,funfuzz,lua,triggered,LUA004,17725,1718695085.6039495
637,52,lua,funfuzz,lua,triggered,LUA004,5275,1718695085.6039495
638,53,lua,funfuzz,lua,triggered,LUA004,20450,1718695085.6039495
639,54,lua,funfuzz,lua,triggered,LUA004,3680,1718695085.6039495
640,55,lua,funfuzz,lua,triggered,LUA004,10740,1718695085.6039495
641,56,lua,funfuzz,lua,triggered,LUA004,7510,1718695085.6039495
642,57,lua,funfuzz,lua,triggered,LUA004,35015,1718695085.6039495
643,58,lua,funfuzz,lua,triggered,LUA004,17365,1718695085.6039495
644,59,lua,funfuzz,lua,triggered,LUA004,12615,1718695085.6039495
645,60,lua,funfuzz,lua,triggered,LUA004,17945,1718695085.6039495
646,41,lua,funfuzz,lua,reached,LUA002,21315,1718695085.6039495
647,42,lua,funfuzz,lua,reached,LUA002,24590,1718695085.6039495
648,43,lua,funfuzz,lua,reached,LUA002,20265,1718695085.6039495
649,44,lua,funfuzz,lua,reached,LUA002,12380,1718695085.6039495
650,45,lua,funfuzz,lua,reached,LUA002,10440,1718695085.6039495
651,46,lua,funfuzz,lua,reached,LUA002,24485,1718695085.6039495
652,47,lua,funfuzz,lua,reached,LUA002,12510,1718695085.6039495
653,48,lua,funfuzz,lua,reached,LUA002,10905,1718695085.6039495
654,49,lua,funfuzz,lua,reached,LUA002,34175,1718695085.6039495
655,50,lua,funfuzz,lua,reached,LUA002,17590,1718695085.6039495
656,51,lua,funfuzz,lua,reached,LUA002,56830,1718695085.6039495
657,52,lua,funfuzz,lua,reached,LUA002,17190,1718695085.6039495
658,53,lua,funfuzz,lua,reached,LUA002,20480,1718695085.6039495
659,54,lua,funfuzz,lua,reached,LUA002,14900,1718695085.6039495
660,55,lua,funfuzz,lua,reached,LUA002,10755,1718695085.6039495
661,56,lua,funfuzz,lua,reached,LUA002,7520,1718695085.6039495
662,57,lua,funfuzz,lua,reached,LUA002,38360,1718695085.6039495
663,58,lua,funfuzz,lua,reached,LUA002,29970,1718695085.6039495
664,59,lua,funfuzz,lua,reached,LUA002,12630,1718695085.6039495
665,60,lua,funfuzz,lua,reached,LUA002,22560,1718695085.6039495
666,54,lua,funfuzz,lua,reached,LUA001,26435,1718695085.6039495
667,57,lua,funfuzz,lua,reached,LUA001,59555,1718695085.6039495
668,61,libsndfile,funfuzz,sndfile_fuzzer,reached,SND017,1420,1718695085.6039495
669,62,libsndfile,funfuzz,sndfile_fuzzer,reached,SND017,135,1718695085.6039495
670,63,libsndfile,funfuzz,sndfile_fuzzer,reached,SND017,180,1718695085.6039495
671,64,libsndfile,funfuzz,sndfile_fuzzer,reached,SND017,985,1718695085.6039495
672,65,libsndfile,funfuzz,sndfile_fuzzer,reached,SND017,150,1718695085.6039495
673,66,libsndfile,funfuzz,sndfile_fuzzer,reached,SND017,650,1718695085.6039495
674,67,libsndfile,funfuzz,sndfile_fuzzer,reached,SND017,145,1718695085.6039495
675,68,libsndfile,funfuzz,sndfile_fuzzer,reached,SND017,30,1718695085.6039495
676,69,libsndfile,funfuzz,sndfile_fuzzer,reached,SND017,140,1718695085.6039495
677,70,libsndfile,funfuzz,sndfile_fuzzer,reached,SND017,555,1718695085.6039495
678,71,libsndfile,funfuzz,sndfile_fuzzer,reached,SND017,60,1718695085.6039495
679,72,libsndfile,funfuzz,sndfile_fuzzer,reached,SND017,195,1718695085.6039495
680,73,libsndfile,funfuzz,sndfile_fuzzer,reached,SND017,45,1718695085.6039495
681,74,libsndfile,funfuzz,sndfile_fuzzer,reached,SND017,740,1718695085.6039495
682,75,libsndfile,funfuzz,sndfile_fuzzer,reached,SND017,25,1718695085.6039495
683,76,libsndfile,funfuzz,sndfile_fuzzer,reached,SND017,1630,1718695085.6039495
684,77,libsndfile,funfuzz,sndfile_fuzzer,reached,SND017,410,1718695085.6039495
685,78,libsndfile,funfuzz,sndfile_fuzzer,reached,SND017,330,1718695085.6039495
686,79,libsndfile,funfuzz,sndfile_fuzzer,reached,SND017,180,1718695085.6039495
687,80,libsndfile,funfuzz,sndfile_fuzzer,reached,SND017,370,1718695085.6039495
688,61,libsndfile,funfuzz,sndfile_fuzzer,triggered,SND017,1425,1718695085.6039495
689,62,libsndfile,funfuzz,sndfile_fuzzer,triggered,SND017,135,1718695085.6039495
690,63,libsndfile,funfuzz,sndfile_fuzzer,triggered,SND017,180,1718695085.6039495
691,64,libsndfile,funfuzz,sndfile_fuzzer,triggered,SND017,1000,1718695085.6039495
692,65,libsndfile,funfuzz,sndfile_fuzzer,triggered,SND017,215,1718695085.6039495
693,66,libsndfile,funfuzz,sndfile_fuzzer,triggered,SND017,650,1718695085.6039495
694,67,libsndfile,funfuzz,sndfile_fuzzer,triggered,SND017,145,1718695085.6039495
695,68,libsndfile,funfuzz,sndfile_fuzzer,triggered,SND017,120,1718695085.6039495
696,69,libsndfile,funfuzz,sndfile_fuzzer,triggered,SND017,245,1718695085.6039495
697,70,libsndfile,funfuzz,sndfile_fuzzer,triggered,SND017,555,1718695085.6039495
698,71,libsndfile,funfuzz,sndfile_fuzzer,triggered,SND017,60,1718695085.6039495
699,72,libsndfile,funfuzz,sndfile_fuzzer,triggered,SND017,195,1718695085.6039495
700,73,libsndfile,funfuzz,sndfile_fuzzer,triggered,SND017,45,1718695085.6039495
701,74,libsndfile,funfuzz,sndfile_fuzzer,triggered,SND017,740,1718695085.6039495
702,75,libsndfile,funfuzz,sndfile_fuzzer,triggered,SND017,35,1718695085.6039495
703,76,libsndfile,funfuzz,sndfile_fuzzer,triggered,SND017,1630,1718695085.6039495
704,77,libsndfile,funfuzz,sndfile_fuzzer,triggered,SND017,410,1718695085.6039495
705,78,libsndfile,funfuzz,sndfile_fuzzer,triggered,SND017,330,1718695085.6039495
706,79,libsndfile,funfuzz,sndfile_fuzzer,triggered,SND017,190,1718695085.6039495
707,80,libsndfile,funfuzz,sndfile_fuzzer,triggered,SND017,370,1718695085.6039495
708,61,libsndfile,funfuzz,sndfile_fuzzer,reached,SND005,100,1718695085.6039495
709,62,libsndfile,funfuzz,sndfile_fuzzer,reached,SND005,45,1718695085.6039495
710,63,libsndfile,funfuzz,sndfile_fuzzer,reached,SND005,60,1718695085.6039495
711,64,libsndfile,funfuzz,sndfile_fuzzer,reached,SND005,165,1718695085.6039495
712,65,libsndfile,funfuzz,sndfile_fuzzer,reached,SND005,110,1718695085.6039495
713,66,libsndfile,funfuzz,sndfile_fuzzer,reached,SND005,180,1718695085.6039495
714,67,libsndfile,funfuzz,sndfile_fuzzer,reached,SND005,20,1718695085.6039495
715,68,libsndfile,funfuzz,sndfile_fuzzer,reached,SND005,30,1718695085.6039495
716,69,libsndfile,funfuzz,sndfile_fuzzer,reached,SND005,140,1718695085.6039495
717,70,libsndfile,funfuzz,sndfile_fuzzer,reached,SND005,60,1718695085.6039495
718,71,libsndfile,funfuzz,sndfile_fuzzer,reached,SND005,45,1718695085.6039495
719,72,libsndfile,funfuzz,sndfile_fuzzer,reached,SND005,65,1718695085.6039495
720,73,libsndfile,funfuzz,sndfile_fuzzer,reached,SND005,15,1718695085.6039495
721,74,libsndfile,funfuzz,sndfile_fuzzer,reached,SND005,30,1718695085.6039495
722,75,libsndfile,funfuzz,sndfile_fuzzer,reached,SND005,25,1718695085.6039495
723,76,libsndfile,funfuzz,sndfile_fuzzer,reached,SND005,110,1718695085.6039495
724,77,libsndfile,funfuzz,sndfile_fuzzer,reached,SND005,30,1718695085.6039495
725,78,libsndfile,funfuzz,sndfile_fuzzer,reached,SND005,110,1718695085.6039495
726,79,libsndfile,funfuzz,sndfile_fuzzer,reached,SND005,110,1718695085.6039495
727,80,libsndfile,funfuzz,sndfile_fuzzer,reached,SND005,150,1718695085.6039495
728,61,libsndfile,funfuzz,sndfile_fuzzer,triggered,SND005,595,1718695085.6039495
729,62,libsndfile,funfuzz,sndfile_fuzzer,triggered,SND005,50,1718695085.6039495
730,63,libsndfile,funfuzz,sndfile_fuzzer,triggered,SND005,520,1718695085.6039495
731,64,libsndfile,funfuzz,sndfile_fuzzer,triggered,SND005,845,1718695085.6039495
732,65,libsndfile,funfuzz,sndfile_fuzzer,triggered,SND005,1140,1718695085.6039495
733,66,libsndfile,funfuzz,sndfile_fuzzer,triggered,SND005,580,1718695085.6039495
734,67,libsndfile,funfuzz,sndfile_fuzzer,triggered,SND005,1000,1718695085.6039495
735,68,libsndfile,funfuzz,sndfile_fuzzer,triggered,SND005,875,1718695085.6039495
736,69,libsndfile,funfuzz,sndfile_fuzzer,triggered,SND005,250,1718695085.6039495
737,70,libsndfile,funfuzz,sndfile_fuzzer,triggered,SND005,780,1718695085.6039495
738,71,libsndfile,funfuzz,sndfile_fuzzer,triggered,SND005,535,1718695085.6039495
739,72,libsndfile,funfuzz,sndfile_fuzzer,triggered,SND005,710,1718695085.6039495
740,73,libsndfile,funfuzz,sndfile_fuzzer,triggered,SND005,145,1718695085.6039495
741,74,libsndfile,funfuzz,sndfile_fuzzer,triggered,SND005,1045,1718695085.6039495
742,75,libsndfile,funfuzz,sndfile_fuzzer,triggered,SND005,40,1718695085.6039495
743,76,libsndfile,funfuzz,sndfile_fuzzer,triggered,SND005,450,1718695085.6039495
744,77,libsndfile,funfuzz,sndfile_fuzzer,triggered,SND005,725,1718695085.6039495
745,78,libsndfile,funfuzz,sndfile_fuzzer,triggered,SND005,115,1718695085.6039495
746,79,libsndfile,funfuzz,sndfile_fuzzer,triggered,SND005,145,1718695085.6039495
747,80,libsndfile,funfuzz,sndfile_fuzzer,triggered,SND005,565,1718695085.6039495
748,61,libsndfile,funfuzz,sndfile_fuzzer,reached,SND007,100,1718695085.6039495
749,62,libsndfile,funfuzz,sndfile_fuzzer,reached,SND007,45,1718695085.6039495
750,63,libsndfile,funfuzz,sndfile_fuzzer,reached,SND007,60,1718695085.6039495
751,64,libsndfile,funfuzz,sndfile_fuzzer,reached,SND007,165,1718695085.6039495
752,65,libsndfile,funfuzz,sndfile_fuzzer,reached,SND007,110,1718695085.6039495
753,66,libsndfile,funfuzz,sndfile_fuzzer,reached,SND007,180,1718695085.6039495
754,67,libsndfile,funfuzz,sndfile_fuzzer,reached,SND007,20,1718695085.6039495
755,68,libsndfile,funfuzz,sndfile_fuzzer,reached,SND007,30,1718695085.6039495
756,69,libsndfile,funfuzz,sndfile_fuzzer,reached,SND007,140,1718695085.6039495
757,70,libsndfile,funfuzz,sndfile_fuzzer,reached,SND007,60,1718695085.6039495
758,71,libsndfile,funfuzz,sndfile_fuzzer,reached,SND007,45,1718695085.6039495
759,72,libsndfile,funfuzz,sndfile_fuzzer,reached,SND007,65,1718695085.6039495
760,73,libsndfile,funfuzz,sndfile_fuzzer,reached,SND007,15,1718695085.6039495
761,74,libsndfile,funfuzz,sndfile_fuzzer,reached,SND007,30,1718695085.6039495
762,75,libsndfile,funfuzz,sndfile_fuzzer,reached,SND007,25,1718695085.6039495
763,76,libsndfile,funfuzz,sndfile_fuzzer,reached,SND007,110,1718695085.6039495
764,77,libsndfile,funfuzz,sndfile_fuzzer,reached,SND007,30,1718695085.6039495
765,78,libsndfile,funfuzz,sndfile_fuzzer,reached,SND007,110,1718695085.6039495
766,79,libsndfile,funfuzz,sndfile_fuzzer,reached,SND007,110,1718695085.6039495
767,80,libsndfile,funfuzz,sndfile_fuzzer,reached,SND007,150,1718695085.6039495
768,61,libsndfile,funfuzz,sndfile_fuzzer,triggered,SND007,1515,1718695085.6039495
769,62,libsndfile,funfuzz,sndfile_fuzzer,triggered,SND007,1050,1718695085.6039495
770,63,libsndfile,funfuzz,sndfile_fuzzer,triggered,SND007,980,1718695085.6039495
771,64,libsndfile,funfuzz,sndfile_fuzzer,triggered,SND007,1460,1718695085.6039495
772,65,libsndfile,funfuzz,sndfile_fuzzer,triggered,SND007,615,1718695085.6039495
773,66,libsndfile,funfuzz,sndfile_fuzzer,triggered,SND007,1045,1718695085.6039495
774,67,libsndfile,funfuzz,sndfile_fuzzer,triggered,SND007,445,1718695085.6039495
775,68,libsndfile,funfuzz,sndfile_fuzzer,triggered,SND007,565,1718695085.6039495
776,69,libsndfile,funfuzz,sndfile_fuzzer,triggered,SND007,690,1718695085.6039495
777,70,libsndfile,funfuzz,sndfile_fuzzer,triggered,SND007,75,1718695085.6039495
778,71,libsndfile,funfuzz,sndfile_fuzzer,triggered,SND007,1755,1718695085.6039495
779,72,libsndfile,funfuzz,sndfile_fuzzer,triggered,SND007,880,1718695085.6039495
780,73,libsndfile,funfuzz,sndfile_fuzzer,triggered,SND007,765,1718695085.6039495
781,74,libsndfile,funfuzz,sndfile_fuzzer,triggered,SND007,430,1718695085.6039495
782,75,libsndfile,funfuzz,sndfile_fuzzer,triggered,SND007,300,1718695085.6039495
783,76,libsndfile,funfuzz,sndfile_fuzzer,triggered,SND007,635,1718695085.6039495
784,77,libsndfile,funfuzz,sndfile_fuzzer,triggered,SND007,635,1718695085.6039495
785,78,libsndfile,funfuzz,sndfile_fuzzer,triggered,SND007,535,1718695085.6039495
786,79,libsndfile,funfuzz,sndfile_fuzzer,triggered,SND007,1245,1718695085.6039495
787,80,libsndfile,funfuzz,sndfile_fuzzer,triggered,SND007,1800,1718695085.6039495
788,61,libsndfile,funfuzz,sndfile_fuzzer,reached,SND016,10,1718695085.6039495
789,62,libsndfile,funfuzz,sndfile_fuzzer,reached,SND016,10,1718695085.6039495
790,63,libsndfile,funfuzz,sndfile_fuzzer,reached,SND016,10,1718695085.6039495
791,64,libsndfile,funfuzz,sndfile_fuzzer,reached,SND016,10,1718695085.6039495
792,65,libsndfile,funfuzz,sndfile_fuzzer,reached,SND016,10,1718695085.6039495
793,66,libsndfile,funfuzz,sndfile_fuzzer,reached,SND016,10,1718695085.6039495
794,67,libsndfile,funfuzz,sndfile_fuzzer,reached,SND016,10,1718695085.6039495
795,68,libsndfile,funfuzz,sndfile_fuzzer,reached,SND016,10,1718695085.6039495
796,69,libsndfile,funfuzz,sndfile_fuzzer,reached,SND016,10,1718695085.6039495
797,70,libsndfile,funfuzz,sndfile_fuzzer,reached,SND016,10,1718695085.6039495
798,71,libsndfile,funfuzz,sndfile_fuzzer,reached,SND016,10,1718695085.6039495
799,72,libsndfile,funfuzz,sndfile_fuzzer,reached,SND016,10,1718695085.6039495
800,73,libsndfile,funfuzz,sndfile_fuzzer,reached,SND016,10,1718695085.6039495
801,74,libsndfile,funfuzz,sndfile_fuzzer,reached,SND016,10,1718695085.6039495
802,75,libsndfile,funfuzz,sndfile_fuzzer,reached,SND016,10,1718695085.6039495
803,76,libsndfile,funfuzz,sndfile_fuzzer,reached,SND016,10,1718695085.6039495
804,77,libsndfile,funfuzz,sndfile_fuzzer,reached,SND016,10,1718695085.6039495
805,78,libsndfile,funfuzz,sndfile_fuzzer,reached,SND016,10,1718695085.6039495
806,79,libsndfile,funfuzz,sndfile_fuzzer,reached,SND016,10,1718695085.6039495
807,80,libsndfile,funfuzz,sndfile_fuzzer,reached,SND016,10,1718695085.6039495
808,61,libsndfile,funfuzz,sndfile_fuzzer,reached,SND001,100,1718695085.6039495
809,62,libsndfile,funfuzz,sndfile_fuzzer,reached,SND001,45,1718695085.6039495
810,63,libsndfile,funfuzz,sndfile_fuzzer,reached,SND001,60,1718695085.6039495
811,64,libsndfile,funfuzz,sndfile_fuzzer,reached,SND001,165,1718695085.6039495
812,65,libsndfile,funfuzz,sndfile_fuzzer,reached,SND001,110,1718695085.6039495
813,66,libsndfile,funfuzz,sndfile_fuzzer,reached,SND001,180,1718695085.6039495
814,67,libsndfile,funfuzz,sndfile_fuzzer,reached,SND001,20,1718695085.6039495
815,68,libsndfile,funfuzz,sndfile_fuzzer,reached,SND001,30,1718695085.6039495
816,69,libsndfile,funfuzz,sndfile_fuzzer,reached,SND001,140,1718695085.6039495
817,70,libsndfile,funfuzz,sndfile_fuzzer,reached,SND001,60,1718695085.6039495
818,71,libsndfile,funfuzz,sndfile_fuzzer,reached,SND001,45,1718695085.6039495
819,72,libsndfile,funfuzz,sndfile_fuzzer,reached,SND001,65,1718695085.6039495
820,73,libsndfile,funfuzz,sndfile_fuzzer,reached,SND001,15,1718695085.6039495
821,74,libsndfile,funfuzz,sndfile_fuzzer,reached,SND001,30,1718695085.6039495
822,75,libsndfile,funfuzz,sndfile_fuzzer,reached,SND001,25,1718695085.6039495
823,76,libsndfile,funfuzz,sndfile_fuzzer,reached,SND001,110,1718695085.6039495
824,77,libsndfile,funfuzz,sndfile_fuzzer,reached,SND001,30,1718695085.6039495
825,78,libsndfile,funfuzz,sndfile_fuzzer,reached,SND001,110,1718695085.6039495
826,79,libsndfile,funfuzz,sndfile_fuzzer,reached,SND001,110,1718695085.6039495
827,80,libsndfile,funfuzz,sndfile_fuzzer,reached,SND001,150,1718695085.6039495
828,61,libsndfile,funfuzz,sndfile_fuzzer,triggered,SND001,310,1718695085.6039495
829,62,libsndfile,funfuzz,sndfile_fuzzer,triggered,SND001,95,1718695085.6039495
830,63,libsndfile,funfuzz,sndfile_fuzzer,triggered,SND001,365,1718695085.6039495
831,64,libsndfile,funfuzz,sndfile_fuzzer,triggered,SND001,320,1718695085.6039495
832,65,libsndfile,funfuzz,sndfile_fuzzer,triggered,SND001,120,1718695085.6039495
833,66,libsndfile,funfuzz,sndfile_fuzzer,triggered,SND001,190,1718695085.6039495
834,67,libsndfile,funfuzz,sndfile_fuzzer,triggered,SND001,150,1718695085.6039495
835,68,libsndfile,funfuzz,sndfile_fuzzer,triggered,SND001,125,1718695085.6039495
836,69,libsndfile,funfuzz,sndfile_fuzzer,triggered,SND001,430,1718695085.6039495
837,70,libsndfile,funfuzz,sndfile_fuzzer,triggered,SND001,490,1718695085.6039495
838,71,libsndfile,funfuzz,sndfile_fuzzer,triggered,SND001,120,1718695085.6039495
839,72,libsndfile,funfuzz,sndfile_fuzzer,triggered,SND001,665,1718695085.6039495
840,73,libsndfile,funfuzz,sndfile_fuzzer,triggered,SND001,260,1718695085.6039495
841,74,libsndfile,funfuzz,sndfile_fuzzer,triggered,SND001,105,1718695085.6039495
842,75,libsndfile,funfuzz,sndfile_fuzzer,triggered,SND001,665,1718695085.6039495
843,76,libsndfile,funfuzz,sndfile_fuzzer,triggered,SND001,775,1718695085.6039495
844,77,libsndfile,funfuzz,sndfile_fuzzer,triggered,SND001,70,1718695085.6039495
845,78,libsndfile,funfuzz,sndfile_fuzzer,triggered,SND001,600,1718695085.6039495
846,79,libsndfile,funfuzz,sndfile_fuzzer,triggered,SND001,220,1718695085.6039495
847,80,libsndfile,funfuzz,sndfile_fuzzer,triggered,SND001,470,1718695085.6039495
848,61,libsndfile,funfuzz,sndfile_fuzzer,reached,SND024,100,1718695085.6039495
849,62,libsndfile,funfuzz,sndfile_fuzzer,reached,SND024,45,1718695085.6039495
850,63,libsndfile,funfuzz,sndfile_fuzzer,reached,SND024,60,1718695085.6039495
851,64,libsndfile,funfuzz,sndfile_fuzzer,reached,SND024,165,1718695085.6039495
852,65,libsndfile,funfuzz,sndfile_fuzzer,reached,SND024,110,1718695085.6039495
853,66,libsndfile,funfuzz,sndfile_fuzzer,reached,SND024,180,1718695085.6039495
854,67,libsndfile,funfuzz,sndfile_fuzzer,reached,SND024,20,1718695085.6039495
855,68,libsndfile,funfuzz,sndfile_fuzzer,reached,SND024,30,1718695085.6039495
856,69,libsndfile,funfuzz,sndfile_fuzzer,reached,SND024,140,1718695085.6039495
857,70,libsndfile,funfuzz,sndfile_fuzzer,reached,SND024,60,1718695085.6039495
858,71,libsndfile,funfuzz,sndfile_fuzzer,reached,SND024,45,1718695085.6039495
859,72,libsndfile,funfuzz,sndfile_fuzzer,reached,SND024,65,1718695085.6039495
860,73,libsndfile,funfuzz,sndfile_fuzzer,reached,SND024,15,1718695085.6039495
861,74,libsndfile,funfuzz,sndfile_fuzzer,reached,SND024,30,1718695085.6039495
862,75,libsndfile,funfuzz,sndfile_fuzzer,reached,SND024,25,1718695085.6039495
863,76,libsndfile,funfuzz,sndfile_fuzzer,reached,SND024,110,1718695085.6039495
864,77,libsndfile,funfuzz,sndfile_fuzzer,reached,SND024,30,1718695085.6039495
865,78,libsndfile,funfuzz,sndfile_fuzzer,reached,SND024,110,1718695085.6039495
866,79,libsndfile,funfuzz,sndfile_fuzzer,reached,SND024,110,1718695085.6039495
867,80,libsndfile,funfuzz,sndfile_fuzzer,reached,SND024,150,1718695085.6039495
868,61,libsndfile,funfuzz,sndfile_fuzzer,triggered,SND024,435,1718695085.6039495
869,62,libsndfile,funfuzz,sndfile_fuzzer,triggered,SND024,395,1718695085.6039495
870,63,libsndfile,funfuzz,sndfile_fuzzer,triggered,SND024,295,1718695085.6039495
871,64,libsndfile,funfuzz,sndfile_fuzzer,triggered,SND024,285,1718695085.6039495
872,65,libsndfile,funfuzz,sndfile_fuzzer,triggered,SND024,560,1718695085.6039495
873,66,libsndfile,funfuzz,sndfile_fuzzer,triggered,SND024,305,1718695085.6039495
874,67,libsndfile,funfuzz,sndfile_fuzzer,triggered,SND024,405,1718695085.6039495
875,68,libsndfile,funfuzz,sndfile_fuzzer,triggered,SND024,560,1718695085.6039495
876,69,libsndfile,funfuzz,sndfile_fuzzer,triggered,SND024,305,1718695085.6039495
877,70,libsndfile,funfuzz,sndfile_fuzzer,triggered,SND024,65,1718695085.6039495
878,71,libsndfile,funfuzz,sndfile_fuzzer,triggered,SND024,305,1718695085.6039495
879,72,libsndfile,funfuzz,sndfile_fuzzer,triggered,SND024,620,1718695085.6039495
880,73,libsndfile,funfuzz,sndfile_fuzzer,triggered,SND024,20,1718695085.6039495
881,74,libsndfile,funfuzz,sndfile_fuzzer,triggered,SND024,325,1718695085.6039495
882,75,libsndfile,funfuzz,sndfile_fuzzer,triggered,SND024,300,1718695085.6039495
883,76,libsndfile,funfuzz,sndfile_fuzzer,triggered,SND024,620,1718695085.6039495
884,77,libsndfile,funfuzz,sndfile_fuzzer,triggered,SND024,555,1718695085.6039495
885,78,libsndfile,funfuzz,sndfile_fuzzer,triggered,SND024,530,1718695085.6039495
886,79,libsndfile,funfuzz,sndfile_fuzzer,triggered,SND024,115,1718695085.6039495
887,80,libsndfile,funfuzz,sndfile_fuzzer,triggered,SND024,155,1718695085.6039495
888,61,libsndfile,funfuzz,sndfile_fuzzer,reached,SND020,1435,1718695085.6039495
889,62,libsndfile,funfuzz,sndfile_fuzzer,reached,SND020,780,1718695085.6039495
890,63,libsndfile,funfuzz,sndfile_fuzzer,reached,SND020,920,1718695085.6039495
891,64,libsndfile,funfuzz,sndfile_fuzzer,reached,SND020,995,1718695085.6039495
892,65,libsndfile,funfuzz,sndfile_fuzzer,reached,SND020,400,1718695085.6039495
893,66,libsndfile,funfuzz,sndfile_fuzzer,reached,SND020,810,1718695085.6039495
894,67,libsndfile,funfuzz,sndfile_fuzzer,reached,SND020,480,1718695085.6039495
895,68,libsndfile,funfuzz,sndfile_fuzzer,reached,SND020,270,1718695085.6039495
896,69,libsndfile,funfuzz,sndfile_fuzzer,reached,SND020,505,1718695085.6039495
897,70,libsndfile,funfuzz,sndfile_fuzzer,reached,SND020,735,1718695085.6039495
898,71,libsndfile,funfuzz,sndfile_fuzzer,reached,SND020,550,1718695085.6039495
899,72,libsndfile,funfuzz,sndfile_fuzzer,reached,SND020,820,1718695085.6039495
900,73,libsndfile,funfuzz,sndfile_fuzzer,reached,SND020,330,1718695085.6039495
901,74,libsndfile,funfuzz,sndfile_fuzzer,reached,SND020,1030,1718695085.6039495
902,75,libsndfile,funfuzz,sndfile_fuzzer,reached,SND020,285,1718695085.6039495
903,76,libsndfile,funfuzz,sndfile_fuzzer,reached,SND020,1645,1718695085.6039495
904,77,libsndfile,funfuzz,sndfile_fuzzer,reached,SND020,580,1718695085.6039495
905,78,libsndfile,funfuzz,sndfile_fuzzer,reached,SND020,510,1718695085.6039495
906,79,libsndfile,funfuzz,sndfile_fuzzer,reached,SND020,185,1718695085.6039495
907,80,libsndfile,funfuzz,sndfile_fuzzer,reached,SND020,430,1718695085.6039495
908,61,libsndfile,funfuzz,sndfile_fuzzer,triggered,SND020,1435,1718695085.6039495
909,62,libsndfile,funfuzz,sndfile_fuzzer,triggered,SND020,790,1718695085.6039495
910,63,libsndfile,funfuzz,sndfile_fuzzer,triggered,SND020,920,1718695085.6039495
911,64,libsndfile,funfuzz,sndfile_fuzzer,triggered,SND020,1115,1718695085.6039495
912,65,libsndfile,funfuzz,sndfile_fuzzer,triggered,SND020,400,1718695085.6039495
913,66,libsndfile,funfuzz,sndfile_fuzzer,triggered,SND020,810,1718695085.6039495
914,67,libsndfile,funfuzz,sndfile_fuzzer,triggered,SND020,480,1718695085.6039495
915,68,libsndfile,funfuzz,sndfile_fuzzer,triggered,SND020,270,1718695085.6039495
916,69,libsndfile,funfuzz,sndfile_fuzzer,triggered,SND020,505,1718695085.6039495
917,70,libsndfile,funfuzz,sndfile_fuzzer,triggered,SND020,740,1718695085.6039495
918,71,libsndfile,funfuzz,sndfile_fuzzer,triggered,SND020,550,1718695085.6039495
919,72,libsndfile,funfuzz,sndfile_fuzzer,triggered,SND020,820,1718695085.6039495
920,73,libsndfile,funfuzz,sndfile_fuzzer,triggered,SND020,330,1718695085.6039495
921,74,libsndfile,funfuzz,sndfile_fuzzer,triggered,SND020,1030,1718695085.6039495
922,75,libsndfile,funfuzz,sndfile_fuzzer,triggered,SND020,285,1718695085.6039495
923,76,libsndfile,funfuzz,sndfile_fuzzer,triggered,SND020,1645,1718695085.6039495
924,77,libsndfile,funfuzz,sndfile_fuzzer,triggered,SND020,790,1718695085.6039495
925,78,libsndfile,funfuzz,sndfile_fuzzer,triggered,SND020,510,1718695085.6039495
926,79,libsndfile,funfuzz,sndfile_fuzzer,triggered,SND020,185,1718695085.6039495
927,80,libsndfile,funfuzz,sndfile_fuzzer,triggered,SND020,435,1718695085.6039495
928,61,libsndfile,funfuzz,sndfile_fuzzer,reached,SND006,100,1718695085.6039495
929,62,libsndfile,funfuzz,sndfile_fuzzer,reached,SND006,45,1718695085.6039495
930,63,libsndfile,funfuzz,sndfile_fuzzer,reached,SND006,60,1718695085.6039495
931,64,libsndfile,funfuzz,sndfile_fuzzer,reached,SND006,165,1718695085.6039495
932,65,libsndfile,funfuzz,sndfile_fuzzer,reached,SND006,110,1718695085.6039495
933,66,libsndfile,funfuzz,sndfile_fuzzer,reached,SND006,180,1718695085.6039495
934,67,libsndfile,funfuzz,sndfile_fuzzer,reached,SND006,20,1718695085.6039495
935,68,libsndfile,funfuzz,sndfile_fuzzer,reached,SND006,30,1718695085.6039495
936,69,libsndfile,funfuzz,sndfile_fuzzer,reached,SND006,140,1718695085.6039495
937,70,libsndfile,funfuzz,sndfile_fuzzer,reached,SND006,60,1718695085.6039495
938,71,libsndfile,funfuzz,sndfile_fuzzer,reached,SND006,45,1718695085.6039495
939,72,libsndfile,funfuzz,sndfile_fuzzer,reached,SND006,65,1718695085.6039495
940,73,libsndfile,funfuzz,sndfile_fuzzer,reached,SND006,15,1718695085.6039495
941,74,libsndfile,funfuzz,sndfile_fuzzer,reached,SND006,30,1718695085.6039495
942,75,libsndfile,funfuzz,sndfile_fuzzer,reached,SND006,25,1718695085.6039495
943,76,libsndfile,funfuzz,sndfile_fuzzer,reached,SND006,110,1718695085.6039495
944,77,libsndfile,funfuzz,sndfile_fuzzer,reached,SND006,30,1718695085.6039495
945,78,libsndfile,funfuzz,sndfile_fuzzer,reached,SND006,110,1718695085.6039495
946,79,libsndfile,funfuzz,sndfile_fuzzer,reached,SND006,110,1718695085.6039495
947,80,libsndfile,funfuzz,sndfile_fuzzer,reached,SND006,150,1718695085.6039495
948,61,libsndfile,funfuzz,sndfile_fuzzer,triggered,SND006,440,1718695085.6039495
949,62,libsndfile,funfuzz,sndfile_fuzzer,triggered,SND006,395,1718695085.6039495
950,63,libsndfile,funfuzz,sndfile_fuzzer,triggered,SND006,295,1718695085.6039495
951,64,libsndfile,funfuzz,sndfile_fuzzer,triggered,SND006,285,1718695085.6039495
952,65,libsndfile,funfuzz,sndfile_fuzzer,triggered,SND006,560,1718695085.6039495
953,66,libsndfile,funfuzz,sndfile_fuzzer,triggered,SND006,310,1718695085.6039495
954,67,libsndfile,funfuzz,sndfile_fuzzer,triggered,SND006,410,1718695085.6039495
955,68,libsndfile,funfuzz,sndfile_fuzzer,triggered,SND006,565,1718695085.6039495
956,69,libsndfile,funfuzz,sndfile_fuzzer,triggered,SND006,305,1718695085.6039495
957,70,libsndfile,funfuzz,sndfile_fuzzer,triggered,SND006,70,1718695085.6039495
958,71,libsndfile,funfuzz,sndfile_fuzzer,triggered,SND006,310,1718695085.6039495
959,72,libsndfile,funfuzz,sndfile_fuzzer,triggered,SND006,630,1718695085.6039495
960,73,libsndfile,funfuzz,sndfile_fuzzer,triggered,SND006,25,1718695085.6039495
961,74,libsndfile,funfuzz,sndfile_fuzzer,triggered,SND006,330,1718695085.6039495
962,75,libsndfile,funfuzz,sndfile_fuzzer,triggered,SND006,300,1718695085.6039495
963,76,libsndfile,funfuzz,sndfile_fuzzer,triggered,SND006,625,1718695085.6039495
964,77,libsndfile,funfuzz,sndfile_fuzzer,triggered,SND006,555,1718695085.6039495
965,78,libsndfile,funfuzz,sndfile_fuzzer,triggered,SND006,6180,1718695085.6039495
966,79,libsndfile,funfuzz,sndfile_fuzzer,triggered,SND006,120,1718695085.6039495
967,80,libsndfile,funfuzz,sndfile_fuzzer,triggered,SND006,160,1718695085.6039495
968,81,libpng,funfuzz,libpng_read_fuzzer,reached,PNG005,15,1718695085.6039495
969,82,libpng,funfuzz,libpng_read_fuzzer,reached,PNG005,15,1718695085.6039495
970,83,libpng,funfuzz,libpng_read_fuzzer,reached,PNG005,15,1718695085.6039495
971,84,libpng,funfuzz,libpng_read_fuzzer,reached,PNG005,15,1718695085.6039495
972,85,libpng,funfuzz,libpng_read_fuzzer,reached,PNG005,15,1718695085.6039495
973,86,libpng,funfuzz,libpng_read_fuzzer,reached,PNG005,15,1718695085.6039495
974,87,libpng,funfuzz,libpng_read_fuzzer,reached,PNG005,15,1718695085.6039495
975,88,libpng,funfuzz,libpng_read_fuzzer,reached,PNG005,15,1718695085.6039495
976,89,libpng,funfuzz,libpng_read_fuzzer,reached,PNG005,15,1718695085.6039495
977,90,libpng,funfuzz,libpng_read_fuzzer,reached,PNG005,15,1718695085.6039495
978,91,libpng,funfuzz,libpng_read_fuzzer,reached,PNG005,15,1718695085.6039495
979,92,libpng,funfuzz,libpng_read_fuzzer,reached,PNG005,15,1718695085.6039495
980,93,libpng,funfuzz,libpng_read_fuzzer,reached,PNG005,15,1718695085.6039495
981,94,libpng,funfuzz,libpng_read_fuzzer,reached,PNG005,15,1718695085.6039495
982,95,libpng,funfuzz,libpng_read_fuzzer,reached,PNG005,15,1718695085.6039495
983,96,libpng,funfuzz,libpng_read_fuzzer,reached,PNG005,15,1718695085.6039495
984,97,libpng,funfuzz,libpng_read_fuzzer,reached,PNG005,15,1718695085.6039495
985,98,libpng,funfuzz,libpng_read_fuzzer,reached,PNG005,15,1718695085.6039495
986,99,libpng,funfuzz,libpng_read_fuzzer,reached,PNG005,15,1718695085.6039495
987,100,libpng,funfuzz,libpng_read_fuzzer,reached,PNG005,15,1718695085.6039495
988,81,libpng,funfuzz,libpng_read_fuzzer,reached,PNG003,15,1718695085.6039495
989,82,libpng,funfuzz,libpng_read_fuzzer,reached,PNG003,15,1718695085.6039495
990,83,libpng,funfuzz,libpng_read_fuzzer,reached,PNG003,15,1718695085.6039495
991,84,libpng,funfuzz,libpng_read_fuzzer,reached,PNG003,15,1718695085.6039495
992,85,libpng,funfuzz,libpng_read_fuzzer,reached,PNG003,15,1718695085.6039495
993,86,libpng,funfuzz,libpng_read_fuzzer,reached,PNG003,15,1718695085.6039495
994,87,libpng,funfuzz,libpng_read_fuzzer,reached,PNG003,15,1718695085.6039495
995,88,libpng,funfuzz,libpng_read_fuzzer,reached,PNG003,15,1718695085.6039495
996,89,libpng,funfuzz,libpng_read_fuzzer,reached,PNG003,15,1718695085.6039495
997,90,libpng,funfuzz,libpng_read_fuzzer,reached,PNG003,15,1718695085.6039495
998,91,libpng,funfuzz,libpng_read_fuzzer,reached,PNG003,15,1718695085.6039495
999,92,libpng,funfuzz,libpng_read_fuzzer,reached,PNG003,15,1718695085.6039495
1000,93,libpng,funfuzz,libpng_read_fuzzer,reached,PNG003,15,1718695085.6039495
1001,94,libpng,funfuzz,libpng_read_fuzzer,reached,PNG003,15,1718695085.6039495
1002,95,libpng,funfuzz,libpng_read_fuzzer,reached,PNG003,15,1718695085.6039495
1003,96,libpng,funfuzz,libpng_read_fuzzer,reached,PNG003,15,1718695085.6039495
1004,97,libpng,funfuzz,libpng_read_fuzzer,reached,PNG003,15,1718695085.6039495
1005,98,libpng,funfuzz,libpng_read_fuzzer,reached,PNG003,15,1718695085.6039495
1006,99,libpng,funfuzz,libpng_read_fuzzer,reached,PNG003,15,1718695085.6039495
1007,100,libpng,funfuzz,libpng_read_fuzzer,reached,PNG003,15,1718695085.6039495
1008,81,libpng,funfuzz,libpng_read_fuzzer,triggered,PNG003,25,1718695085.6039495
1009,82,libpng,funfuzz,libpng_read_fuzzer,triggered,PNG003,20,1718695085.6039495
1010,83,libpng,funfuzz,libpng_read_fuzzer,triggered,PNG003,20,1718695085.6039495
1011,84,libpng,funfuzz,libpng_read_fuzzer,triggered,PNG003,20,1718695085.6039495
1012,85,libpng,funfuzz,libpng_read_fuzzer,triggered,PNG003,20,1718695085.6039495
1013,86,libpng,funfuzz,libpng_read_fuzzer,triggered,PNG003,35,1718695085.6039495
1014,87,libpng,funfuzz,libpng_read_fuzzer,triggered,PNG003,20,1718695085.6039495
1015,88,libpng,funfuzz,libpng_read_fuzzer,triggered,PNG003,20,1718695085.6039495
1016,89,libpng,funfuzz,libpng_read_fuzzer,triggered,PNG003,20,1718695085.6039495
1017,90,libpng,funfuzz,libpng_read_fuzzer,triggered,PNG003,25,1718695085.6039495
1018,91,libpng,funfuzz,libpng_read_fuzzer,triggered,PNG003,20,1718695085.6039495
1019,92,libpng,funfuzz,libpng_read_fuzzer,triggered,PNG003,20,1718695085.6039495
1020,93,libpng,funfuzz,libpng_read_fuzzer,triggered,PNG003,20,1718695085.6039495
1021,94,libpng,funfuzz,libpng_read_fuzzer,triggered,PNG003,25,1718695085.6039495
1022,95,libpng,funfuzz,libpng_read_fuzzer,triggered,PNG003,60,1718695085.6039495
1023,96,libpng,funfuzz,libpng_read_fuzzer,triggered,PNG003,25,1718695085.6039495
1024,97,libpng,funfuzz,libpng_read_fuzzer,triggered,PNG003,20,1718695085.6039495
1025,98,libpng,funfuzz,libpng_read_fuzzer,triggered,PNG003,20,1718695085.6039495
1026,99,libpng,funfuzz,libpng_read_fuzzer,triggered,PNG003,20,1718695085.6039495
1027,100,libpng,funfuzz,libpng_read_fuzzer,triggered,PNG003,25,1718695085.6039495
1028,81,libpng,funfuzz,libpng_read_fuzzer,reached,PNG001,15,1718695085.6039495
1029,82,libpng,funfuzz,libpng_read_fuzzer,reached,PNG001,15,1718695085.6039495
1030,83,libpng,funfuzz,libpng_read_fuzzer,reached,PNG001,15,1718695085.6039495
1031,84,libpng,funfuzz,libpng_read_fuzzer,reached,PNG001,15,1718695085.6039495
1032,85,libpng,funfuzz,libpng_read_fuzzer,reached,PNG001,15,1718695085.6039495
1033,86,libpng,funfuzz,libpng_read_fuzzer,reached,PNG001,15,1718695085.6039495
1034,87,libpng,funfuzz,libpng_read_fuzzer,reached,PNG001,15,1718695085.6039495
1035,88,libpng,funfuzz,libpng_read_fuzzer,reached,PNG001,15,1718695085.6039495
1036,89,libpng,funfuzz,libpng_read_fuzzer,reached,PNG001,15,1718695085.6039495
1037,90,libpng,funfuzz,libpng_read_fuzzer,reached,PNG001,15,1718695085.6039495
1038,91,libpng,funfuzz,libpng_read_fuzzer,reached,PNG001,15,1718695085.6039495
1039,92,libpng,funfuzz,libpng_read_fuzzer,reached,PNG001,15,1718695085.6039495
1040,93,libpng,funfuzz,libpng_read_fuzzer,reached,PNG001,15,1718695085.6039495
1041,94,libpng,funfuzz,libpng_read_fuzzer,reached,PNG001,15,1718695085.6039495
1042,95,libpng,funfuzz,libpng_read_fuzzer,reached,PNG001,15,1718695085.6039495
1043,96,libpng,funfuzz,libpng_read_fuzzer,reached,PNG001,15,1718695085.6039495
1044,97,libpng,funfuzz,libpng_read_fuzzer,reached,PNG001,15,1718695085.6039495
1045,98,libpng,funfuzz,libpng_read_fuzzer,reached,PNG001,15,1718695085.6039495
1046,99,libpng,funfuzz,libpng_read_fuzzer,reached,PNG001,15,1718695085.6039495
1047,100,libpng,funfuzz,libpng_read_fuzzer,reached,PNG001,15,1718695085.6039495
1048,89,libpng,funfuzz,libpng_read_fuzzer,triggered,PNG001,59910,1718695085.6039495
1049,81,libpng,funfuzz,libpng_read_fuzzer,reached,PNG004,20,1718695085.6039495
1050,82,libpng,funfuzz,libpng_read_fuzzer,reached,PNG004,20,1718695085.6039495
1051,83,libpng,funfuzz,libpng_read_fuzzer,reached,PNG004,20,1718695085.6039495
1052,84,libpng,funfuzz,libpng_read_fuzzer,reached,PNG004,25,1718695085.6039495
1053,85,libpng,funfuzz,libpng_read_fuzzer,reached,PNG004,40,1718695085.6039495
1054,86,libpng,funfuzz,libpng_read_fuzzer,reached,PNG004,20,1718695085.6039495
1055,87,libpng,funfuzz,libpng_read_fuzzer,reached,PNG004,20,1718695085.6039495
1056,88,libpng,funfuzz,libpng_read_fuzzer,reached,PNG004,20,1718695085.6039495
1057,89,libpng,funfuzz,libpng_read_fuzzer,reached,PNG004,20,1718695085.6039495
1058,90,libpng,funfuzz,libpng_read_fuzzer,reached,PNG004,20,1718695085.6039495
1059,91,libpng,funfuzz,libpng_read_fuzzer,reached,PNG004,20,1718695085.6039495
1060,92,libpng,funfuzz,libpng_read_fuzzer,reached,PNG004,20,1718695085.6039495
1061,93,libpng,funfuzz,libpng_read_fuzzer,reached,PNG004,20,1718695085.6039495
1062,94,libpng,funfuzz,libpng_read_fuzzer,reached,PNG004,25,1718695085.6039495
1063,95,libpng,funfuzz,libpng_read_fuzzer,reached,PNG004,25,1718695085.6039495
1064,96,libpng,funfuzz,libpng_read_fuzzer,reached,PNG004,20,1718695085.6039495
1065,97,libpng,funfuzz,libpng_read_fuzzer,reached,PNG004,20,1718695085.6039495
1066,98,libpng,funfuzz,libpng_read_fuzzer,reached,PNG004,20,1718695085.6039495
1067,99,libpng,funfuzz,libpng_read_fuzzer,reached,PNG004,20,1718695085.6039495
1068,100,libpng,funfuzz,libpng_read_fuzzer,reached,PNG004,20,1718695085.6039495
1069,81,libpng,funfuzz,libpng_read_fuzzer,reached,PNG006,10,1718695085.6039495
1070,82,libpng,funfuzz,libpng_read_fuzzer,reached,PNG006,10,1718695085.6039495
1071,83,libpng,funfuzz,libpng_read_fuzzer,reached,PNG006,10,1718695085.6039495
1072,84,libpng,funfuzz,libpng_read_fuzzer,reached,PNG006,10,1718695085.6039495
1073,85,libpng,funfuzz,libpng_read_fuzzer,reached,PNG006,10,1718695085.6039495
1074,86,libpng,funfuzz,libpng_read_fuzzer,reached,PNG006,10,1718695085.6039495
1075,87,libpng,funfuzz,libpng_read_fuzzer,reached,PNG006,10,1718695085.6039495
1076,88,libpng,funfuzz,libpng_read_fuzzer,reached,PNG006,10,1718695085.6039495
1077,89,libpng,funfuzz,libpng_read_fuzzer,reached,PNG006,10,1718695085.6039495
1078,90,libpng,funfuzz,libpng_read_fuzzer,reached,PNG006,10,1718695085.6039495
1079,91,libpng,funfuzz,libpng_read_fuzzer,reached,PNG006,10,1718695085.6039495
1080,92,libpng,funfuzz,libpng_read_fuzzer,reached,PNG006,10,1718695085.6039495
1081,93,libpng,funfuzz,libpng_read_fuzzer,reached,PNG006,10,1718695085.6039495
1082,94,libpng,funfuzz,libpng_read_fuzzer,reached,PNG006,10,1718695085.6039495
1083,95,libpng,funfuzz,libpng_read_fuzzer,reached,PNG006,10,1718695085.6039495
1084,96,libpng,funfuzz,libpng_read_fuzzer,reached,PNG006,10,1718695085.6039495
1085,97,libpng,funfuzz,libpng_read_fuzzer,reached,PNG006,10,1718695085.6039495
1086,98,libpng,funfuzz,libpng_read_fuzzer,reached,PNG006,10,1718695085.6039495
1087,99,libpng,funfuzz,libpng_read_fuzzer,reached,PNG006,10,1718695085.6039495
1088,100,libpng,funfuzz,libpng_read_fuzzer,reached,PNG006,10,1718695085.6039495
1089,81,libpng,funfuzz,libpng_read_fuzzer,reached,PNG007,15,1718695085.6039495
1090,82,libpng,funfuzz,libpng_read_fuzzer,reached,PNG007,15,1718695085.6039495
1091,83,libpng,funfuzz,libpng_read_fuzzer,reached,PNG007,15,1718695085.6039495
1092,84,libpng,funfuzz,libpng_read_fuzzer,reached,PNG007,15,1718695085.6039495
1093,85,libpng,funfuzz,libpng_read_fuzzer,reached,PNG007,15,1718695085.6039495
1094,86,libpng,funfuzz,libpng_read_fuzzer,reached,PNG007,15,1718695085.6039495
1095,87,libpng,funfuzz,libpng_read_fuzzer,reached,PNG007,15,1718695085.6039495
1096,88,libpng,funfuzz,libpng_read_fuzzer,reached,PNG007,15,1718695085.6039495
1097,89,libpng,funfuzz,libpng_read_fuzzer,reached,PNG007,15,1718695085.6039495
1098,90,libpng,funfuzz,libpng_read_fuzzer,reached,PNG007,15,1718695085.6039495
1099,91,libpng,funfuzz,libpng_read_fuzzer,reached,PNG007,15,1718695085.6039495
1100,92,libpng,funfuzz,libpng_read_fuzzer,reached,PNG007,15,1718695085.6039495
1101,93,libpng,funfuzz,libpng_read_fuzzer,reached,PNG007,15,1718695085.6039495
1102,94,libpng,funfuzz,libpng_read_fuzzer,reached,PNG007,15,1718695085.6039495
1103,95,libpng,funfuzz,libpng_read_fuzzer,reached,PNG007,15,1718695085.6039495
1104,96,libpng,funfuzz,libpng_read_fuzzer,reached,PNG007,15,1718695085.6039495
1105,97,libpng,funfuzz,libpng_read_fuzzer,reached,PNG007,15,1718695085.6039495
1106,98,libpng,funfuzz,libpng_read_fuzzer,reached,PNG007,15,1718695085.6039495
1107,99,libpng,funfuzz,libpng_read_fuzzer,reached,PNG007,15,1718695085.6039495
1108,100,libpng,funfuzz,libpng_read_fuzzer,reached,PNG007,15,1718695085.6039495
1109,82,libpng,funfuzz,libpng_read_fuzzer,triggered,PNG007,5575,1718695085.6039495
1110,83,libpng,funfuzz,libpng_read_fuzzer,triggered,PNG007,165,1718695085.6039495
1111,84,libpng,funfuzz,libpng_read_fuzzer,triggered,PNG007,3340,1718695085.6039495
1112,85,libpng,funfuzz,libpng_read_fuzzer,triggered,PNG007,11045,1718695085.6039495
1113,86,libpng,funfuzz,libpng_read_fuzzer,triggered,PNG007,3170,1718695085.6039495
1114,87,libpng,funfuzz,libpng_read_fuzzer,triggered,PNG007,45415,1718695085.6039495
1115,88,libpng,funfuzz,libpng_read_fuzzer,triggered,PNG007,4665,1718695085.6039495
1116,89,libpng,funfuzz,libpng_read_fuzzer,triggered,PNG007,3255,1718695085.6039495
1117,90,libpng,funfuzz,libpng_read_fuzzer,triggered,PNG007,7770,1718695085.6039495
1118,91,libpng,funfuzz,libpng_read_fuzzer,triggered,PNG007,55530,1718695085.6039495
1119,92,libpng,funfuzz,libpng_read_fuzzer,triggered,PNG007,3945,1718695085.6039495
1120,93,libpng,funfuzz,libpng_read_fuzzer,triggered,PNG007,1875,1718695085.6039495
1121,94,libpng,funfuzz,libpng_read_fuzzer,triggered,PNG007,850,1718695085.6039495
1122,95,libpng,funfuzz,libpng_read_fuzzer,triggered,PNG007,4775,1718695085.6039495
1123,96,libpng,funfuzz,libpng_read_fuzzer,triggered,PNG007,31800,1718695085.6039495
1124,97,libpng,funfuzz,libpng_read_fuzzer,triggered,PNG007,12450,1718695085.6039495
1125,98,libpng,funfuzz,libpng_read_fuzzer,triggered,PNG007,3035,1718695085.6039495
1126,99,libpng,funfuzz,libpng_read_fuzzer,triggered,PNG007,4965,1718695085.6039495
1127,100,libpng,funfuzz,libpng_read_fuzzer,triggered,PNG007,18545,1718695085.6039495
1128,102,sqlite3,aflgo,sqlite3_fuzz,reached,SQL014,25785,1718695085.6039495
1129,111,sqlite3,aflgo,sqlite3_fuzz,reached,SQL014,53620,1718695085.6039495
1130,101,sqlite3,aflgo,sqlite3_fuzz,reached,SQL009,19435,1718695085.6039495
1131,113,sqlite3,aflgo,sqlite3_fuzz,reached,SQL009,2705,1718695085.6039495
1132,101,sqlite3,aflgo,sqlite3_fuzz,reached,SQL002,160,1718695085.6039495
1133,102,sqlite3,aflgo,sqlite3_fuzz,reached,SQL002,985,1718695085.6039495
1134,103,sqlite3,aflgo,sqlite3_fuzz,reached,SQL002,450,1718695085.6039495
1135,104,sqlite3,aflgo,sqlite3_fuzz,reached,SQL002,60,1718695085.6039495
1136,105,sqlite3,aflgo,sqlite3_fuzz,reached,SQL002,7330,1718695085.6039495
1137,106,sqlite3,aflgo,sqlite3_fuzz,reached,SQL002,40,1718695085.6039495
1138,107,sqlite3,aflgo,sqlite3_fuzz,reached,SQL002,1035,1718695085.6039495
1139,109,sqlite3,aflgo,sqlite3_fuzz,reached,SQL002,1435,1718695085.6039495
1140,110,sqlite3,aflgo,sqlite3_fuzz,reached,SQL002,3225,1718695085.6039495
1141,111,sqlite3,aflgo,sqlite3_fuzz,reached,SQL002,875,1718695085.6039495
1142,112,sqlite3,aflgo,sqlite3_fuzz,reached,SQL002,8655,1718695085.6039495
1143,113,sqlite3,aflgo,sqlite3_fuzz,reached,SQL002,1750,1718695085.6039495
1144,114,sqlite3,aflgo,sqlite3_fuzz,reached,SQL002,21270,1718695085.6039495
1145,115,sqlite3,aflgo,sqlite3_fuzz,reached,SQL002,79780,1718695085.6039495
1146,116,sqlite3,aflgo,sqlite3_fuzz,reached,SQL002,9005,1718695085.6039495
1147,117,sqlite3,aflgo,sqlite3_fuzz,reached,SQL002,8965,1718695085.6039495
1148,118,sqlite3,aflgo,sqlite3_fuzz,reached,SQL002,185,1718695085.6039495
1149,101,sqlite3,aflgo,sqlite3_fuzz,triggered,SQL002,3375,1718695085.6039495
1150,102,sqlite3,aflgo,sqlite3_fuzz,triggered,SQL002,4710,1718695085.6039495
1151,103,sqlite3,aflgo,sqlite3_fuzz,triggered,SQL002,4280,1718695085.6039495
1152,105,sqlite3,aflgo,sqlite3_fuzz,triggered,SQL002,11545,1718695085.6039495
1153,106,sqlite3,aflgo,sqlite3_fuzz,triggered,SQL002,8245,1718695085.6039495
1154,110,sqlite3,aflgo,sqlite3_fuzz,triggered,SQL002,10960,1718695085.6039495
1155,111,sqlite3,aflgo,sqlite3_fuzz,triggered,SQL002,53620,1718695085.6039495
1156,112,sqlite3,aflgo,sqlite3_fuzz,triggered,SQL002,16650,1718695085.6039495
1157,113,sqlite3,aflgo,sqlite3_fuzz,triggered,SQL002,4900,1718695085.6039495
1158,114,sqlite3,aflgo,sqlite3_fuzz,triggered,SQL002,27750,1718695085.6039495
1159,116,sqlite3,aflgo,sqlite3_fuzz,triggered,SQL002,13180,1718695085.6039495
1160,117,sqlite3,aflgo,sqlite3_fuzz,triggered,SQL002,61680,1718695085.6039495
1161,101,sqlite3,aflgo,sqlite3_fuzz,reached,SQL016,2150,1718695085.6039495
1162,102,sqlite3,aflgo,sqlite3_fuzz,reached,SQL016,985,1718695085.6039495
1163,103,sqlite3,aflgo,sqlite3_fuzz,reached,SQL016,1695,1718695085.6039495
1164,104,sqlite3,aflgo,sqlite3_fuzz,reached,SQL016,1090,1718695085.6039495
1165,105,sqlite3,aflgo,sqlite3_fuzz,reached,SQL016,10540,1718695085.6039495
1166,106,sqlite3,aflgo,sqlite3_fuzz,reached,SQL016,4665,1718695085.6039495
1167,107,sqlite3,aflgo,sqlite3_fuzz,reached,SQL016,3790,1718695085.6039495
1168,109,sqlite3,aflgo,sqlite3_fuzz,reached,SQL016,1800,1718695085.6039495
1169,110,sqlite3,aflgo,sqlite3_fuzz,reached,SQL016,3910,1718695085.6039495
1170,111,sqlite3,aflgo,sqlite3_fuzz,reached,SQL016,7215,1718695085.6039495
1171,112,sqlite3,aflgo,sqlite3_fuzz,reached,SQL016,14645,1718695085.6039495
1172,113,sqlite3,aflgo,sqlite3_fuzz,reached,SQL016,1750,1718695085.6039495
1173,114,sqlite3,aflgo,sqlite3_fuzz,reached,SQL016,27200,1718695085.6039495
1174,116,sqlite3,aflgo,sqlite3_fuzz,reached,SQL016,11860,1718695085.6039495
1175,117,sqlite3,aflgo,sqlite3_fuzz,reached,SQL016,61185,1718695085.6039495
1176,118,sqlite3,aflgo,sqlite3_fuzz,reached,SQL016,190,1718695085.6039495
1177,101,sqlite3,aflgo,sqlite3_fuzz,reached,SQL015,160,1718695085.6039495
1178,102,sqlite3,aflgo,sqlite3_fuzz,reached,SQL015,985,1718695085.6039495
1179,103,sqlite3,aflgo,sqlite3_fuzz,reached,SQL015,450,1718695085.6039495
1180,104,sqlite3,aflgo,sqlite3_fuzz,reached,SQL015,850,1718695085.6039495
1181,105,sqlite3,aflgo,sqlite3_fuzz,reached,SQL015,7330,1718695085.6039495
1182,106,sqlite3,aflgo,sqlite3_fuzz,reached,SQL015,3660,1718695085.6039495
1183,107,sqlite3,aflgo,sqlite3_fuzz,reached,SQL015,1035,1718695085.6039495
1184,109,sqlite3,aflgo,sqlite3_fuzz,reached,SQL015,1435,1718695085.6039495
1185,110,sqlite3,aflgo,sqlite3_fuzz,reached,SQL015,3225,1718695085.6039495
1186,111,sqlite3,aflgo,sqlite3_fuzz,reached,SQL015,2065,1718695085.6039495
1187,112,sqlite3,aflgo,sqlite3_fuzz,reached,SQL015,8655,1718695085.6039495
1188,113,sqlite3,aflgo,sqlite3_fuzz,reached,SQL015,1750,1718695085.6039495
1189,114,sqlite3,aflgo,sqlite3_fuzz,reached,SQL015,21270,1718695085.6039495
1190,115,sqlite3,aflgo,sqlite3_fuzz,reached,SQL015,82490,1718695085.6039495
1191,116,sqlite3,aflgo,sqlite3_fuzz,reached,SQL015,9010,1718695085.6039495
1192,117,sqlite3,aflgo,sqlite3_fuzz,reached,SQL015,8965,1718695085.6039495
1193,118,sqlite3,aflgo,sqlite3_fuzz,reached,SQL015,190,1718695085.6039495
1194,101,sqlite3,aflgo,sqlite3_fuzz,reached,SQL018,4170,1718695085.6039495
1195,102,sqlite3,aflgo,sqlite3_fuzz,reached,SQL018,3935,1718695085.6039495
1196,103,sqlite3,aflgo,sqlite3_fuzz,reached,SQL018,4145,1718695085.6039495
1197,105,sqlite3,aflgo,sqlite3_fuzz,reached,SQL018,11790,1718695085.6039495
1198,107,sqlite3,aflgo,sqlite3_fuzz,reached,SQL018,11100,1718695085.6039495
1199,111,sqlite3,aflgo,sqlite3_fuzz,reached,SQL018,16760,1718695085.6039495
1200,113,sqlite3,aflgo,sqlite3_fuzz,reached,SQL018,4730,1718695085.6039495
1201,116,sqlite3,aflgo,sqlite3_fuzz,reached,SQL018,13235,1718695085.6039495
1202,117,sqlite3,aflgo,sqlite3_fuzz,reached,SQL018,62170,1718695085.6039495
1203,101,sqlite3,aflgo,sqlite3_fuzz,triggered,SQL018,4170,1718695085.6039495
1204,102,sqlite3,aflgo,sqlite3_fuzz,triggered,SQL018,3935,1718695085.6039495
1205,103,sqlite3,aflgo,sqlite3_fuzz,triggered,SQL018,4145,1718695085.6039495
1206,105,sqlite3,aflgo,sqlite3_fuzz,triggered,SQL018,11790,1718695085.6039495
1207,107,sqlite3,aflgo,sqlite3_fuzz,triggered,SQL018,11100,1718695085.6039495
1208,113,sqlite3,aflgo,sqlite3_fuzz,triggered,SQL018,4730,1718695085.6039495
1209,116,sqlite3,aflgo,sqlite3_fuzz,triggered,SQL018,13235,1718695085.6039495
1210,117,sqlite3,aflgo,sqlite3_fuzz,triggered,SQL018,62170,1718695085.6039495
1211,101,sqlite3,aflgo,sqlite3_fuzz,reached,SQL019,2365,1718695085.6039495
1212,102,sqlite3,aflgo,sqlite3_fuzz,reached,SQL019,2895,1718695085.6039495
1213,103,sqlite3,aflgo,sqlite3_fuzz,reached,SQL019,1690,1718695085.6039495
1214,104,sqlite3,aflgo,sqlite3_fuzz,reached,SQL019,1430,1718695085.6039495
1215,105,sqlite3,aflgo,sqlite3_fuzz,reached,SQL019,10520,1718695085.6039495
1216,106,sqlite3,aflgo,sqlite3_fuzz,reached,SQL019,4830,1718695085.6039495
1217,107,sqlite3,aflgo,sqlite3_fuzz,reached,SQL019,3960,1718695085.6039495
1218,109,sqlite3,aflgo,sqlite3_fuzz,reached,SQL019,1790,1718695085.6039495
1219,110,sqlite3,aflgo,sqlite3_fuzz,reached,SQL019,4140,1718695085.6039495
1220,111,sqlite3,aflgo,sqlite3_fuzz,reached,SQL019,2390,1718695085.6039495
1221,112,sqlite3,aflgo,sqlite3_fuzz,reached,SQL019,14465,1718695085.6039495
1222,113,sqlite3,aflgo,sqlite3_fuzz,reached,SQL019,2515,1718695085.6039495
1223,114,sqlite3,aflgo,sqlite3_fuzz,reached,SQL019,27060,1718695085.6039495
1224,115,sqlite3,aflgo,sqlite3_fuzz,reached,SQL019,82390,1718695085.6039495
1225,116,sqlite3,aflgo,sqlite3_fuzz,reached,SQL019,11810,1718695085.6039495
1226,117,sqlite3,aflgo,sqlite3_fuzz,reached,SQL019,60855,1718695085.6039495
1227,118,sqlite3,aflgo,sqlite3_fuzz,reached,SQL019,5420,1718695085.6039495
1228,101,sqlite3,aflgo,sqlite3_fuzz,reached,SQL007,145,1718695085.6039495
1229,102,sqlite3,aflgo,sqlite3_fuzz,reached,SQL007,55,1718695085.6039495
1230,103,sqlite3,aflgo,sqlite3_fuzz,reached,SQL007,395,1718695085.6039495
1231,104,sqlite3,aflgo,sqlite3_fuzz,reached,SQL007,850,1718695085.6039495
1232,105,sqlite3,aflgo,sqlite3_fuzz,reached,SQL007,1130,1718695085.6039495
1233,106,sqlite3,aflgo,sqlite3_fuzz,reached,SQL007,3660,1718695085.6039495
1234,107,sqlite3,aflgo,sqlite3_fuzz,reached,SQL007,955,1718695085.6039495
1235,108,sqlite3,aflgo,sqlite3_fuzz,reached,SQL007,215,1718695085.6039495
1236,109,sqlite3,aflgo,sqlite3_fuzz,reached,SQL007,1345,1718695085.6039495
1237,110,sqlite3,aflgo,sqlite3_fuzz,reached,SQL007,3220,1718695085.6039495
1238,111,sqlite3,aflgo,sqlite3_fuzz,reached,SQL007,2065,1718695085.6039495
1239,112,sqlite3,aflgo,sqlite3_fuzz,reached,SQL007,6325,1718695085.6039495
1240,113,sqlite3,aflgo,sqlite3_fuzz,reached,SQL007,45,1718695085.6039495
1241,114,sqlite3,aflgo,sqlite3_fuzz,reached,SQL007,21250,1718695085.6039495
1242,115,sqlite3,aflgo,sqlite3_fuzz,reached,SQL007,82490,1718695085.6039495
1243,116,sqlite3,aflgo,sqlite3_fuzz,reached,SQL007,9010,1718695085.6039495
1244,117,sqlite3,aflgo,sqlite3_fuzz,reached,SQL007,8040,1718695085.6039495
1245,118,sqlite3,aflgo,sqlite3_fuzz,reached,SQL007,190,1718695085.6039495
1246,119,sqlite3,aflgo,sqlite3_fuzz,reached,SQL007,40,1718695085.6039495
1247,101,sqlite3,aflgo,sqlite3_fuzz,reached,SQL010,2150,1718695085.6039495
1248,102,sqlite3,aflgo,sqlite3_fuzz,reached,SQL010,985,1718695085.6039495
1249,103,sqlite3,aflgo,sqlite3_fuzz,reached,SQL010,1815,1718695085.6039495
1250,104,sqlite3,aflgo,sqlite3_fuzz,reached,SQL010,1090,1718695085.6039495
1251,105,sqlite3,aflgo,sqlite3_fuzz,reached,SQL010,10570,1718695085.6039495
1252,106,sqlite3,aflgo,sqlite3_fuzz,reached,SQL010,4665,1718695085.6039495
1253,107,sqlite3,aflgo,sqlite3_fuzz,reached,SQL010,3790,1718695085.6039495
1254,109,sqlite3,aflgo,sqlite3_fuzz,reached,SQL010,1905,1718695085.6039495
1255,110,sqlite3,aflgo,sqlite3_fuzz,reached,SQL010,3910,1718695085.6039495
1256,111,sqlite3,aflgo,sqlite3_fuzz,reached,SQL010,9030,1718695085.6039495
1257,112,sqlite3,aflgo,sqlite3_fuzz,reached,SQL010,14510,1718695085.6039495
1258,113,sqlite3,aflgo,sqlite3_fuzz,reached,SQL010,1750,1718695085.6039495
1259,114,sqlite3,aflgo,sqlite3_fuzz,reached,SQL010,32175,1718695085.6039495
1260,116,sqlite3,aflgo,sqlite3_fuzz,reached,SQL010,11835,1718695085.6039495
1261,117,sqlite3,aflgo,sqlite3_fuzz,reached,SQL010,60885,1718695085.6039495
1262,118,sqlite3,aflgo,sqlite3_fuzz,reached,SQL010,190,1718695085.6039495
1263,101,sqlite3,aflgo,sqlite3_fuzz,reached,SQL017,2150,1718695085.6039495
1264,102,sqlite3,aflgo,sqlite3_fuzz,reached,SQL017,985,1718695085.6039495
1265,103,sqlite3,aflgo,sqlite3_fuzz,reached,SQL017,1815,1718695085.6039495
1266,104,sqlite3,aflgo,sqlite3_fuzz,reached,SQL017,1090,1718695085.6039495
1267,105,sqlite3,aflgo,sqlite3_fuzz,reached,SQL017,10985,1718695085.6039495
1268,106,sqlite3,aflgo,sqlite3_fuzz,reached,SQL017,4665,1718695085.6039495
1269,107,sqlite3,aflgo,sqlite3_fuzz,reached,SQL017,3790,1718695085.6039495
1270,109,sqlite3,aflgo,sqlite3_fuzz,reached,SQL017,1905,1718695085.6039495
1271,110,sqlite3,aflgo,sqlite3_fuzz,reached,SQL017,3910,1718695085.6039495
1272,111,sqlite3,aflgo,sqlite3_fuzz,reached,SQL017,9175,1718695085.6039495
1273,112,sqlite3,aflgo,sqlite3_fuzz,reached,SQL017,14580,1718695085.6039495
1274,113,sqlite3,aflgo,sqlite3_fuzz,reached,SQL017,1750,1718695085.6039495
1275,114,sqlite3,aflgo,sqlite3_fuzz,reached,SQL017,32175,1718695085.6039495
1276,116,sqlite3,aflgo,sqlite3_fuzz,reached,SQL017,11860,1718695085.6039495
1277,117,sqlite3,aflgo,sqlite3_fuzz,reached,SQL017,61250,1718695085.6039495
1278,118,sqlite3,aflgo,sqlite3_fuzz,reached,SQL017,190,1718695085.6039495
1279,101,sqlite3,aflgo,sqlite3_fuzz,reached,SQL006,30195,1718695085.6039495
1280,102,sqlite3,aflgo,sqlite3_fuzz,reached,SQL006,82080,1718695085.6039495
1281,120,libxml2,aflgo,libxml2_xml_read_memory_fuzzer,reached,XML001,15,1718695085.6039495
1282,121,libxml2,aflgo,libxml2_xml_read_memory_fuzzer,reached,XML001,15,1718695085.6039495
1283,122,libxml2,aflgo,libxml2_xml_read_memory_fuzzer,reached,XML001,15,1718695085.6039495
1284,123,libxml2,aflgo,libxml2_xml_read_memory_fuzzer,reached,XML001,15,1718695085.6039495
1285,124,libxml2,aflgo,libxml2_xml_read_memory_fuzzer,reached,XML001,15,1718695085.6039495
1286,125,libxml2,aflgo,libxml2_xml_read_memory_fuzzer,reached,XML001,15,1718695085.6039495
1287,126,libxml2,aflgo,libxml2_xml_read_memory_fuzzer,reached,XML001,15,1718695085.6039495
1288,127,libxml2,aflgo,libxml2_xml_read_memory_fuzzer,reached,XML001,15,1718695085.6039495
1289,128,libxml2,aflgo,libxml2_xml_read_memory_fuzzer,reached,XML001,15,1718695085.6039495
1290,129,libxml2,aflgo,libxml2_xml_read_memory_fuzzer,reached,XML001,15,1718695085.6039495
1291,130,libxml2,aflgo,libxml2_xml_read_memory_fuzzer,reached,XML001,15,1718695085.6039495
1292,131,libxml2,aflgo,libxml2_xml_read_memory_fuzzer,reached,XML001,15,1718695085.6039495
1293,132,libxml2,aflgo,libxml2_xml_read_memory_fuzzer,reached,XML001,15,1718695085.6039495
1294,133,libxml2,aflgo,libxml2_xml_read_memory_fuzzer,reached,XML001,15,1718695085.6039495
1295,134,libxml2,aflgo,libxml2_xml_read_memory_fuzzer,reached,XML001,15,1718695085.6039495
1296,135,libxml2,aflgo,libxml2_xml_read_memory_fuzzer,reached,XML001,15,1718695085.6039495
1297,136,libxml2,aflgo,libxml2_xml_read_memory_fuzzer,reached,XML001,15,1718695085.6039495
1298,137,libxml2,aflgo,libxml2_xml_read_memory_fuzzer,reached,XML001,15,1718695085.6039495
1299,138,libxml2,aflgo,libxml2_xml_read_memory_fuzzer,reached,XML001,15,1718695085.6039495
1300,139,libxml2,aflgo,libxml2_xml_read_memory_fuzzer,reached,XML001,15,1718695085.6039495
1301,120,libxml2,aflgo,libxml2_xml_read_memory_fuzzer,reached,XML006,15,1718695085.6039495
1302,121,libxml2,aflgo,libxml2_xml_read_memory_fuzzer,reached,XML006,15,1718695085.6039495
1303,122,libxml2,aflgo,libxml2_xml_read_memory_fuzzer,reached,XML006,15,1718695085.6039495
1304,123,libxml2,aflgo,libxml2_xml_read_memory_fuzzer,reached,XML006,15,1718695085.6039495
1305,124,libxml2,aflgo,libxml2_xml_read_memory_fuzzer,reached,XML006,15,1718695085.6039495
1306,125,libxml2,aflgo,libxml2_xml_read_memory_fuzzer,reached,XML006,15,1718695085.6039495
1307,126,libxml2,aflgo,libxml2_xml_read_memory_fuzzer,reached,XML006,15,1718695085.6039495
1308,127,libxml2,aflgo,libxml2_xml_read_memory_fuzzer,reached,XML006,15,1718695085.6039495
1309,128,libxml2,aflgo,libxml2_xml_read_memory_fuzzer,reached,XML006,15,1718695085.6039495
1310,129,libxml2,aflgo,libxml2_xml_read_memory_fuzzer,reached,XML006,15,1718695085.6039495
1311,130,libxml2,aflgo,libxml2_xml_read_memory_fuzzer,reached,XML006,15,1718695085.6039495
1312,131,libxml2,aflgo,libxml2_xml_read_memory_fuzzer,reached,XML006,15,1718695085.6039495
1313,132,libxml2,aflgo,libxml2_xml_read_memory_fuzzer,reached,XML006,15,1718695085.6039495
1314,133,libxml2,aflgo,libxml2_xml_read_memory_fuzzer,reached,XML006,15,1718695085.6039495
1315,134,libxml2,aflgo,libxml2_xml_read_memory_fuzzer,reached,XML006,15,1718695085.6039495
1316,135,libxml2,aflgo,libxml2_xml_read_memory_fuzzer,reached,XML006,15,1718695085.6039495
1317,136,libxml2,aflgo,libxml2_xml_read_memory_fuzzer,reached,XML006,15,1718695085.6039495
1318,137,libxml2,aflgo,libxml2_xml_read_memory_fuzzer,reached,XML006,15,1718695085.6039495
1319,138,libxml2,aflgo,libxml2_xml_read_memory_fuzzer,reached,XML006,15,1718695085.6039495
1320,139,libxml2,aflgo,libxml2_xml_read_memory_fuzzer,reached,XML006,15,1718695085.6039495
1321,120,libxml2,aflgo,libxml2_xml_read_memory_fuzzer,reached,XML008,20,1718695085.6039495
1322,121,libxml2,aflgo,libxml2_xml_read_memory_fuzzer,reached,XML008,20,1718695085.6039495
1323,122,libxml2,aflgo,libxml2_xml_read_memory_fuzzer,reached,XML008,20,1718695085.6039495
1324,123,libxml2,aflgo,libxml2_xml_read_memory_fuzzer,reached,XML008,20,1718695085.6039495
1325,124,libxml2,aflgo,libxml2_xml_read_memory_fuzzer,reached,XML008,20,1718695085.6039495
1326,125,libxml2,aflgo,libxml2_xml_read_memory_fuzzer,reached,XML008,20,1718695085.6039495
1327,126,libxml2,aflgo,libxml2_xml_read_memory_fuzzer,reached,XML008,20,1718695085.6039495
1328,127,libxml2,aflgo,libxml2_xml_read_memory_fuzzer,reached,XML008,20,1718695085.6039495
1329,128,libxml2,aflgo,libxml2_xml_read_memory_fuzzer,reached,XML008,20,1718695085.6039495
1330,129,libxml2,aflgo,libxml2_xml_read_memory_fuzzer,reached,XML008,20,1718695085.6039495
1331,130,libxml2,aflgo,libxml2_xml_read_memory_fuzzer,reached,XML008,20,1718695085.6039495
1332,131,libxml2,aflgo,libxml2_xml_read_memory_fuzzer,reached,XML008,20,1718695085.6039495
1333,132,libxml2,aflgo,libxml2_xml_read_memory_fuzzer,reached,XML008,20,1718695085.6039495
1334,133,libxml2,aflgo,libxml2_xml_read_memory_fuzzer,reached,XML008,20,1718695085.6039495
1335,134,libxml2,aflgo,libxml2_xml_read_memory_fuzzer,reached,XML008,20,1718695085.6039495
1336,135,libxml2,aflgo,libxml2_xml_read_memory_fuzzer,reached,XML008,20,1718695085.6039495
1337,136,libxml2,aflgo,libxml2_xml_read_memory_fuzzer,reached,XML008,20,1718695085.6039495
1338,137,libxml2,aflgo,libxml2_xml_read_memory_fuzzer,reached,XML008,20,1718695085.6039495
1339,138,libxml2,aflgo,libxml2_xml_read_memory_fuzzer,reached,XML008,20,1718695085.6039495
1340,139,libxml2,aflgo,libxml2_xml_read_memory_fuzzer,reached,XML008,20,1718695085.6039495
1341,120,libxml2,aflgo,libxml2_xml_read_memory_fuzzer,reached,XML009,15,1718695085.6039495
1342,121,libxml2,aflgo,libxml2_xml_read_memory_fuzzer,reached,XML009,15,1718695085.6039495
1343,122,libxml2,aflgo,libxml2_xml_read_memory_fuzzer,reached,XML009,15,1718695085.6039495
1344,123,libxml2,aflgo,libxml2_xml_read_memory_fuzzer,reached,XML009,15,1718695085.6039495
1345,124,libxml2,aflgo,libxml2_xml_read_memory_fuzzer,reached,XML009,15,1718695085.6039495
1346,125,libxml2,aflgo,libxml2_xml_read_memory_fuzzer,reached,XML009,15,1718695085.6039495
1347,126,libxml2,aflgo,libxml2_xml_read_memory_fuzzer,reached,XML009,15,1718695085.6039495
1348,127,libxml2,aflgo,libxml2_xml_read_memory_fuzzer,reached,XML009,15,1718695085.6039495
1349,128,libxml2,aflgo,libxml2_xml_read_memory_fuzzer,reached,XML009,15,1718695085.6039495
1350,129,libxml2,aflgo,libxml2_xml_read_memory_fuzzer,reached,XML009,15,1718695085.6039495
1351,130,libxml2,aflgo,libxml2_xml_read_memory_fuzzer,reached,XML009,15,1718695085.6039495
1352,131,libxml2,aflgo,libxml2_xml_read_memory_fuzzer,reached,XML009,15,1718695085.6039495
1353,132,libxml2,aflgo,libxml2_xml_read_memory_fuzzer,reached,XML009,15,1718695085.6039495
1354,133,libxml2,aflgo,libxml2_xml_read_memory_fuzzer,reached,XML009,15,1718695085.6039495
1355,134,libxml2,aflgo,libxml2_xml_read_memory_fuzzer,reached,XML009,15,1718695085.6039495
1356,135,libxml2,aflgo,libxml2_xml_read_memory_fuzzer,reached,XML009,15,1718695085.6039495
1357,136,libxml2,aflgo,libxml2_xml_read_memory_fuzzer,reached,XML009,15,1718695085.6039495
1358,137,libxml2,aflgo,libxml2_xml_read_memory_fuzzer,reached,XML009,15,1718695085.6039495
1359,138,libxml2,aflgo,libxml2_xml_read_memory_fuzzer,reached,XML009,15,1718695085.6039495
1360,139,libxml2,aflgo,libxml2_xml_read_memory_fuzzer,reached,XML009,15,1718695085.6039495
1361,120,libxml2,aflgo,libxml2_xml_read_memory_fuzzer,reached,XML012,15,1718695085.6039495
1362,121,libxml2,aflgo,libxml2_xml_read_memory_fuzzer,reached,XML012,15,1718695085.6039495
1363,122,libxml2,aflgo,libxml2_xml_read_memory_fuzzer,reached,XML012,15,1718695085.6039495
1364,123,libxml2,aflgo,libxml2_xml_read_memory_fuzzer,reached,XML012,15,1718695085.6039495
1365,124,libxml2,aflgo,libxml2_xml_read_memory_fuzzer,reached,XML012,15,1718695085.6039495
1366,125,libxml2,aflgo,libxml2_xml_read_memory_fuzzer,reached,XML012,15,1718695085.6039495
1367,126,libxml2,aflgo,libxml2_xml_read_memory_fuzzer,reached,XML012,15,1718695085.6039495
1368,127,libxml2,aflgo,libxml2_xml_read_memory_fuzzer,reached,XML012,15,1718695085.6039495
1369,128,libxml2,aflgo,libxml2_xml_read_memory_fuzzer,reached,XML012,15,1718695085.6039495
1370,129,libxml2,aflgo,libxml2_xml_read_memory_fuzzer,reached,XML012,15,1718695085.6039495
1371,130,libxml2,aflgo,libxml2_xml_read_memory_fuzzer,reached,XML012,15,1718695085.6039495
1372,131,libxml2,aflgo,libxml2_xml_read_memory_fuzzer,reached,XML012,15,1718695085.6039495
1373,132,libxml2,aflgo,libxml2_xml_read_memory_fuzzer,reached,XML012,15,1718695085.6039495
1374,133,libxml2,aflgo,libxml2_xml_read_memory_fuzzer,reached,XML012,15,1718695085.6039495
1375,134,libxml2,aflgo,libxml2_xml_read_memory_fuzzer,reached,XML012,15,1718695085.6039495
1376,135,libxml2,aflgo,libxml2_xml_read_memory_fuzzer,reached,XML012,15,1718695085.6039495
1377,136,libxml2,aflgo,libxml2_xml_read_memory_fuzzer,reached,XML012,15,1718695085.6039495
1378,137,libxml2,aflgo,libxml2_xml_read_memory_fuzzer,reached,XML012,15,1718695085.6039495
1379,138,libxml2,aflgo,libxml2_xml_read_memory_fuzzer,reached,XML012,15,1718695085.6039495
1380,139,libxml2,aflgo,libxml2_xml_read_memory_fuzzer,reached,XML012,15,1718695085.6039495
1381,120,libxml2,aflgo,libxml2_xml_read_memory_fuzzer,reached,XML003,15,1718695085.6039495
1382,121,libxml2,aflgo,libxml2_xml_read_memory_fuzzer,reached,XML003,15,1718695085.6039495
1383,122,libxml2,aflgo,libxml2_xml_read_memory_fuzzer,reached,XML003,15,1718695085.6039495
1384,123,libxml2,aflgo,libxml2_xml_read_memory_fuzzer,reached,XML003,15,1718695085.6039495
1385,124,libxml2,aflgo,libxml2_xml_read_memory_fuzzer,reached,XML003,15,1718695085.6039495
1386,125,libxml2,aflgo,libxml2_xml_read_memory_fuzzer,reached,XML003,15,1718695085.6039495
1387,126,libxml2,aflgo,libxml2_xml_read_memory_fuzzer,reached,XML003,15,1718695085.6039495
1388,127,libxml2,aflgo,libxml2_xml_read_memory_fuzzer,reached,XML003,15,1718695085.6039495
1389,128,libxml2,aflgo,libxml2_xml_read_memory_fuzzer,reached,XML003,15,1718695085.6039495
1390,129,libxml2,aflgo,libxml2_xml_read_memory_fuzzer,reached,XML003,15,1718695085.6039495
1391,130,libxml2,aflgo,libxml2_xml_read_memory_fuzzer,reached,XML003,15,1718695085.6039495
1392,131,libxml2,aflgo,libxml2_xml_read_memory_fuzzer,reached,XML003,15,1718695085.6039495
1393,132,libxml2,aflgo,libxml2_xml_read_memory_fuzzer,reached,XML003,15,1718695085.6039495
1394,133,libxml2,aflgo,libxml2_xml_read_memory_fuzzer,reached,XML003,15,1718695085.6039495
1395,134,libxml2,aflgo,libxml2_xml_read_memory_fuzzer,reached,XML003,15,1718695085.6039495
1396,135,libxml2,aflgo,libxml2_xml_read_memory_fuzzer,reached,XML003,15,1718695085.6039495
1397,136,libxml2,aflgo,libxml2_xml_read_memory_fuzzer,reached,XML003,15,1718695085.6039495
1398,137,libxml2,aflgo,libxml2_xml_read_memory_fuzzer,reached,XML003,15,1718695085.6039495
1399,138,libxml2,aflgo,libxml2_xml_read_memory_fuzzer,reached,XML003,15,1718695085.6039495
1400,139,libxml2,aflgo,libxml2_xml_read_memory_fuzzer,reached,XML003,15,1718695085.6039495
1401,120,libxml2,aflgo,libxml2_xml_read_memory_fuzzer,reached,XML011,15,1718695085.6039495
1402,121,libxml2,aflgo,libxml2_xml_read_memory_fuzzer,reached,XML011,15,1718695085.6039495
1403,122,libxml2,aflgo,libxml2_xml_read_memory_fuzzer,reached,XML011,15,1718695085.6039495
1404,123,libxml2,aflgo,libxml2_xml_read_memory_fuzzer,reached,XML011,15,1718695085.6039495
1405,124,libxml2,aflgo,libxml2_xml_read_memory_fuzzer,reached,XML011,15,1718695085.6039495
1406,125,libxml2,aflgo,libxml2_xml_read_memory_fuzzer,reached,XML011,15,1718695085.6039495
1407,126,libxml2,aflgo,libxml2_xml_read_memory_fuzzer,reached,XML011,15,1718695085.6039495
1408,127,libxml2,aflgo,libxml2_xml_read_memory_fuzzer,reached,XML011,15,1718695085.6039495
1409,128,libxml2,aflgo,libxml2_xml_read_memory_fuzzer,reached,XML011,15,1718695085.6039495
1410,129,libxml2,aflgo,libxml2_xml_read_memory_fuzzer,reached,XML011,15,1718695085.6039495
1411,130,libxml2,aflgo,libxml2_xml_read_memory_fuzzer,reached,XML011,15,1718695085.6039495
1412,131,libxml2,aflgo,libxml2_xml_read_memory_fuzzer,reached,XML011,15,1718695085.6039495
1413,132,libxml2,aflgo,libxml2_xml_read_memory_fuzzer,reached,XML011,15,1718695085.6039495
1414,133,libxml2,aflgo,libxml2_xml_read_memory_fuzzer,reached,XML011,15,1718695085.6039495
1415,134,libxml2,aflgo,libxml2_xml_read_memory_fuzzer,reached,XML011,15,1718695085.6039495
1416,135,libxml2,aflgo,libxml2_xml_read_memory_fuzzer,reached,XML011,15,1718695085.6039495
1417,136,libxml2,aflgo,libxml2_xml_read_memory_fuzzer,reached,XML011,15,1718695085.6039495
1418,137,libxml2,aflgo,libxml2_xml_read_memory_fuzzer,reached,XML011,15,1718695085.6039495
1419,138,libxml2,aflgo,libxml2_xml_read_memory_fuzzer,reached,XML011,15,1718695085.6039495
1420,139,libxml2,aflgo,libxml2_xml_read_memory_fuzzer,reached,XML011,15,1718695085.6039495
1421,120,libxml2,aflgo,libxml2_xml_read_memory_fuzzer,reached,XML017,10,1718695085.6039495
1422,121,libxml2,aflgo,libxml2_xml_read_memory_fuzzer,reached,XML017,10,1718695085.6039495
1423,122,libxml2,aflgo,libxml2_xml_read_memory_fuzzer,reached,XML017,10,1718695085.6039495
1424,123,libxml2,aflgo,libxml2_xml_read_memory_fuzzer,reached,XML017,10,1718695085.6039495
1425,124,libxml2,aflgo,libxml2_xml_read_memory_fuzzer,reached,XML017,10,1718695085.6039495
1426,125,libxml2,aflgo,libxml2_xml_read_memory_fuzzer,reached,XML017,10,1718695085.6039495
1427,126,libxml2,aflgo,libxml2_xml_read_memory_fuzzer,reached,XML017,10,1718695085.6039495
1428,127,libxml2,aflgo,libxml2_xml_read_memory_fuzzer,reached,XML017,10,1718695085.6039495
1429,128,libxml2,aflgo,libxml2_xml_read_memory_fuzzer,reached,XML017,10,1718695085.6039495
1430,129,libxml2,aflgo,libxml2_xml_read_memory_fuzzer,reached,XML017,10,1718695085.6039495
1431,130,libxml2,aflgo,libxml2_xml_read_memory_fuzzer,reached,XML017,10,1718695085.6039495
1432,131,libxml2,aflgo,libxml2_xml_read_memory_fuzzer,reached,XML017,10,1718695085.6039495
1433,132,libxml2,aflgo,libxml2_xml_read_memory_fuzzer,reached,XML017,10,1718695085.6039495
1434,133,libxml2,aflgo,libxml2_xml_read_memory_fuzzer,reached,XML017,10,1718695085.6039495
1435,134,libxml2,aflgo,libxml2_xml_read_memory_fuzzer,reached,XML017,10,1718695085.6039495
1436,135,libxml2,aflgo,libxml2_xml_read_memory_fuzzer,reached,XML017,10,1718695085.6039495
1437,136,libxml2,aflgo,libxml2_xml_read_memory_fuzzer,reached,XML017,10,1718695085.6039495
1438,137,libxml2,aflgo,libxml2_xml_read_memory_fuzzer,reached,XML017,10,1718695085.6039495
1439,138,libxml2,aflgo,libxml2_xml_read_memory_fuzzer,reached,XML017,10,1718695085.6039495
1440,139,libxml2,aflgo,libxml2_xml_read_memory_fuzzer,reached,XML017,10,1718695085.6039495
1441,120,libxml2,aflgo,libxml2_xml_read_memory_fuzzer,triggered,XML017,55,1718695085.6039495
1442,121,libxml2,aflgo,libxml2_xml_read_memory_fuzzer,triggered,XML017,60,1718695085.6039495
1443,122,libxml2,aflgo,libxml2_xml_read_memory_fuzzer,triggered,XML017,20,1718695085.6039495
1444,123,libxml2,aflgo,libxml2_xml_read_memory_fuzzer,triggered,XML017,20,1718695085.6039495
1445,124,libxml2,aflgo,libxml2_xml_read_memory_fuzzer,triggered,XML017,20,1718695085.6039495
1446,125,libxml2,aflgo,libxml2_xml_read_memory_fuzzer,triggered,XML017,20,1718695085.6039495
1447,126,libxml2,aflgo,libxml2_xml_read_memory_fuzzer,triggered,XML017,20,1718695085.6039495
1448,127,libxml2,aflgo,libxml2_xml_read_memory_fuzzer,triggered,XML017,55,1718695085.6039495
1449,128,libxml2,aflgo,libxml2_xml_read_memory_fuzzer,triggered,XML017,20,1718695085.6039495
1450,129,libxml2,aflgo,libxml2_xml_read_memory_fuzzer,triggered,XML017,20,1718695085.6039495
1451,130,libxml2,aflgo,libxml2_xml_read_memory_fuzzer,triggered,XML017,70,1718695085.6039495
1452,131,libxml2,aflgo,libxml2_xml_read_memory_fuzzer,triggered,XML017,20,1718695085.6039495
1453,132,libxml2,aflgo,libxml2_xml_read_memory_fuzzer,triggered,XML017,20,1718695085.6039495
1454,133,libxml2,aflgo,libxml2_xml_read_memory_fuzzer,triggered,XML017,20,1718695085.6039495
1455,134,libxml2,aflgo,libxml2_xml_read_memory_fuzzer,triggered,XML017,20,1718695085.6039495
1456,135,libxml2,aflgo,libxml2_xml_read_memory_fuzzer,triggered,XML017,20,1718695085.6039495
1457,136,libxml2,aflgo,libxml2_xml_read_memory_fuzzer,triggered,XML017,20,1718695085.6039495
1458,137,libxml2,aflgo,libxml2_xml_read_memory_fuzzer,triggered,XML017,20,1718695085.6039495
1459,138,libxml2,aflgo,libxml2_xml_read_memory_fuzzer,triggered,XML017,20,1718695085.6039495
1460,139,libxml2,aflgo,libxml2_xml_read_memory_fuzzer,triggered,XML017,20,1718695085.6039495
1461,140,libsndfile,aflgo,sndfile_fuzzer,reached,SND017,180,1718695085.6039495
1462,141,libsndfile,aflgo,sndfile_fuzzer,reached,SND017,175,1718695085.6039495
1463,142,libsndfile,aflgo,sndfile_fuzzer,reached,SND017,190,1718695085.6039495
1464,143,libsndfile,aflgo,sndfile_fuzzer,reached,SND017,190,1718695085.6039495
1465,144,libsndfile,aflgo,sndfile_fuzzer,reached,SND017,190,1718695085.6039495
1466,145,libsndfile,aflgo,sndfile_fuzzer,reached,SND017,190,1718695085.6039495
1467,146,libsndfile,aflgo,sndfile_fuzzer,reached,SND017,195,1718695085.6039495
1468,147,libsndfile,aflgo,sndfile_fuzzer,reached,SND017,185,1718695085.6039495
1469,148,libsndfile,aflgo,sndfile_fuzzer,reached,SND017,175,1718695085.6039495
1470,149,libsndfile,aflgo,sndfile_fuzzer,reached,SND017,190,1718695085.6039495
1471,150,libsndfile,aflgo,sndfile_fuzzer,reached,SND017,175,1718695085.6039495
1472,151,libsndfile,aflgo,sndfile_fuzzer,reached,SND017,200,1718695085.6039495
1473,152,libsndfile,aflgo,sndfile_fuzzer,reached,SND017,190,1718695085.6039495
1474,153,libsndfile,aflgo,sndfile_fuzzer,reached,SND017,190,1718695085.6039495
1475,154,libsndfile,aflgo,sndfile_fuzzer,reached,SND017,200,1718695085.6039495
1476,155,libsndfile,aflgo,sndfile_fuzzer,reached,SND017,195,1718695085.6039495
1477,156,libsndfile,aflgo,sndfile_fuzzer,reached,SND017,170,1718695085.6039495
1478,157,libsndfile,aflgo,sndfile_fuzzer,reached,SND017,195,1718695085.6039495
1479,158,libsndfile,aflgo,sndfile_fuzzer,reached,SND017,190,1718695085.6039495
1480,159,libsndfile,aflgo,sndfile_fuzzer,reached,SND017,200,1718695085.6039495
1481,140,libsndfile,aflgo,sndfile_fuzzer,triggered,SND017,300,1718695085.6039495
1482,141,libsndfile,aflgo,sndfile_fuzzer,triggered,SND017,295,1718695085.6039495
1483,142,libsndfile,aflgo,sndfile_fuzzer,triggered,SND017,2310,1718695085.6039495
1484,143,libsndfile,aflgo,sndfile_fuzzer,triggered,SND017,2315,1718695085.6039495
1485,144,libsndfile,aflgo,sndfile_fuzzer,triggered,SND017,2325,1718695085.6039495
1486,145,libsndfile,aflgo,sndfile_fuzzer,triggered,SND017,500,1718695085.6039495
1487,146,libsndfile,aflgo,sndfile_fuzzer,triggered,SND017,315,1718695085.6039495
1488,147,libsndfile,aflgo,sndfile_fuzzer,triggered,SND017,2430,1718695085.6039495
1489,148,libsndfile,aflgo,sndfile_fuzzer,triggered,SND017,295,1718695085.6039495
1490,149,libsndfile,aflgo,sndfile_fuzzer,triggered,SND017,2355,1718695085.6039495
1491,150,libsndfile,aflgo,sndfile_fuzzer,triggered,SND017,295,1718695085.6039495
1492,151,libsndfile,aflgo,sndfile_fuzzer,triggered,SND017,2455,1718695085.6039495
1493,152,libsndfile,aflgo,sndfile_fuzzer,triggered,SND017,310,1718695085.6039495
1494,153,libsndfile,aflgo,sndfile_fuzzer,triggered,SND017,2350,1718695085.6039495
1495,154,libsndfile,aflgo,sndfile_fuzzer,triggered,SND017,2450,1718695085.6039495
1496,155,libsndfile,aflgo,sndfile_fuzzer,triggered,SND017,310,1718695085.6039495
1497,156,libsndfile,aflgo,sndfile_fuzzer,triggered,SND017,2275,1718695085.6039495
1498,157,libsndfile,aflgo,sndfile_fuzzer,triggered,SND017,2355,1718695085.6039495
1499,158,libsndfile,aflgo,sndfile_fuzzer,triggered,SND017,2310,1718695085.6039495
1500,159,libsndfile,aflgo,sndfile_fuzzer,triggered,SND017,2470,1718695085.6039495
1501,140,libsndfile,aflgo,sndfile_fuzzer,reached,SND005,10,1718695085.6039495
1502,141,libsndfile,aflgo,sndfile_fuzzer,reached,SND005,10,1718695085.6039495
1503,142,libsndfile,aflgo,sndfile_fuzzer,reached,SND005,10,1718695085.6039495
1504,143,libsndfile,aflgo,sndfile_fuzzer,reached,SND005,10,1718695085.6039495
1505,144,libsndfile,aflgo,sndfile_fuzzer,reached,SND005,10,1718695085.6039495
1506,145,libsndfile,aflgo,sndfile_fuzzer,reached,SND005,10,1718695085.6039495
1507,146,libsndfile,aflgo,sndfile_fuzzer,reached,SND005,10,1718695085.6039495
1508,147,libsndfile,aflgo,sndfile_fuzzer,reached,SND005,10,1718695085.6039495
1509,148,libsndfile,aflgo,sndfile_fuzzer,reached,SND005,10,1718695085.6039495
1510,149,libsndfile,aflgo,sndfile_fuzzer,reached,SND005,10,1718695085.6039495
1511,150,libsndfile,aflgo,sndfile_fuzzer,reached,SND005,10,1718695085.6039495
1512,151,libsndfile,aflgo,sndfile_fuzzer,reached,SND005,10,1718695085.6039495
1513,152,libsndfile,aflgo,sndfile_fuzzer,reached,SND005,10,1718695085.6039495
1514,153,libsndfile,aflgo,sndfile_fuzzer,reached,SND005,10,1718695085.6039495
1515,154,libsndfile,aflgo,sndfile_fuzzer,reached,SND005,10,1718695085.6039495
1516,155,libsndfile,aflgo,sndfile_fuzzer,reached,SND005,10,1718695085.6039495
1517,156,libsndfile,aflgo,sndfile_fuzzer,reached,SND005,10,1718695085.6039495
1518,157,libsndfile,aflgo,sndfile_fuzzer,reached,SND005,10,1718695085.6039495
1519,158,libsndfile,aflgo,sndfile_fuzzer,reached,SND005,10,1718695085.6039495
1520,159,libsndfile,aflgo,sndfile_fuzzer,reached,SND005,10,1718695085.6039495
1521,140,libsndfile,aflgo,sndfile_fuzzer,triggered,SND005,500,1718695085.6039495
1522,141,libsndfile,aflgo,sndfile_fuzzer,triggered,SND005,490,1718695085.6039495
1523,142,libsndfile,aflgo,sndfile_fuzzer,triggered,SND005,495,1718695085.6039495
1524,143,libsndfile,aflgo,sndfile_fuzzer,triggered,SND005,505,1718695085.6039495
1525,144,libsndfile,aflgo,sndfile_fuzzer,triggered,SND005,500,1718695085.6039495
1526,145,libsndfile,aflgo,sndfile_fuzzer,triggered,SND005,505,1718695085.6039495
1527,146,libsndfile,aflgo,sndfile_fuzzer,triggered,SND005,510,1718695085.6039495
1528,147,libsndfile,aflgo,sndfile_fuzzer,triggered,SND005,510,1718695085.6039495
1529,148,libsndfile,aflgo,sndfile_fuzzer,triggered,SND005,490,1718695085.6039495
1530,149,libsndfile,aflgo,sndfile_fuzzer,triggered,SND005,500,1718695085.6039495
1531,150,libsndfile,aflgo,sndfile_fuzzer,triggered,SND005,495,1718695085.6039495
1532,151,libsndfile,aflgo,sndfile_fuzzer,triggered,SND005,520,1718695085.6039495
1533,152,libsndfile,aflgo,sndfile_fuzzer,triggered,SND005,500,1718695085.6039495
1534,153,libsndfile,aflgo,sndfile_fuzzer,triggered,SND005,500,1718695085.6039495
1535,154,libsndfile,aflgo,sndfile_fuzzer,triggered,SND005,520,1718695085.6039495
1536,155,libsndfile,aflgo,sndfile_fuzzer,triggered,SND005,505,1718695085.6039495
1537,156,libsndfile,aflgo,sndfile_fuzzer,triggered,SND005,485,1718695085.6039495
1538,157,libsndfile,aflgo,sndfile_fuzzer,triggered,SND005,505,1718695085.6039495
1539,158,libsndfile,aflgo,sndfile_fuzzer,triggered,SND005,495,1718695085.6039495
1540,159,libsndfile,aflgo,sndfile_fuzzer,triggered,SND005,520,1718695085.6039495
1541,140,libsndfile,aflgo,sndfile_fuzzer,reached,SND007,25,1718695085.6039495
1542,141,libsndfile,aflgo,sndfile_fuzzer,reached,SND007,25,1718695085.6039495
1543,142,libsndfile,aflgo,sndfile_fuzzer,reached,SND007,40,1718695085.6039495
1544,143,libsndfile,aflgo,sndfile_fuzzer,reached,SND007,40,1718695085.6039495
1545,144,libsndfile,aflgo,sndfile_fuzzer,reached,SND007,40,1718695085.6039495
1546,145,libsndfile,aflgo,sndfile_fuzzer,reached,SND007,40,1718695085.6039495
1547,146,libsndfile,aflgo,sndfile_fuzzer,reached,SND007,40,1718695085.6039495
1548,147,libsndfile,aflgo,sndfile_fuzzer,reached,SND007,25,1718695085.6039495
1549,148,libsndfile,aflgo,sndfile_fuzzer,reached,SND007,25,1718695085.6039495
1550,149,libsndfile,aflgo,sndfile_fuzzer,reached,SND007,40,1718695085.6039495
1551,150,libsndfile,aflgo,sndfile_fuzzer,reached,SND007,25,1718695085.6039495
1552,151,libsndfile,aflgo,sndfile_fuzzer,reached,SND007,45,1718695085.6039495
1553,152,libsndfile,aflgo,sndfile_fuzzer,reached,SND007,40,1718695085.6039495
1554,153,libsndfile,aflgo,sndfile_fuzzer,reached,SND007,40,1718695085.6039495
1555,154,libsndfile,aflgo,sndfile_fuzzer,reached,SND007,45,1718695085.6039495
1556,155,libsndfile,aflgo,sndfile_fuzzer,reached,SND007,40,1718695085.6039495
1557,156,libsndfile,aflgo,sndfile_fuzzer,reached,SND007,25,1718695085.6039495
1558,157,libsndfile,aflgo,sndfile_fuzzer,reached,SND007,40,1718695085.6039495
1559,158,libsndfile,aflgo,sndfile_fuzzer,reached,SND007,40,1718695085.6039495
1560,159,libsndfile,aflgo,sndfile_fuzzer,reached,SND007,45,1718695085.6039495
1561,140,libsndfile,aflgo,sndfile_fuzzer,reached,SND016,25,1718695085.6039495
1562,141,libsndfile,aflgo,sndfile_fuzzer,reached,SND016,25,1718695085.6039495
1563,142,libsndfile,aflgo,sndfile_fuzzer,reached,SND016,40,1718695085.6039495
1564,143,libsndfile,aflgo,sndfile_fuzzer,reached,SND016,40,1718695085.6039495
1565,144,libsndfile,aflgo,sndfile_fuzzer,reached,SND016,40,1718695085.6039495
1566,145,libsndfile,aflgo,sndfile_fuzzer,reached,SND016,40,1718695085.6039495
1567,146,libsndfile,aflgo,sndfile_fuzzer,reached,SND016,40,1718695085.6039495
1568,147,libsndfile,aflgo,sndfile_fuzzer,reached,SND016,25,1718695085.6039495
1569,148,libsndfile,aflgo,sndfile_fuzzer,reached,SND016,25,1718695085.6039495
1570,149,libsndfile,aflgo,sndfile_fuzzer,reached,SND016,40,1718695085.6039495
1571,150,libsndfile,aflgo,sndfile_fuzzer,reached,SND016,25,1718695085.6039495
1572,151,libsndfile,aflgo,sndfile_fuzzer,reached,SND016,45,1718695085.6039495
1573,152,libsndfile,aflgo,sndfile_fuzzer,reached,SND016,40,1718695085.6039495
1574,153,libsndfile,aflgo,sndfile_fuzzer,reached,SND016,40,1718695085.6039495
1575,154,libsndfile,aflgo,sndfile_fuzzer,reached,SND016,45,1718695085.6039495
1576,155,libsndfile,aflgo,sndfile_fuzzer,reached,SND016,40,1718695085.6039495
1577,156,libsndfile,aflgo,sndfile_fuzzer,reached,SND016,25,1718695085.6039495
1578,157,libsndfile,aflgo,sndfile_fuzzer,reached,SND016,40,1718695085.6039495
1579,158,libsndfile,aflgo,sndfile_fuzzer,reached,SND016,40,1718695085.6039495
1580,159,libsndfile,aflgo,sndfile_fuzzer,reached,SND016,45,1718695085.6039495
1581,140,libsndfile,aflgo,sndfile_fuzzer,reached,SND001,25,1718695085.6039495
1582,141,libsndfile,aflgo,sndfile_fuzzer,reached,SND001,25,1718695085.6039495
1583,142,libsndfile,aflgo,sndfile_fuzzer,reached,SND001,40,1718695085.6039495
1584,143,libsndfile,aflgo,sndfile_fuzzer,reached,SND001,40,1718695085.6039495
1585,144,libsndfile,aflgo,sndfile_fuzzer,reached,SND001,40,1718695085.6039495
1586,145,libsndfile,aflgo,sndfile_fuzzer,reached,SND001,40,1718695085.6039495
1587,146,libsndfile,aflgo,sndfile_fuzzer,reached,SND001,40,1718695085.6039495
1588,147,libsndfile,aflgo,sndfile_fuzzer,reached,SND001,25,1718695085.6039495
1589,148,libsndfile,aflgo,sndfile_fuzzer,reached,SND001,25,1718695085.6039495
1590,149,libsndfile,aflgo,sndfile_fuzzer,reached,SND001,40,1718695085.6039495
1591,150,libsndfile,aflgo,sndfile_fuzzer,reached,SND001,25,1718695085.6039495
1592,151,libsndfile,aflgo,sndfile_fuzzer,reached,SND001,45,1718695085.6039495
1593,152,libsndfile,aflgo,sndfile_fuzzer,reached,SND001,40,1718695085.6039495
1594,153,libsndfile,aflgo,sndfile_fuzzer,reached,SND001,40,1718695085.6039495
1595,154,libsndfile,aflgo,sndfile_fuzzer,reached,SND001,45,1718695085.6039495
1596,155,libsndfile,aflgo,sndfile_fuzzer,reached,SND001,40,1718695085.6039495
1597,156,libsndfile,aflgo,sndfile_fuzzer,reached,SND001,25,1718695085.6039495
1598,157,libsndfile,aflgo,sndfile_fuzzer,reached,SND001,40,1718695085.6039495
1599,158,libsndfile,aflgo,sndfile_fuzzer,reached,SND001,40,1718695085.6039495
1600,159,libsndfile,aflgo,sndfile_fuzzer,reached,SND001,45,1718695085.6039495
1601,147,libsndfile,aflgo,sndfile_fuzzer,triggered,SND001,85750,1718695085.6039495
1602,154,libsndfile,aflgo,sndfile_fuzzer,triggered,SND001,79555,1718695085.6039495
1603,159,libsndfile,aflgo,sndfile_fuzzer,triggered,SND001,80355,1718695085.6039495
1604,140,libsndfile,aflgo,sndfile_fuzzer,reached,SND024,25,1718695085.6039495
1605,141,libsndfile,aflgo,sndfile_fuzzer,reached,SND024,25,1718695085.6039495
1606,142,libsndfile,aflgo,sndfile_fuzzer,reached,SND024,40,1718695085.6039495
1607,143,libsndfile,aflgo,sndfile_fuzzer,reached,SND024,40,1718695085.6039495
1608,144,libsndfile,aflgo,sndfile_fuzzer,reached,SND024,40,1718695085.6039495
1609,145,libsndfile,aflgo,sndfile_fuzzer,reached,SND024,40,1718695085.6039495
1610,146,libsndfile,aflgo,sndfile_fuzzer,reached,SND024,40,1718695085.6039495
1611,147,libsndfile,aflgo,sndfile_fuzzer,reached,SND024,25,1718695085.6039495
1612,148,libsndfile,aflgo,sndfile_fuzzer,reached,SND024,25,1718695085.6039495
1613,149,libsndfile,aflgo,sndfile_fuzzer,reached,SND024,40,1718695085.6039495
1614,150,libsndfile,aflgo,sndfile_fuzzer,reached,SND024,25,1718695085.6039495
1615,151,libsndfile,aflgo,sndfile_fuzzer,reached,SND024,45,1718695085.6039495
1616,152,libsndfile,aflgo,sndfile_fuzzer,reached,SND024,40,1718695085.6039495
1617,153,libsndfile,aflgo,sndfile_fuzzer,reached,SND024,40,1718695085.6039495
1618,154,libsndfile,aflgo,sndfile_fuzzer,reached,SND024,45,1718695085.6039495
1619,155,libsndfile,aflgo,sndfile_fuzzer,reached,SND024,40,1718695085.6039495
1620,156,libsndfile,aflgo,sndfile_fuzzer,reached,SND024,25,1718695085.6039495
1621,157,libsndfile,aflgo,sndfile_fuzzer,reached,SND024,40,1718695085.6039495
1622,158,libsndfile,aflgo,sndfile_fuzzer,reached,SND024,40,1718695085.6039495
1623,159,libsndfile,aflgo,sndfile_fuzzer,reached,SND024,45,1718695085.6039495
1624,140,libsndfile,aflgo,sndfile_fuzzer,reached,SND020,215,1718695085.6039495
1625,141,libsndfile,aflgo,sndfile_fuzzer,reached,SND020,210,1718695085.6039495
1626,142,libsndfile,aflgo,sndfile_fuzzer,reached,SND020,225,1718695085.6039495
1627,143,libsndfile,aflgo,sndfile_fuzzer,reached,SND020,225,1718695085.6039495
1628,144,libsndfile,aflgo,sndfile_fuzzer,reached,SND020,225,1718695085.6039495
1629,145,libsndfile,aflgo,sndfile_fuzzer,reached,SND020,225,1718695085.6039495
1630,146,libsndfile,aflgo,sndfile_fuzzer,reached,SND020,230,1718695085.6039495
1631,147,libsndfile,aflgo,sndfile_fuzzer,reached,SND020,220,1718695085.6039495
1632,148,libsndfile,aflgo,sndfile_fuzzer,reached,SND020,210,1718695085.6039495
1633,149,libsndfile,aflgo,sndfile_fuzzer,reached,SND020,225,1718695085.6039495
1634,150,libsndfile,aflgo,sndfile_fuzzer,reached,SND020,215,1718695085.6039495
1635,151,libsndfile,aflgo,sndfile_fuzzer,reached,SND020,235,1718695085.6039495
1636,152,libsndfile,aflgo,sndfile_fuzzer,reached,SND020,225,1718695085.6039495
1637,153,libsndfile,aflgo,sndfile_fuzzer,reached,SND020,225,1718695085.6039495
1638,154,libsndfile,aflgo,sndfile_fuzzer,reached,SND020,235,1718695085.6039495
1639,155,libsndfile,aflgo,sndfile_fuzzer,reached,SND020,230,1718695085.6039495
1640,156,libsndfile,aflgo,sndfile_fuzzer,reached,SND020,210,1718695085.6039495
1641,157,libsndfile,aflgo,sndfile_fuzzer,reached,SND020,230,1718695085.6039495
1642,158,libsndfile,aflgo,sndfile_fuzzer,reached,SND020,225,1718695085.6039495
1643,159,libsndfile,aflgo,sndfile_fuzzer,reached,SND020,235,1718695085.6039495
1644,140,libsndfile,aflgo,sndfile_fuzzer,reached,SND006,25,1718695085.6039495
1645,141,libsndfile,aflgo,sndfile_fuzzer,reached,SND006,25,1718695085.6039495
1646,142,libsndfile,aflgo,sndfile_fuzzer,reached,SND006,40,1718695085.6039495
1647,143,libsndfile,aflgo,sndfile_fuzzer,reached,SND006,40,1718695085.6039495
1648,144,libsndfile,aflgo,sndfile_fuzzer,reached,SND006,40,1718695085.6039495
1649,145,libsndfile,aflgo,sndfile_fuzzer,reached,SND006,40,1718695085.6039495
1650,146,libsndfile,aflgo,sndfile_fuzzer,reached,SND006,40,1718695085.6039495
1651,147,libsndfile,aflgo,sndfile_fuzzer,reached,SND006,25,1718695085.6039495
1652,148,libsndfile,aflgo,sndfile_fuzzer,reached,SND006,25,1718695085.6039495
1653,149,libsndfile,aflgo,sndfile_fuzzer,reached,SND006,40,1718695085.6039495
1654,150,libsndfile,aflgo,sndfile_fuzzer,reached,SND006,25,1718695085.6039495
1655,151,libsndfile,aflgo,sndfile_fuzzer,reached,SND006,45,1718695085.6039495
1656,152,libsndfile,aflgo,sndfile_fuzzer,reached,SND006,40,1718695085.6039495
1657,153,libsndfile,aflgo,sndfile_fuzzer,reached,SND006,40,1718695085.6039495
1658,154,libsndfile,aflgo,sndfile_fuzzer,reached,SND006,45,1718695085.6039495
1659,155,libsndfile,aflgo,sndfile_fuzzer,reached,SND006,40,1718695085.6039495
1660,156,libsndfile,aflgo,sndfile_fuzzer,reached,SND006,25,1718695085.6039495
1661,157,libsndfile,aflgo,sndfile_fuzzer,reached,SND006,40,1718695085.6039495
1662,158,libsndfile,aflgo,sndfile_fuzzer,reached,SND006,40,1718695085.6039495
1663,159,libsndfile,aflgo,sndfile_fuzzer,reached,SND006,45,1718695085.6039495
1664,160,libpng,aflgo,libpng_read_fuzzer,reached,PNG005,15,1718695085.6039495
1665,161,libpng,aflgo,libpng_read_fuzzer,reached,PNG005,15,1718695085.6039495
1666,162,libpng,aflgo,libpng_read_fuzzer,reached,PNG005,15,1718695085.6039495
1667,163,libpng,aflgo,libpng_read_fuzzer,reached,PNG005,15,1718695085.6039495
1668,164,libpng,aflgo,libpng_read_fuzzer,reached,PNG005,15,1718695085.6039495
1669,165,libpng,aflgo,libpng_read_fuzzer,reached,PNG005,15,1718695085.6039495
1670,166,libpng,aflgo,libpng_read_fuzzer,reached,PNG005,15,1718695085.6039495
1671,167,libpng,aflgo,libpng_read_fuzzer,reached,PNG005,15,1718695085.6039495
1672,168,libpng,aflgo,libpng_read_fuzzer,reached,PNG005,15,1718695085.6039495
1673,169,libpng,aflgo,libpng_read_fuzzer,reached,PNG005,15,1718695085.6039495
1674,170,libpng,aflgo,libpng_read_fuzzer,reached,PNG005,15,1718695085.6039495
1675,171,libpng,aflgo,libpng_read_fuzzer,reached,PNG005,15,1718695085.6039495
1676,172,libpng,aflgo,libpng_read_fuzzer,reached,PNG005,15,1718695085.6039495
1677,173,libpng,aflgo,libpng_read_fuzzer,reached,PNG005,15,1718695085.6039495
1678,174,libpng,aflgo,libpng_read_fuzzer,reached,PNG005,15,1718695085.6039495
1679,175,libpng,aflgo,libpng_read_fuzzer,reached,PNG005,15,1718695085.6039495
1680,176,libpng,aflgo,libpng_read_fuzzer,reached,PNG005,15,1718695085.6039495
1681,177,libpng,aflgo,libpng_read_fuzzer,reached,PNG005,15,1718695085.6039495
1682,178,libpng,aflgo,libpng_read_fuzzer,reached,PNG005,15,1718695085.6039495
1683,179,libpng,aflgo,libpng_read_fuzzer,reached,PNG005,15,1718695085.6039495
1684,160,libpng,aflgo,libpng_read_fuzzer,reached,PNG003,10,1718695085.6039495
1685,161,libpng,aflgo,libpng_read_fuzzer,reached,PNG003,10,1718695085.6039495
1686,162,libpng,aflgo,libpng_read_fuzzer,reached,PNG003,10,1718695085.6039495
1687,163,libpng,aflgo,libpng_read_fuzzer,reached,PNG003,10,1718695085.6039495
1688,164,libpng,aflgo,libpng_read_fuzzer,reached,PNG003,10,1718695085.6039495
1689,165,libpng,aflgo,libpng_read_fuzzer,reached,PNG003,10,1718695085.6039495
1690,166,libpng,aflgo,libpng_read_fuzzer,reached,PNG003,10,1718695085.6039495
1691,167,libpng,aflgo,libpng_read_fuzzer,reached,PNG003,10,1718695085.6039495
1692,168,libpng,aflgo,libpng_read_fuzzer,reached,PNG003,10,1718695085.6039495
1693,169,libpng,aflgo,libpng_read_fuzzer,reached,PNG003,10,1718695085.6039495
1694,170,libpng,aflgo,libpng_read_fuzzer,reached,PNG003,10,1718695085.6039495
1695,171,libpng,aflgo,libpng_read_fuzzer,reached,PNG003,10,1718695085.6039495
1696,172,libpng,aflgo,libpng_read_fuzzer,reached,PNG003,10,1718695085.6039495
1697,173,libpng,aflgo,libpng_read_fuzzer,reached,PNG003,10,1718695085.6039495
1698,174,libpng,aflgo,libpng_read_fuzzer,reached,PNG003,10,1718695085.6039495
1699,175,libpng,aflgo,libpng_read_fuzzer,reached,PNG003,10,1718695085.6039495
1700,176,libpng,aflgo,libpng_read_fuzzer,reached,PNG003,10,1718695085.6039495
1701,177,libpng,aflgo,libpng_read_fuzzer,reached,PNG003,10,1718695085.6039495
1702,178,libpng,aflgo,libpng_read_fuzzer,reached,PNG003,10,1718695085.6039495
1703,179,libpng,aflgo,libpng_read_fuzzer,reached,PNG003,10,1718695085.6039495
1704,160,libpng,aflgo,libpng_read_fuzzer,triggered,PNG003,15,1718695085.6039495
1705,161,libpng,aflgo,libpng_read_fuzzer,triggered,PNG003,15,1718695085.6039495
1706,162,libpng,aflgo,libpng_read_fuzzer,triggered,PNG003,15,1718695085.6039495
1707,163,libpng,aflgo,libpng_read_fuzzer,triggered,PNG003,15,1718695085.6039495
1708,164,libpng,aflgo,libpng_read_fuzzer,triggered,PNG003,15,1718695085.6039495
1709,165,libpng,aflgo,libpng_read_fuzzer,triggered,PNG003,15,1718695085.6039495
1710,166,libpng,aflgo,libpng_read_fuzzer,triggered,PNG003,15,1718695085.6039495
1711,167,libpng,aflgo,libpng_read_fuzzer,triggered,PNG003,15,1718695085.6039495
1712,168,libpng,aflgo,libpng_read_fuzzer,triggered,PNG003,15,1718695085.6039495
1713,169,libpng,aflgo,libpng_read_fuzzer,triggered,PNG003,15,1718695085.6039495
1714,170,libpng,aflgo,libpng_read_fuzzer,triggered,PNG003,15,1718695085.6039495
1715,171,libpng,aflgo,libpng_read_fuzzer,triggered,PNG003,15,1718695085.6039495
1716,172,libpng,aflgo,libpng_read_fuzzer,triggered,PNG003,15,1718695085.6039495
1717,173,libpng,aflgo,libpng_read_fuzzer,triggered,PNG003,15,1718695085.6039495
1718,174,libpng,aflgo,libpng_read_fuzzer,triggered,PNG003,15,1718695085.6039495
1719,175,libpng,aflgo,libpng_read_fuzzer,triggered,PNG003,15,1718695085.6039495
1720,176,libpng,aflgo,libpng_read_fuzzer,triggered,PNG003,15,1718695085.6039495
1721,177,libpng,aflgo,libpng_read_fuzzer,triggered,PNG003,15,1718695085.6039495
1722,178,libpng,aflgo,libpng_read_fuzzer,triggered,PNG003,15,1718695085.6039495
1723,179,libpng,aflgo,libpng_read_fuzzer,triggered,PNG003,15,1718695085.6039495
1724,160,libpng,aflgo,libpng_read_fuzzer,reached,PNG001,15,1718695085.6039495
1725,161,libpng,aflgo,libpng_read_fuzzer,reached,PNG001,15,1718695085.6039495
1726,162,libpng,aflgo,libpng_read_fuzzer,reached,PNG001,15,1718695085.6039495
1727,163,libpng,aflgo,libpng_read_fuzzer,reached,PNG001,15,1718695085.6039495
1728,164,libpng,aflgo,libpng_read_fuzzer,reached,PNG001,15,1718695085.6039495
1729,165,libpng,aflgo,libpng_read_fuzzer,reached,PNG001,15,1718695085.6039495
1730,166,libpng,aflgo,libpng_read_fuzzer,reached,PNG001,15,1718695085.6039495
1731,167,libpng,aflgo,libpng_read_fuzzer,reached,PNG001,15,1718695085.6039495
1732,168,libpng,aflgo,libpng_read_fuzzer,reached,PNG001,15,1718695085.6039495
1733,169,libpng,aflgo,libpng_read_fuzzer,reached,PNG001,15,1718695085.6039495
1734,170,libpng,aflgo,libpng_read_fuzzer,reached,PNG001,15,1718695085.6039495
1735,171,libpng,aflgo,libpng_read_fuzzer,reached,PNG001,15,1718695085.6039495
1736,172,libpng,aflgo,libpng_read_fuzzer,reached,PNG001,15,1718695085.6039495
1737,173,libpng,aflgo,libpng_read_fuzzer,reached,PNG001,15,1718695085.6039495
1738,174,libpng,aflgo,libpng_read_fuzzer,reached,PNG001,15,1718695085.6039495
1739,175,libpng,aflgo,libpng_read_fuzzer,reached,PNG001,15,1718695085.6039495
1740,176,libpng,aflgo,libpng_read_fuzzer,reached,PNG001,15,1718695085.6039495
1741,177,libpng,aflgo,libpng_read_fuzzer,reached,PNG001,15,1718695085.6039495
1742,178,libpng,aflgo,libpng_read_fuzzer,reached,PNG001,15,1718695085.6039495
1743,179,libpng,aflgo,libpng_read_fuzzer,reached,PNG001,15,1718695085.6039495
1744,175,libpng,aflgo,libpng_read_fuzzer,triggered,PNG001,38805,1718695085.6039495
1745,177,libpng,aflgo,libpng_read_fuzzer,triggered,PNG001,16960,1718695085.6039495
1746,160,libpng,aflgo,libpng_read_fuzzer,reached,PNG004,15,1718695085.6039495
1747,161,libpng,aflgo,libpng_read_fuzzer,reached,PNG004,15,1718695085.6039495
1748,162,libpng,aflgo,libpng_read_fuzzer,reached,PNG004,15,1718695085.6039495
1749,163,libpng,aflgo,libpng_read_fuzzer,reached,PNG004,15,1718695085.6039495
1750,164,libpng,aflgo,libpng_read_fuzzer,reached,PNG004,15,1718695085.6039495
1751,165,libpng,aflgo,libpng_read_fuzzer,reached,PNG004,15,1718695085.6039495
1752,166,libpng,aflgo,libpng_read_fuzzer,reached,PNG004,15,1718695085.6039495
1753,167,libpng,aflgo,libpng_read_fuzzer,reached,PNG004,15,1718695085.6039495
1754,168,libpng,aflgo,libpng_read_fuzzer,reached,PNG004,15,1718695085.6039495
1755,169,libpng,aflgo,libpng_read_fuzzer,reached,PNG004,15,1718695085.6039495
1756,170,libpng,aflgo,libpng_read_fuzzer,reached,PNG004,15,1718695085.6039495
1757,171,libpng,aflgo,libpng_read_fuzzer,reached,PNG004,15,1718695085.6039495
1758,172,libpng,aflgo,libpng_read_fuzzer,reached,PNG004,15,1718695085.6039495
1759,173,libpng,aflgo,libpng_read_fuzzer,reached,PNG004,15,1718695085.6039495
1760,174,libpng,aflgo,libpng_read_fuzzer,reached,PNG004,15,1718695085.6039495
1761,175,libpng,aflgo,libpng_read_fuzzer,reached,PNG004,15,1718695085.6039495
1762,176,libpng,aflgo,libpng_read_fuzzer,reached,PNG004,15,1718695085.6039495
1763,177,libpng,aflgo,libpng_read_fuzzer,reached,PNG004,15,1718695085.6039495
1764,178,libpng,aflgo,libpng_read_fuzzer,reached,PNG004,15,1718695085.6039495
1765,179,libpng,aflgo,libpng_read_fuzzer,reached,PNG004,15,1718695085.6039495
1766,160,libpng,aflgo,libpng_read_fuzzer,reached,PNG006,15,1718695085.6039495
1767,161,libpng,aflgo,libpng_read_fuzzer,reached,PNG006,15,1718695085.6039495
1768,162,libpng,aflgo,libpng_read_fuzzer,reached,PNG006,15,1718695085.6039495
1769,163,libpng,aflgo,libpng_read_fuzzer,reached,PNG006,15,1718695085.6039495
1770,164,libpng,aflgo,libpng_read_fuzzer,reached,PNG006,15,1718695085.6039495
1771,165,libpng,aflgo,libpng_read_fuzzer,reached,PNG006,15,1718695085.6039495
1772,166,libpng,aflgo,libpng_read_fuzzer,reached,PNG006,15,1718695085.6039495
1773,167,libpng,aflgo,libpng_read_fuzzer,reached,PNG006,15,1718695085.6039495
1774,168,libpng,aflgo,libpng_read_fuzzer,reached,PNG006,15,1718695085.6039495
1775,169,libpng,aflgo,libpng_read_fuzzer,reached,PNG006,15,1718695085.6039495
1776,170,libpng,aflgo,libpng_read_fuzzer,reached,PNG006,15,1718695085.6039495
1777,171,libpng,aflgo,libpng_read_fuzzer,reached,PNG006,15,1718695085.6039495
1778,172,libpng,aflgo,libpng_read_fuzzer,reached,PNG006,15,1718695085.6039495
1779,173,libpng,aflgo,libpng_read_fuzzer,reached,PNG006,15,1718695085.6039495
1780,174,libpng,aflgo,libpng_read_fuzzer,reached,PNG006,15,1718695085.6039495
1781,175,libpng,aflgo,libpng_read_fuzzer,reached,PNG006,15,1718695085.6039495
1782,176,libpng,aflgo,libpng_read_fuzzer,reached,PNG006,15,1718695085.6039495
1783,177,libpng,aflgo,libpng_read_fuzzer,reached,PNG006,15,1718695085.6039495
1784,178,libpng,aflgo,libpng_read_fuzzer,reached,PNG006,15,1718695085.6039495
1785,179,libpng,aflgo,libpng_read_fuzzer,reached,PNG006,15,1718695085.6039495
1786,160,libpng,aflgo,libpng_read_fuzzer,reached,PNG007,15,1718695085.6039495
1787,161,libpng,aflgo,libpng_read_fuzzer,reached,PNG007,15,1718695085.6039495
1788,162,libpng,aflgo,libpng_read_fuzzer,reached,PNG007,15,1718695085.6039495
1789,163,libpng,aflgo,libpng_read_fuzzer,reached,PNG007,15,1718695085.6039495
1790,164,libpng,aflgo,libpng_read_fuzzer,reached,PNG007,15,1718695085.6039495
1791,165,libpng,aflgo,libpng_read_fuzzer,reached,PNG007,15,1718695085.6039495
1792,166,libpng,aflgo,libpng_read_fuzzer,reached,PNG007,15,1718695085.6039495
1793,167,libpng,aflgo,libpng_read_fuzzer,reached,PNG007,15,1718695085.6039495
1794,168,libpng,aflgo,libpng_read_fuzzer,reached,PNG007,15,1718695085.6039495
1795,169,libpng,aflgo,libpng_read_fuzzer,reached,PNG007,15,1718695085.6039495
1796,170,libpng,aflgo,libpng_read_fuzzer,reached,PNG007,15,1718695085.6039495
1797,171,libpng,aflgo,libpng_read_fuzzer,reached,PNG007,15,1718695085.6039495
1798,172,libpng,aflgo,libpng_read_fuzzer,reached,PNG007,15,1718695085.6039495
1799,173,libpng,aflgo,libpng_read_fuzzer,reached,PNG007,15,1718695085.6039495
1800,174,libpng,aflgo,libpng_read_fuzzer,reached,PNG007,15,1718695085.6039495
1801,175,libpng,aflgo,libpng_read_fuzzer,reached,PNG007,15,1718695085.6039495
1802,176,libpng,aflgo,libpng_read_fuzzer,reached,PNG007,15,1718695085.6039495
1803,177,libpng,aflgo,libpng_read_fuzzer,reached,PNG007,15,1718695085.6039495
1804,178,libpng,aflgo,libpng_read_fuzzer,reached,PNG007,15,1718695085.6039495
1805,179,libpng,aflgo,libpng_read_fuzzer,reached,PNG007,15,1718695085.6039495
1806,160,libpng,aflgo,libpng_read_fuzzer,triggered,PNG007,5330,1718695085.6039495
1807,161,libpng,aflgo,libpng_read_fuzzer,triggered,PNG007,2555,1718695085.6039495
1808,162,libpng,aflgo,libpng_read_fuzzer,triggered,PNG007,30230,1718695085.6039495
1809,163,libpng,aflgo,libpng_read_fuzzer,triggered,PNG007,23975,1718695085.6039495
1810,164,libpng,aflgo,libpng_read_fuzzer,triggered,PNG007,19030,1718695085.6039495
1811,165,libpng,aflgo,libpng_read_fuzzer,triggered,PNG007,2200,1718695085.6039495
1812,166,libpng,aflgo,libpng_read_fuzzer,triggered,PNG007,22070,1718695085.6039495
1813,168,libpng,aflgo,libpng_read_fuzzer,triggered,PNG007,70975,1718695085.6039495
1814,172,libpng,aflgo,libpng_read_fuzzer,triggered,PNG007,3615,1718695085.6039495
1815,173,libpng,aflgo,libpng_read_fuzzer,triggered,PNG007,50040,1718695085.6039495
1816,175,libpng,aflgo,libpng_read_fuzzer,triggered,PNG007,17750,1718695085.6039495
1817,176,libpng,aflgo,libpng_read_fuzzer,triggered,PNG007,45950,1718695085.6039495
1818,177,libpng,aflgo,libpng_read_fuzzer,triggered,PNG007,16190,1718695085.6039495
1819,179,libpng,aflgo,libpng_read_fuzzer,triggered,PNG007,84310,1718695085.6039495
1820,181,sqlite3,fairfuzz,sqlite3_fuzz,reached,SQL014,1070,1718695085.6039495
1821,183,sqlite3,fairfuzz,sqlite3_fuzz,reached,SQL014,15750,1718695085.6039495
1822,184,sqlite3,fairfuzz,sqlite3_fuzz,reached,SQL014,3840,1718695085.6039495
1823,185,sqlite3,fairfuzz,sqlite3_fuzz,reached,SQL014,6270,1718695085.6039495
1824,186,sqlite3,fairfuzz,sqlite3_fuzz,reached,SQL014,2220,1718695085.6039495
1825,191,sqlite3,fairfuzz,sqlite3_fuzz,reached,SQL014,80010,1718695085.6039495
1826,193,sqlite3,fairfuzz,sqlite3_fuzz,reached,SQL014,1480,1718695085.6039495
1827,194,sqlite3,fairfuzz,sqlite3_fuzz,reached,SQL014,11725,1718695085.6039495
1828,195,sqlite3,fairfuzz,sqlite3_fuzz,reached,SQL014,4780,1718695085.6039495
1829,196,sqlite3,fairfuzz,sqlite3_fuzz,reached,SQL014,4205,1718695085.6039495
1830,197,sqlite3,fairfuzz,sqlite3_fuzz,reached,SQL014,82460,1718695085.6039495
1831,193,sqlite3,fairfuzz,sqlite3_fuzz,triggered,SQL014,2525,1718695085.6039495
1832,195,sqlite3,fairfuzz,sqlite3_fuzz,triggered,SQL014,5855,1718695085.6039495
1833,183,sqlite3,fairfuzz,sqlite3_fuzz,reached,SQL009,19400,1718695085.6039495
1834,184,sqlite3,fairfuzz,sqlite3_fuzz,reached,SQL009,10515,1718695085.6039495
1835,187,sqlite3,fairfuzz,sqlite3_fuzz,reached,SQL009,135,1718695085.6039495
1836,189,sqlite3,fairfuzz,sqlite3_fuzz,reached,SQL009,1745,1718695085.6039495
1837,190,sqlite3,fairfuzz,sqlite3_fuzz,reached,SQL009,220,1718695085.6039495
1838,192,sqlite3,fairfuzz,sqlite3_fuzz,reached,SQL009,2610,1718695085.6039495
1839,193,sqlite3,fairfuzz,sqlite3_fuzz,reached,SQL009,345,1718695085.6039495
1840,194,sqlite3,fairfuzz,sqlite3_fuzz,reached,SQL009,125,1718695085.6039495
1841,195,sqlite3,fairfuzz,sqlite3_fuzz,reached,SQL009,73800,1718695085.6039495
1842,196,sqlite3,fairfuzz,sqlite3_fuzz,reached,SQL009,1080,1718695085.6039495
1843,197,sqlite3,fairfuzz,sqlite3_fuzz,reached,SQL009,20100,1718695085.6039495
1844,180,sqlite3,fairfuzz,sqlite3_fuzz,reached,SQL002,1870,1718695085.6039495
1845,181,sqlite3,fairfuzz,sqlite3_fuzz,reached,SQL002,1055,1718695085.6039495
1846,182,sqlite3,fairfuzz,sqlite3_fuzz,reached,SQL002,180,1718695085.6039495
1847,183,sqlite3,fairfuzz,sqlite3_fuzz,reached,SQL002,35,1718695085.6039495
1848,184,sqlite3,fairfuzz,sqlite3_fuzz,reached,SQL002,935,1718695085.6039495
1849,185,sqlite3,fairfuzz,sqlite3_fuzz,reached,SQL002,480,1718695085.6039495
1850,186,sqlite3,fairfuzz,sqlite3_fuzz,reached,SQL002,450,1718695085.6039495
1851,187,sqlite3,fairfuzz,sqlite3_fuzz,reached,SQL002,35,1718695085.6039495
1852,188,sqlite3,fairfuzz,sqlite3_fuzz,reached,SQL002,70,1718695085.6039495
1853,189,sqlite3,fairfuzz,sqlite3_fuzz,reached,SQL002,100,1718695085.6039495
1854,190,sqlite3,fairfuzz,sqlite3_fuzz,reached,SQL002,30,1718695085.6039495
1855,191,sqlite3,fairfuzz,sqlite3_fuzz,reached,SQL002,1255,1718695085.6039495
1856,192,sqlite3,fairfuzz,sqlite3_fuzz,reached,SQL002,1870,1718695085.6039495
1857,193,sqlite3,fairfuzz,sqlite3_fuzz,reached,SQL002,325,1718695085.6039495
1858,194,sqlite3,fairfuzz,sqlite3_fuzz,reached,SQL002,80,1718695085.6039495
1859,195,sqlite3,fairfuzz,sqlite3_fuzz,reached,SQL002,480,1718695085.6039495
1860,196,sqlite3,fairfuzz,sqlite3_fuzz,reached,SQL002,785,1718695085.6039495
1861,197,sqlite3,fairfuzz,sqlite3_fuzz,reached,SQL002,2445,1718695085.6039495
1862,198,sqlite3,fairfuzz,sqlite3_fuzz,reached,SQL002,220,1718695085.6039495
1863,181,sqlite3,fairfuzz,sqlite3_fuzz,triggered,SQL002,1285,1718695085.6039495
1864,182,sqlite3,fairfuzz,sqlite3_fuzz,triggered,SQL002,1765,1718695085.6039495
1865,183,sqlite3,fairfuzz,sqlite3_fuzz,triggered,SQL002,14135,1718695085.6039495
1866,184,sqlite3,fairfuzz,sqlite3_fuzz,triggered,SQL002,3150,1718695085.6039495
1867,185,sqlite3,fairfuzz,sqlite3_fuzz,triggered,SQL002,1910,1718695085.6039495
1868,186,sqlite3,fairfuzz,sqlite3_fuzz,triggered,SQL002,2380,1718695085.6039495
1869,187,sqlite3,fairfuzz,sqlite3_fuzz,triggered,SQL002,1925,1718695085.6039495
1870,188,sqlite3,fairfuzz,sqlite3_fuzz,triggered,SQL002,2220,1718695085.6039495
1871,189,sqlite3,fairfuzz,sqlite3_fuzz,triggered,SQL002,1950,1718695085.6039495
1872,191,sqlite3,fairfuzz,sqlite3_fuzz,triggered,SQL002,2805,1718695085.6039495
1873,193,sqlite3,fairfuzz,sqlite3_fuzz,triggered,SQL002,1475,1718695085.6039495
1874,194,sqlite3,fairfuzz,sqlite3_fuzz,triggered,SQL002,230,1718695085.6039495
1875,195,sqlite3,fairfuzz,sqlite3_fuzz,triggered,SQL002,2290,1718695085.6039495
1876,196,sqlite3,fairfuzz,sqlite3_fuzz,triggered,SQL002,1330,1718695085.6039495
1877,197,sqlite3,fairfuzz,sqlite3_fuzz,triggered,SQL002,67825,1718695085.6039495
1878,198,sqlite3,fairfuzz,sqlite3_fuzz,triggered,SQL002,830,1718695085.6039495
1879,180,sqlite3,fairfuzz,sqlite3_fuzz,reached,SQL016,1900,1718695085.6039495
1880,181,sqlite3,fairfuzz,sqlite3_fuzz,reached,SQL016,1135,1718695085.6039495
1881,182,sqlite3,fairfuzz,sqlite3_fuzz,reached,SQL016,265,1718695085.6039495
1882,183,sqlite3,fairfuzz,sqlite3_fuzz,reached,SQL016,35,1718695085.6039495
1883,184,sqlite3,fairfuzz,sqlite3_fuzz,reached,SQL016,2230,1718695085.6039495
1884,185,sqlite3,fairfuzz,sqlite3_fuzz,reached,SQL016,1310,1718695085.6039495
1885,186,sqlite3,fairfuzz,sqlite3_fuzz,reached,SQL016,520,1718695085.6039495
1886,187,sqlite3,fairfuzz,sqlite3_fuzz,reached,SQL016,195,1718695085.6039495
1887,188,sqlite3,fairfuzz,sqlite3_fuzz,reached,SQL016,580,1718695085.6039495
1888,189,sqlite3,fairfuzz,sqlite3_fuzz,reached,SQL016,135,1718695085.6039495
1889,190,sqlite3,fairfuzz,sqlite3_fuzz,reached,SQL016,120,1718695085.6039495
1890,191,sqlite3,fairfuzz,sqlite3_fuzz,reached,SQL016,2470,1718695085.6039495
1891,192,sqlite3,fairfuzz,sqlite3_fuzz,reached,SQL016,1950,1718695085.6039495
1892,193,sqlite3,fairfuzz,sqlite3_fuzz,reached,SQL016,400,1718695085.6039495
1893,194,sqlite3,fairfuzz,sqlite3_fuzz,reached,SQL016,125,1718695085.6039495
1894,195,sqlite3,fairfuzz,sqlite3_fuzz,reached,SQL016,510,1718695085.6039495
1895,196,sqlite3,fairfuzz,sqlite3_fuzz,reached,SQL016,945,1718695085.6039495
1896,197,sqlite3,fairfuzz,sqlite3_fuzz,reached,SQL016,2955,1718695085.6039495
1897,198,sqlite3,fairfuzz,sqlite3_fuzz,reached,SQL016,620,1718695085.6039495
1898,180,sqlite3,fairfuzz,sqlite3_fuzz,reached,SQL015,1900,1718695085.6039495
1899,181,sqlite3,fairfuzz,sqlite3_fuzz,reached,SQL015,1055,1718695085.6039495
1900,182,sqlite3,fairfuzz,sqlite3_fuzz,reached,SQL015,180,1718695085.6039495
1901,183,sqlite3,fairfuzz,sqlite3_fuzz,reached,SQL015,35,1718695085.6039495
1902,184,sqlite3,fairfuzz,sqlite3_fuzz,reached,SQL015,2015,1718695085.6039495
1903,185,sqlite3,fairfuzz,sqlite3_fuzz,reached,SQL015,835,1718695085.6039495
1904,186,sqlite3,fairfuzz,sqlite3_fuzz,reached,SQL015,450,1718695085.6039495
1905,187,sqlite3,fairfuzz,sqlite3_fuzz,reached,SQL015,35,1718695085.6039495
1906,188,sqlite3,fairfuzz,sqlite3_fuzz,reached,SQL015,70,1718695085.6039495
1907,189,sqlite3,fairfuzz,sqlite3_fuzz,reached,SQL015,105,1718695085.6039495
1908,190,sqlite3,fairfuzz,sqlite3_fuzz,reached,SQL015,135,1718695085.6039495
1909,191,sqlite3,fairfuzz,sqlite3_fuzz,reached,SQL015,1255,1718695085.6039495
1910,192,sqlite3,fairfuzz,sqlite3_fuzz,reached,SQL015,1870,1718695085.6039495
1911,193,sqlite3,fairfuzz,sqlite3_fuzz,reached,SQL015,340,1718695085.6039495
1912,194,sqlite3,fairfuzz,sqlite3_fuzz,reached,SQL015,85,1718695085.6039495
1913,195,sqlite3,fairfuzz,sqlite3_fuzz,reached,SQL015,505,1718695085.6039495
1914,196,sqlite3,fairfuzz,sqlite3_fuzz,reached,SQL015,785,1718695085.6039495
1915,197,sqlite3,fairfuzz,sqlite3_fuzz,reached,SQL015,2890,1718695085.6039495
1916,198,sqlite3,fairfuzz,sqlite3_fuzz,reached,SQL015,220,1718695085.6039495
1917,181,sqlite3,fairfuzz,sqlite3_fuzz,reached,SQL018,1695,1718695085.6039495
1918,182,sqlite3,fairfuzz,sqlite3_fuzz,reached,SQL018,3690,1718695085.6039495
1919,183,sqlite3,fairfuzz,sqlite3_fuzz,reached,SQL018,10005,1718695085.6039495
1920,184,sqlite3,fairfuzz,sqlite3_fuzz,reached,SQL018,4805,1718695085.6039495
1921,185,sqlite3,fairfuzz,sqlite3_fuzz,reached,SQL018,470,1718695085.6039495
1922,186,sqlite3,fairfuzz,sqlite3_fuzz,reached,SQL018,2470,1718695085.6039495
1923,189,sqlite3,fairfuzz,sqlite3_fuzz,reached,SQL018,1565,1718695085.6039495
1924,190,sqlite3,fairfuzz,sqlite3_fuzz,reached,SQL018,2345,1718695085.6039495
1925,191,sqlite3,fairfuzz,sqlite3_fuzz,reached,SQL018,2110,1718695085.6039495
1926,192,sqlite3,fairfuzz,sqlite3_fuzz,reached,SQL018,9095,1718695085.6039495
1927,193,sqlite3,fairfuzz,sqlite3_fuzz,reached,SQL018,1480,1718695085.6039495
1928,194,sqlite3,fairfuzz,sqlite3_fuzz,reached,SQL018,2305,1718695085.6039495
1929,195,sqlite3,fairfuzz,sqlite3_fuzz,reached,SQL018,3185,1718695085.6039495
1930,196,sqlite3,fairfuzz,sqlite3_fuzz,reached,SQL018,2415,1718695085.6039495
1931,197,sqlite3,fairfuzz,sqlite3_fuzz,reached,SQL018,79425,1718695085.6039495
1932,181,sqlite3,fairfuzz,sqlite3_fuzz,triggered,SQL018,1695,1718695085.6039495
1933,182,sqlite3,fairfuzz,sqlite3_fuzz,triggered,SQL018,3690,1718695085.6039495
1934,183,sqlite3,fairfuzz,sqlite3_fuzz,triggered,SQL018,15835,1718695085.6039495
1935,184,sqlite3,fairfuzz,sqlite3_fuzz,triggered,SQL018,4805,1718695085.6039495
1936,185,sqlite3,fairfuzz,sqlite3_fuzz,triggered,SQL018,1455,1718695085.6039495
1937,186,sqlite3,fairfuzz,sqlite3_fuzz,triggered,SQL018,2470,1718695085.6039495
1938,189,sqlite3,fairfuzz,sqlite3_fuzz,triggered,SQL018,2255,1718695085.6039495
1939,190,sqlite3,fairfuzz,sqlite3_fuzz,triggered,SQL018,2345,1718695085.6039495
1940,191,sqlite3,fairfuzz,sqlite3_fuzz,triggered,SQL018,30720,1718695085.6039495
1941,192,sqlite3,fairfuzz,sqlite3_fuzz,triggered,SQL018,9335,1718695085.6039495
1942,193,sqlite3,fairfuzz,sqlite3_fuzz,triggered,SQL018,1480,1718695085.6039495
1943,194,sqlite3,fairfuzz,sqlite3_fuzz,triggered,SQL018,2680,1718695085.6039495
1944,195,sqlite3,fairfuzz,sqlite3_fuzz,triggered,SQL018,3185,1718695085.6039495
1945,196,sqlite3,fairfuzz,sqlite3_fuzz,triggered,SQL018,2505,1718695085.6039495
1946,196,sqlite3,fairfuzz,sqlite3_fuzz,reached,SQL012,41195,1718695085.6039495
1947,180,sqlite3,fairfuzz,sqlite3_fuzz,reached,SQL019,1880,1718695085.6039495
1948,181,sqlite3,fairfuzz,sqlite3_fuzz,reached,SQL019,1090,1718695085.6039495
1949,182,sqlite3,fairfuzz,sqlite3_fuzz,reached,SQL019,1425,1718695085.6039495
1950,183,sqlite3,fairfuzz,sqlite3_fuzz,reached,SQL019,10090,1718695085.6039495
1951,184,sqlite3,fairfuzz,sqlite3_fuzz,reached,SQL019,2705,1718695085.6039495
1952,185,sqlite3,fairfuzz,sqlite3_fuzz,reached,SQL019,1120,1718695085.6039495
1953,186,sqlite3,fairfuzz,sqlite3_fuzz,reached,SQL019,510,1718695085.6039495
1954,187,sqlite3,fairfuzz,sqlite3_fuzz,reached,SQL019,155,1718695085.6039495
1955,188,sqlite3,fairfuzz,sqlite3_fuzz,reached,SQL019,500,1718695085.6039495
1956,189,sqlite3,fairfuzz,sqlite3_fuzz,reached,SQL019,125,1718695085.6039495
1957,190,sqlite3,fairfuzz,sqlite3_fuzz,reached,SQL019,80,1718695085.6039495
1958,191,sqlite3,fairfuzz,sqlite3_fuzz,reached,SQL019,2180,1718695085.6039495
1959,192,sqlite3,fairfuzz,sqlite3_fuzz,reached,SQL019,1895,1718695085.6039495
1960,193,sqlite3,fairfuzz,sqlite3_fuzz,reached,SQL019,340,1718695085.6039495
1961,194,sqlite3,fairfuzz,sqlite3_fuzz,reached,SQL019,175,1718695085.6039495
1962,195,sqlite3,fairfuzz,sqlite3_fuzz,reached,SQL019,505,1718695085.6039495
1963,196,sqlite3,fairfuzz,sqlite3_fuzz,reached,SQL019,940,1718695085.6039495
1964,197,sqlite3,fairfuzz,sqlite3_fuzz,reached,SQL019,4280,1718695085.6039495
1965,198,sqlite3,fairfuzz,sqlite3_fuzz,reached,SQL019,595,1718695085.6039495
1966,180,sqlite3,fairfuzz,sqlite3_fuzz,reached,SQL007,1900,1718695085.6039495
1967,181,sqlite3,fairfuzz,sqlite3_fuzz,reached,SQL007,1050,1718695085.6039495
1968,182,sqlite3,fairfuzz,sqlite3_fuzz,reached,SQL007,70,1718695085.6039495
1969,183,sqlite3,fairfuzz,sqlite3_fuzz,reached,SQL007,30,1718695085.6039495
1970,184,sqlite3,fairfuzz,sqlite3_fuzz,reached,SQL007,2015,1718695085.6039495
1971,185,sqlite3,fairfuzz,sqlite3_fuzz,reached,SQL007,835,1718695085.6039495
1972,186,sqlite3,fairfuzz,sqlite3_fuzz,reached,SQL007,445,1718695085.6039495
1973,187,sqlite3,fairfuzz,sqlite3_fuzz,reached,SQL007,30,1718695085.6039495
1974,188,sqlite3,fairfuzz,sqlite3_fuzz,reached,SQL007,60,1718695085.6039495
1975,189,sqlite3,fairfuzz,sqlite3_fuzz,reached,SQL007,105,1718695085.6039495
1976,190,sqlite3,fairfuzz,sqlite3_fuzz,reached,SQL007,135,1718695085.6039495
1977,191,sqlite3,fairfuzz,sqlite3_fuzz,reached,SQL007,1240,1718695085.6039495
1978,192,sqlite3,fairfuzz,sqlite3_fuzz,reached,SQL007,1865,1718695085.6039495
1979,193,sqlite3,fairfuzz,sqlite3_fuzz,reached,SQL007,340,1718695085.6039495
1980,194,sqlite3,fairfuzz,sqlite3_fuzz,reached,SQL007,85,1718695085.6039495
1981,195,sqlite3,fairfuzz,sqlite3_fuzz,reached,SQL007,505,1718695085.6039495
1982,196,sqlite3,fairfuzz,sqlite3_fuzz,reached,SQL007,780,1718695085.6039495
1983,197,sqlite3,fairfuzz,sqlite3_fuzz,reached,SQL007,2890,1718695085.6039495
1984,198,sqlite3,fairfuzz,sqlite3_fuzz,reached,SQL007,215,1718695085.6039495
1985,180,sqlite3,fairfuzz,sqlite3_fuzz,reached,SQL010,1900,1718695085.6039495
1986,181,sqlite3,fairfuzz,sqlite3_fuzz,reached,SQL010,1130,1718695085.6039495
1987,182,sqlite3,fairfuzz,sqlite3_fuzz,reached,SQL010,200,1718695085.6039495
1988,183,sqlite3,fairfuzz,sqlite3_fuzz,reached,SQL010,35,1718695085.6039495
1989,184,sqlite3,fairfuzz,sqlite3_fuzz,reached,SQL010,2230,1718695085.6039495
1990,185,sqlite3,fairfuzz,sqlite3_fuzz,reached,SQL010,2225,1718695085.6039495
1991,186,sqlite3,fairfuzz,sqlite3_fuzz,reached,SQL010,3720,1718695085.6039495
1992,187,sqlite3,fairfuzz,sqlite3_fuzz,reached,SQL010,1770,1718695085.6039495
1993,189,sqlite3,fairfuzz,sqlite3_fuzz,reached,SQL010,1610,1718695085.6039495
1994,190,sqlite3,fairfuzz,sqlite3_fuzz,reached,SQL010,1640,1718695085.6039495
1995,191,sqlite3,fairfuzz,sqlite3_fuzz,reached,SQL010,2700,1718695085.6039495
1996,192,sqlite3,fairfuzz,sqlite3_fuzz,reached,SQL010,2000,1718695085.6039495
1997,193,sqlite3,fairfuzz,sqlite3_fuzz,reached,SQL010,1500,1718695085.6039495
1998,194,sqlite3,fairfuzz,sqlite3_fuzz,reached,SQL010,2300,1718695085.6039495
1999,195,sqlite3,fairfuzz,sqlite3_fuzz,reached,SQL010,1965,1718695085.6039495
2000,196,sqlite3,fairfuzz,sqlite3_fuzz,reached,SQL010,2420,1718695085.6039495
2001,197,sqlite3,fairfuzz,sqlite3_fuzz,reached,SQL010,2950,1718695085.6039495
2002,198,sqlite3,fairfuzz,sqlite3_fuzz,reached,SQL010,3690,1718695085.6039495
2003,180,sqlite3,fairfuzz,sqlite3_fuzz,reached,SQL017,1900,1718695085.6039495
2004,181,sqlite3,fairfuzz,sqlite3_fuzz,reached,SQL017,1130,1718695085.6039495
2005,182,sqlite3,fairfuzz,sqlite3_fuzz,reached,SQL017,265,1718695085.6039495
2006,183,sqlite3,fairfuzz,sqlite3_fuzz,reached,SQL017,35,1718695085.6039495
2007,184,sqlite3,fairfuzz,sqlite3_fuzz,reached,SQL017,2265,1718695085.6039495
2008,185,sqlite3,fairfuzz,sqlite3_fuzz,reached,SQL017,2255,1718695085.6039495
2009,186,sqlite3,fairfuzz,sqlite3_fuzz,reached,SQL017,3735,1718695085.6039495
2010,187,sqlite3,fairfuzz,sqlite3_fuzz,reached,SQL017,1820,1718695085.6039495
2011,189,sqlite3,fairfuzz,sqlite3_fuzz,reached,SQL017,1925,1718695085.6039495
2012,190,sqlite3,fairfuzz,sqlite3_fuzz,reached,SQL017,1975,1718695085.6039495
2013,191,sqlite3,fairfuzz,sqlite3_fuzz,reached,SQL017,2830,1718695085.6039495
2014,192,sqlite3,fairfuzz,sqlite3_fuzz,reached,SQL017,2110,1718695085.6039495
2015,193,sqlite3,fairfuzz,sqlite3_fuzz,reached,SQL017,1610,1718695085.6039495
2016,194,sqlite3,fairfuzz,sqlite3_fuzz,reached,SQL017,2515,1718695085.6039495
2017,195,sqlite3,fairfuzz,sqlite3_fuzz,reached,SQL017,2595,1718695085.6039495
2018,196,sqlite3,fairfuzz,sqlite3_fuzz,reached,SQL017,2465,1718695085.6039495
2019,197,sqlite3,fairfuzz,sqlite3_fuzz,reached,SQL017,4010,1718695085.6039495
2020,198,sqlite3,fairfuzz,sqlite3_fuzz,reached,SQL017,3715,1718695085.6039495
2021,181,sqlite3,fairfuzz,sqlite3_fuzz,reached,SQL020,1525,1718695085.6039495
2022,186,sqlite3,fairfuzz,sqlite3_fuzz,reached,SQL020,2460,1718695085.6039495
2023,193,sqlite3,fairfuzz,sqlite3_fuzz,reached,SQL020,1405,1718695085.6039495
2024,196,sqlite3,fairfuzz,sqlite3_fuzz,reached,SQL020,2540,1718695085.6039495
2025,186,sqlite3,fairfuzz,sqlite3_fuzz,triggered,SQL020,2460,1718695085.6039495
2026,193,sqlite3,fairfuzz,sqlite3_fuzz,triggered,SQL020,1405,1718695085.6039495
2027,196,sqlite3,fairfuzz,sqlite3_fuzz,triggered,SQL020,2545,1718695085.6039495
2028,199,libxml2,fairfuzz,libxml2_xml_read_memory_fuzzer,reached,XML001,15,1718695085.6039495
2029,200,libxml2,fairfuzz,libxml2_xml_read_memory_fuzzer,reached,XML001,15,1718695085.6039495
2030,201,libxml2,fairfuzz,libxml2_xml_read_memory_fuzzer,reached,XML001,15,1718695085.6039495
2031,202,libxml2,fairfuzz,libxml2_xml_read_memory_fuzzer,reached,XML001,15,1718695085.6039495
2032,203,libxml2,fairfuzz,libxml2_xml_read_memory_fuzzer,reached,XML001,15,1718695085.6039495
2033,204,libxml2,fairfuzz,libxml2_xml_read_memory_fuzzer,reached,XML001,15,1718695085.6039495
2034,205,libxml2,fairfuzz,libxml2_xml_read_memory_fuzzer,reached,XML001,15,1718695085.6039495
2035,206,libxml2,fairfuzz,libxml2_xml_read_memory_fuzzer,reached,XML001,15,1718695085.6039495
2036,207,libxml2,fairfuzz,libxml2_xml_read_memory_fuzzer,reached,XML001,15,1718695085.6039495
2037,208,libxml2,fairfuzz,libxml2_xml_read_memory_fuzzer,reached,XML001,15,1718695085.6039495
2038,209,libxml2,fairfuzz,libxml2_xml_read_memory_fuzzer,reached,XML001,15,1718695085.6039495
2039,210,libxml2,fairfuzz,libxml2_xml_read_memory_fuzzer,reached,XML001,15,1718695085.6039495
2040,211,libxml2,fairfuzz,libxml2_xml_read_memory_fuzzer,reached,XML001,15,1718695085.6039495
2041,212,libxml2,fairfuzz,libxml2_xml_read_memory_fuzzer,reached,XML001,15,1718695085.6039495
2042,213,libxml2,fairfuzz,libxml2_xml_read_memory_fuzzer,reached,XML001,15,1718695085.6039495
2043,214,libxml2,fairfuzz,libxml2_xml_read_memory_fuzzer,reached,XML001,15,1718695085.6039495
2044,215,libxml2,fairfuzz,libxml2_xml_read_memory_fuzzer,reached,XML001,15,1718695085.6039495
2045,216,libxml2,fairfuzz,libxml2_xml_read_memory_fuzzer,reached,XML001,15,1718695085.6039495
2046,217,libxml2,fairfuzz,libxml2_xml_read_memory_fuzzer,reached,XML001,15,1718695085.6039495
2047,218,libxml2,fairfuzz,libxml2_xml_read_memory_fuzzer,reached,XML001,15,1718695085.6039495
2048,199,libxml2,fairfuzz,libxml2_xml_read_memory_fuzzer,reached,XML006,15,1718695085.6039495
2049,200,libxml2,fairfuzz,libxml2_xml_read_memory_fuzzer,reached,XML006,15,1718695085.6039495
2050,201,libxml2,fairfuzz,libxml2_xml_read_memory_fuzzer,reached,XML006,15,1718695085.6039495
2051,202,libxml2,fairfuzz,libxml2_xml_read_memory_fuzzer,reached,XML006,15,1718695085.6039495
2052,203,libxml2,fairfuzz,libxml2_xml_read_memory_fuzzer,reached,XML006,15,1718695085.6039495
2053,204,libxml2,fairfuzz,libxml2_xml_read_memory_fuzzer,reached,XML006,15,1718695085.6039495
2054,205,libxml2,fairfuzz,libxml2_xml_read_memory_fuzzer,reached,XML006,15,1718695085.6039495
2055,206,libxml2,fairfuzz,libxml2_xml_read_memory_fuzzer,reached,XML006,15,1718695085.6039495
2056,207,libxml2,fairfuzz,libxml2_xml_read_memory_fuzzer,reached,XML006,15,1718695085.6039495
2057,208,libxml2,fairfuzz,libxml2_xml_read_memory_fuzzer,reached,XML006,15,1718695085.6039495
2058,209,libxml2,fairfuzz,libxml2_xml_read_memory_fuzzer,reached,XML006,15,1718695085.6039495
2059,210,libxml2,fairfuzz,libxml2_xml_read_memory_fuzzer,reached,XML006,15,1718695085.6039495
2060,211,libxml2,fairfuzz,libxml2_xml_read_memory_fuzzer,reached,XML006,15,1718695085.6039495
2061,212,libxml2,fairfuzz,libxml2_xml_read_memory_fuzzer,reached,XML006,15,1718695085.6039495
2062,213,libxml2,fairfuzz,libxml2_xml_read_memory_fuzzer,reached,XML006,15,1718695085.6039495
2063,214,libxml2,fairfuzz,libxml2_xml_read_memory_fuzzer,reached,XML006,15,1718695085.6039495
2064,215,libxml2,fairfuzz,libxml2_xml_read_memory_fuzzer,reached,XML006,15,1718695085.6039495
2065,216,libxml2,fairfuzz,libxml2_xml_read_memory_fuzzer,reached,XML006,15,1718695085.6039495
2066,217,libxml2,fairfuzz,libxml2_xml_read_memory_fuzzer,reached,XML006,15,1718695085.6039495
2067,218,libxml2,fairfuzz,libxml2_xml_read_memory_fuzzer,reached,XML006,15,1718695085.6039495
2068,199,libxml2,fairfuzz,libxml2_xml_read_memory_fuzzer,reached,XML008,15,1718695085.6039495
2069,200,libxml2,fairfuzz,libxml2_xml_read_memory_fuzzer,reached,XML008,15,1718695085.6039495
2070,201,libxml2,fairfuzz,libxml2_xml_read_memory_fuzzer,reached,XML008,15,1718695085.6039495
2071,202,libxml2,fairfuzz,libxml2_xml_read_memory_fuzzer,reached,XML008,15,1718695085.6039495
2072,203,libxml2,fairfuzz,libxml2_xml_read_memory_fuzzer,reached,XML008,15,1718695085.6039495
2073,204,libxml2,fairfuzz,libxml2_xml_read_memory_fuzzer,reached,XML008,15,1718695085.6039495
2074,205,libxml2,fairfuzz,libxml2_xml_read_memory_fuzzer,reached,XML008,15,1718695085.6039495
2075,206,libxml2,fairfuzz,libxml2_xml_read_memory_fuzzer,reached,XML008,15,1718695085.6039495
2076,207,libxml2,fairfuzz,libxml2_xml_read_memory_fuzzer,reached,XML008,15,1718695085.6039495
2077,208,libxml2,fairfuzz,libxml2_xml_read_memory_fuzzer,reached,XML008,15,1718695085.6039495
2078,209,libxml2,fairfuzz,libxml2_xml_read_memory_fuzzer,reached,XML008,15,1718695085.6039495
2079,210,libxml2,fairfuzz,libxml2_xml_read_memory_fuzzer,reached,XML008,15,1718695085.6039495
2080,211,libxml2,fairfuzz,libxml2_xml_read_memory_fuzzer,reached,XML008,15,1718695085.6039495
2081,212,libxml2,fairfuzz,libxml2_xml_read_memory_fuzzer,reached,XML008,15,1718695085.6039495
2082,213,libxml2,fairfuzz,libxml2_xml_read_memory_fuzzer,reached,XML008,15,1718695085.6039495
2083,214,libxml2,fairfuzz,libxml2_xml_read_memory_fuzzer,reached,XML008,15,1718695085.6039495
2084,215,libxml2,fairfuzz,libxml2_xml_read_memory_fuzzer,reached,XML008,15,1718695085.6039495
2085,216,libxml2,fairfuzz,libxml2_xml_read_memory_fuzzer,reached,XML008,15,1718695085.6039495
2086,217,libxml2,fairfuzz,libxml2_xml_read_memory_fuzzer,reached,XML008,15,1718695085.6039495
2087,218,libxml2,fairfuzz,libxml2_xml_read_memory_fuzzer,reached,XML008,15,1718695085.6039495
2088,199,libxml2,fairfuzz,libxml2_xml_read_memory_fuzzer,reached,XML009,15,1718695085.6039495
2089,200,libxml2,fairfuzz,libxml2_xml_read_memory_fuzzer,reached,XML009,15,1718695085.6039495
2090,201,libxml2,fairfuzz,libxml2_xml_read_memory_fuzzer,reached,XML009,15,1718695085.6039495
2091,202,libxml2,fairfuzz,libxml2_xml_read_memory_fuzzer,reached,XML009,15,1718695085.6039495
2092,203,libxml2,fairfuzz,libxml2_xml_read_memory_fuzzer,reached,XML009,15,1718695085.6039495
2093,204,libxml2,fairfuzz,libxml2_xml_read_memory_fuzzer,reached,XML009,15,1718695085.6039495
2094,205,libxml2,fairfuzz,libxml2_xml_read_memory_fuzzer,reached,XML009,15,1718695085.6039495
2095,206,libxml2,fairfuzz,libxml2_xml_read_memory_fuzzer,reached,XML009,15,1718695085.6039495
2096,207,libxml2,fairfuzz,libxml2_xml_read_memory_fuzzer,reached,XML009,15,1718695085.6039495
2097,208,libxml2,fairfuzz,libxml2_xml_read_memory_fuzzer,reached,XML009,15,1718695085.6039495
2098,209,libxml2,fairfuzz,libxml2_xml_read_memory_fuzzer,reached,XML009,15,1718695085.6039495
2099,210,libxml2,fairfuzz,libxml2_xml_read_memory_fuzzer,reached,XML009,15,1718695085.6039495
2100,211,libxml2,fairfuzz,libxml2_xml_read_memory_fuzzer,reached,XML009,15,1718695085.6039495
2101,212,libxml2,fairfuzz,libxml2_xml_read_memory_fuzzer,reached,XML009,15,1718695085.6039495
2102,213,libxml2,fairfuzz,libxml2_xml_read_memory_fuzzer,reached,XML009,15,1718695085.6039495
2103,214,libxml2,fairfuzz,libxml2_xml_read_memory_fuzzer,reached,XML009,15,1718695085.6039495
2104,215,libxml2,fairfuzz,libxml2_xml_read_memory_fuzzer,reached,XML009,15,1718695085.6039495
2105,216,libxml2,fairfuzz,libxml2_xml_read_memory_fuzzer,reached,XML009,15,1718695085.6039495
2106,217,libxml2,fairfuzz,libxml2_xml_read_memory_fuzzer,reached,XML009,15,1718695085.6039495
2107,218,libxml2,fairfuzz,libxml2_xml_read_memory_fuzzer,reached,XML009,15,1718695085.6039495
2108,199,libxml2,fairfuzz,libxml2_xml_read_memory_fuzzer,triggered,XML009,130,1718695085.6039495
2109,199,libxml2,fairfuzz,libxml2_xml_read_memory_fuzzer,reached,XML012,15,1718695085.6039495
2110,200,libxml2,fairfuzz,libxml2_xml_read_memory_fuzzer,reached,XML012,15,1718695085.6039495
2111,201,libxml2,fairfuzz,libxml2_xml_read_memory_fuzzer,reached,XML012,15,1718695085.6039495
2112,202,libxml2,fairfuzz,libxml2_xml_read_memory_fuzzer,reached,XML012,15,1718695085.6039495
2113,203,libxml2,fairfuzz,libxml2_xml_read_memory_fuzzer,reached,XML012,15,1718695085.6039495
2114,204,libxml2,fairfuzz,libxml2_xml_read_memory_fuzzer,reached,XML012,15,1718695085.6039495
2115,205,libxml2,fairfuzz,libxml2_xml_read_memory_fuzzer,reached,XML012,15,1718695085.6039495
2116,206,libxml2,fairfuzz,libxml2_xml_read_memory_fuzzer,reached,XML012,15,1718695085.6039495
2117,207,libxml2,fairfuzz,libxml2_xml_read_memory_fuzzer,reached,XML012,15,1718695085.6039495
2118,208,libxml2,fairfuzz,libxml2_xml_read_memory_fuzzer,reached,XML012,15,1718695085.6039495
2119,209,libxml2,fairfuzz,libxml2_xml_read_memory_fuzzer,reached,XML012,15,1718695085.6039495
2120,210,libxml2,fairfuzz,libxml2_xml_read_memory_fuzzer,reached,XML012,15,1718695085.6039495
2121,211,libxml2,fairfuzz,libxml2_xml_read_memory_fuzzer,reached,XML012,15,1718695085.6039495
2122,212,libxml2,fairfuzz,libxml2_xml_read_memory_fuzzer,reached,XML012,15,1718695085.6039495
2123,213,libxml2,fairfuzz,libxml2_xml_read_memory_fuzzer,reached,XML012,15,1718695085.6039495
2124,214,libxml2,fairfuzz,libxml2_xml_read_memory_fuzzer,reached,XML012,15,1718695085.6039495
2125,215,libxml2,fairfuzz,libxml2_xml_read_memory_fuzzer,reached,XML012,15,1718695085.6039495
2126,216,libxml2,fairfuzz,libxml2_xml_read_memory_fuzzer,reached,XML012,15,1718695085.6039495
2127,217,libxml2,fairfuzz,libxml2_xml_read_memory_fuzzer,reached,XML012,15,1718695085.6039495
2128,218,libxml2,fairfuzz,libxml2_xml_read_memory_fuzzer,reached,XML012,15,1718695085.6039495
2129,199,libxml2,fairfuzz,libxml2_xml_read_memory_fuzzer,reached,XML003,15,1718695085.6039495
2130,200,libxml2,fairfuzz,libxml2_xml_read_memory_fuzzer,reached,XML003,15,1718695085.6039495
2131,201,libxml2,fairfuzz,libxml2_xml_read_memory_fuzzer,reached,XML003,15,1718695085.6039495
2132,202,libxml2,fairfuzz,libxml2_xml_read_memory_fuzzer,reached,XML003,15,1718695085.6039495
2133,203,libxml2,fairfuzz,libxml2_xml_read_memory_fuzzer,reached,XML003,15,1718695085.6039495
2134,204,libxml2,fairfuzz,libxml2_xml_read_memory_fuzzer,reached,XML003,15,1718695085.6039495
2135,205,libxml2,fairfuzz,libxml2_xml_read_memory_fuzzer,reached,XML003,15,1718695085.6039495
2136,206,libxml2,fairfuzz,libxml2_xml_read_memory_fuzzer,reached,XML003,15,1718695085.6039495
2137,207,libxml2,fairfuzz,libxml2_xml_read_memory_fuzzer,reached,XML003,15,1718695085.6039495
2138,208,libxml2,fairfuzz,libxml2_xml_read_memory_fuzzer,reached,XML003,15,1718695085.6039495
2139,209,libxml2,fairfuzz,libxml2_xml_read_memory_fuzzer,reached,XML003,15,1718695085.6039495
2140,210,libxml2,fairfuzz,libxml2_xml_read_memory_fuzzer,reached,XML003,15,1718695085.6039495
2141,211,libxml2,fairfuzz,libxml2_xml_read_memory_fuzzer,reached,XML003,15,1718695085.6039495
2142,212,libxml2,fairfuzz,libxml2_xml_read_memory_fuzzer,reached,XML003,15,1718695085.6039495
2143,213,libxml2,fairfuzz,libxml2_xml_read_memory_fuzzer,reached,XML003,15,1718695085.6039495
2144,214,libxml2,fairfuzz,libxml2_xml_read_memory_fuzzer,reached,XML003,15,1718695085.6039495
2145,215,libxml2,fairfuzz,libxml2_xml_read_memory_fuzzer,reached,XML003,15,1718695085.6039495
2146,216,libxml2,fairfuzz,libxml2_xml_read_memory_fuzzer,reached,XML003,15,1718695085.6039495
2147,217,libxml2,fairfuzz,libxml2_xml_read_memory_fuzzer,reached,XML003,15,1718695085.6039495
2148,218,libxml2,fairfuzz,libxml2_xml_read_memory_fuzzer,reached,XML003,15,1718695085.6039495
2149,199,libxml2,fairfuzz,libxml2_xml_read_memory_fuzzer,reached,XML011,15,1718695085.6039495
2150,200,libxml2,fairfuzz,libxml2_xml_read_memory_fuzzer,reached,XML011,15,1718695085.6039495
2151,201,libxml2,fairfuzz,libxml2_xml_read_memory_fuzzer,reached,XML011,15,1718695085.6039495
2152,202,libxml2,fairfuzz,libxml2_xml_read_memory_fuzzer,reached,XML011,15,1718695085.6039495
2153,203,libxml2,fairfuzz,libxml2_xml_read_memory_fuzzer,reached,XML011,15,1718695085.6039495
2154,204,libxml2,fairfuzz,libxml2_xml_read_memory_fuzzer,reached,XML011,15,1718695085.6039495
2155,205,libxml2,fairfuzz,libxml2_xml_read_memory_fuzzer,reached,XML011,15,1718695085.6039495
2156,206,libxml2,fairfuzz,libxml2_xml_read_memory_fuzzer,reached,XML011,15,1718695085.6039495
2157,207,libxml2,fairfuzz,libxml2_xml_read_memory_fuzzer,reached,XML011,15,1718695085.6039495
2158,208,libxml2,fairfuzz,libxml2_xml_read_memory_fuzzer,reached,XML011,15,1718695085.6039495
2159,209,libxml2,fairfuzz,libxml2_xml_read_memory_fuzzer,reached,XML011,15,1718695085.6039495
2160,210,libxml2,fairfuzz,libxml2_xml_read_memory_fuzzer,reached,XML011,15,1718695085.6039495
2161,211,libxml2,fairfuzz,libxml2_xml_read_memory_fuzzer,reached,XML011,15,1718695085.6039495
2162,212,libxml2,fairfuzz,libxml2_xml_read_memory_fuzzer,reached,XML011,15,1718695085.6039495
2163,213,libxml2,fairfuzz,libxml2_xml_read_memory_fuzzer,reached,XML011,15,1718695085.6039495
2164,214,libxml2,fairfuzz,libxml2_xml_read_memory_fuzzer,reached,XML011,15,1718695085.6039495
2165,215,libxml2,fairfuzz,libxml2_xml_read_memory_fuzzer,reached,XML011,15,1718695085.6039495
2166,216,libxml2,fairfuzz,libxml2_xml_read_memory_fuzzer,reached,XML011,15,1718695085.6039495
2167,217,libxml2,fairfuzz,libxml2_xml_read_memory_fuzzer,reached,XML011,15,1718695085.6039495
2168,218,libxml2,fairfuzz,libxml2_xml_read_memory_fuzzer,reached,XML011,15,1718695085.6039495
2169,199,libxml2,fairfuzz,libxml2_xml_read_memory_fuzzer,reached,XML017,10,1718695085.6039495
2170,200,libxml2,fairfuzz,libxml2_xml_read_memory_fuzzer,reached,XML017,10,1718695085.6039495
2171,201,libxml2,fairfuzz,libxml2_xml_read_memory_fuzzer,reached,XML017,10,1718695085.6039495
2172,202,libxml2,fairfuzz,libxml2_xml_read_memory_fuzzer,reached,XML017,10,1718695085.6039495
2173,203,libxml2,fairfuzz,libxml2_xml_read_memory_fuzzer,reached,XML017,10,1718695085.6039495
2174,204,libxml2,fairfuzz,libxml2_xml_read_memory_fuzzer,reached,XML017,10,1718695085.6039495
2175,205,libxml2,fairfuzz,libxml2_xml_read_memory_fuzzer,reached,XML017,10,1718695085.6039495
2176,206,libxml2,fairfuzz,libxml2_xml_read_memory_fuzzer,reached,XML017,10,1718695085.6039495
2177,207,libxml2,fairfuzz,libxml2_xml_read_memory_fuzzer,reached,XML017,10,1718695085.6039495
2178,208,libxml2,fairfuzz,libxml2_xml_read_memory_fuzzer,reached,XML017,10,1718695085.6039495
2179,209,libxml2,fairfuzz,libxml2_xml_read_memory_fuzzer,reached,XML017,10,1718695085.6039495
2180,210,libxml2,fairfuzz,libxml2_xml_read_memory_fuzzer,reached,XML017,10,1718695085.6039495
2181,211,libxml2,fairfuzz,libxml2_xml_read_memory_fuzzer,reached,XML017,10,1718695085.6039495
2182,212,libxml2,fairfuzz,libxml2_xml_read_memory_fuzzer,reached,XML017,10,1718695085.6039495
2183,213,libxml2,fairfuzz,libxml2_xml_read_memory_fuzzer,reached,XML017,10,1718695085.6039495
2184,214,libxml2,fairfuzz,libxml2_xml_read_memory_fuzzer,reached,XML017,10,1718695085.6039495
2185,215,libxml2,fairfuzz,libxml2_xml_read_memory_fuzzer,reached,XML017,10,1718695085.6039495
2186,216,libxml2,fairfuzz,libxml2_xml_read_memory_fuzzer,reached,XML017,10,1718695085.6039495
2187,217,libxml2,fairfuzz,libxml2_xml_read_memory_fuzzer,reached,XML017,10,1718695085.6039495
2188,218,libxml2,fairfuzz,libxml2_xml_read_memory_fuzzer,reached,XML017,10,1718695085.6039495
2189,199,libxml2,fairfuzz,libxml2_xml_read_memory_fuzzer,triggered,XML017,15,1718695085.6039495
2190,200,libxml2,fairfuzz,libxml2_xml_read_memory_fuzzer,triggered,XML017,15,1718695085.6039495
2191,201,libxml2,fairfuzz,libxml2_xml_read_memory_fuzzer,triggered,XML017,15,1718695085.6039495
2192,202,libxml2,fairfuzz,libxml2_xml_read_memory_fuzzer,triggered,XML017,15,1718695085.6039495
2193,203,libxml2,fairfuzz,libxml2_xml_read_memory_fuzzer,triggered,XML017,15,1718695085.6039495
2194,204,libxml2,fairfuzz,libxml2_xml_read_memory_fuzzer,triggered,XML017,15,1718695085.6039495
2195,205,libxml2,fairfuzz,libxml2_xml_read_memory_fuzzer,triggered,XML017,15,1718695085.6039495
2196,206,libxml2,fairfuzz,libxml2_xml_read_memory_fuzzer,triggered,XML017,15,1718695085.6039495
2197,207,libxml2,fairfuzz,libxml2_xml_read_memory_fuzzer,triggered,XML017,15,1718695085.6039495
2198,208,libxml2,fairfuzz,libxml2_xml_read_memory_fuzzer,triggered,XML017,15,1718695085.6039495
2199,209,libxml2,fairfuzz,libxml2_xml_read_memory_fuzzer,triggered,XML017,15,1718695085.6039495
2200,210,libxml2,fairfuzz,libxml2_xml_read_memory_fuzzer,triggered,XML017,15,1718695085.6039495
2201,211,libxml2,fairfuzz,libxml2_xml_read_memory_fuzzer,triggered,XML017,15,1718695085.6039495
2202,212,libxml2,fairfuzz,libxml2_xml_read_memory_fuzzer,triggered,XML017,15,1718695085.6039495
2203,213,libxml2,fairfuzz,libxml2_xml_read_memory_fuzzer,triggered,XML017,15,1718695085.6039495
2204,214,libxml2,fairfuzz,libxml2_xml_read_memory_fuzzer,triggered,XML017,15,1718695085.6039495
2205,215,libxml2,fairfuzz,libxml2_xml_read_memory_fuzzer,triggered,XML017,15,1718695085.6039495
2206,216,libxml2,fairfuzz,libxml2_xml_read_memory_fuzzer,triggered,XML017,15,1718695085.6039495
2207,217,libxml2,fairfuzz,libxml2_xml_read_memory_fuzzer,triggered,XML017,15,1718695085.6039495
2208,218,libxml2,fairfuzz,libxml2_xml_read_memory_fuzzer,triggered,XML017,15,1718695085.6039495
2209,219,lua,fairfuzz,lua,reached,LUA004,35000,1718695085.6039495
2210,220,lua,fairfuzz,lua,reached,LUA004,70960,1718695085.6039495
2211,221,lua,fairfuzz,lua,reached,LUA004,28875,1718695085.6039495
2212,222,lua,fairfuzz,lua,reached,LUA004,59565,1718695085.6039495
2213,223,lua,fairfuzz,lua,reached,LUA004,23705,1718695085.6039495
2214,224,lua,fairfuzz,lua,reached,LUA004,28385,1718695085.6039495
2215,225,lua,fairfuzz,lua,reached,LUA004,28185,1718695085.6039495
2216,226,lua,fairfuzz,lua,reached,LUA004,29020,1718695085.6039495
2217,227,lua,fairfuzz,lua,reached,LUA004,29285,1718695085.6039495
2218,228,lua,fairfuzz,lua,reached,LUA004,28455,1718695085.6039495
2219,229,lua,fairfuzz,lua,reached,LUA004,71555,1718695085.6039495
2220,230,lua,fairfuzz,lua,reached,LUA004,29535,1718695085.6039495
2221,231,lua,fairfuzz,lua,reached,LUA004,32935,1718695085.6039495
2222,232,lua,fairfuzz,lua,reached,LUA004,23695,1718695085.6039495
2223,233,lua,fairfuzz,lua,reached,LUA004,29280,1718695085.6039495
2224,234,lua,fairfuzz,lua,reached,LUA004,66520,1718695085.6039495
2225,235,lua,fairfuzz,lua,reached,LUA004,22915,1718695085.6039495
2226,236,lua,fairfuzz,lua,reached,LUA004,27885,1718695085.6039495
2227,237,lua,fairfuzz,lua,reached,LUA004,28085,1718695085.6039495
2228,219,lua,fairfuzz,lua,triggered,LUA004,35000,1718695085.6039495
2229,220,lua,fairfuzz,lua,triggered,LUA004,70960,1718695085.6039495
2230,221,lua,fairfuzz,lua,triggered,LUA004,28875,1718695085.6039495
2231,222,lua,fairfuzz,lua,triggered,LUA004,59565,1718695085.6039495
2232,223,lua,fairfuzz,lua,triggered,LUA004,23705,1718695085.6039495
2233,224,lua,fairfuzz,lua,triggered,LUA004,28385,1718695085.6039495
2234,225,lua,fairfuzz,lua,triggered,LUA004,28185,1718695085.6039495
2235,226,lua,fairfuzz,lua,triggered,LUA004,29020,1718695085.6039495
2236,227,lua,fairfuzz,lua,triggered,LUA004,29285,1718695085.6039495
2237,228,lua,fairfuzz,lua,triggered,LUA004,28455,1718695085.6039495
2238,229,lua,fairfuzz,lua,triggered,LUA004,71555,1718695085.6039495
2239,230,lua,fairfuzz,lua,triggered,LUA004,29535,1718695085.6039495
2240,231,lua,fairfuzz,lua,triggered,LUA004,32935,1718695085.6039495
2241,232,lua,fairfuzz,lua,triggered,LUA004,23695,1718695085.6039495
2242,233,lua,fairfuzz,lua,triggered,LUA004,29280,1718695085.6039495
2243,234,lua,fairfuzz,lua,triggered,LUA004,66520,1718695085.6039495
2244,235,lua,fairfuzz,lua,triggered,LUA004,22915,1718695085.6039495
2245,236,lua,fairfuzz,lua,triggered,LUA004,27885,1718695085.6039495
2246,237,lua,fairfuzz,lua,triggered,LUA004,28085,1718695085.6039495
2247,238,libsndfile,fairfuzz,sndfile_fuzzer,reached,SND017,145,1718695085.6039495
2248,248,libsndfile,fairfuzz,sndfile_fuzzer,reached,SND017,61920,1718695085.6039495
2249,250,libsndfile,fairfuzz,sndfile_fuzzer,reached,SND017,62370,1718695085.6039495
2250,238,libsndfile,fairfuzz,sndfile_fuzzer,triggered,SND017,150,1718695085.6039495
2251,248,libsndfile,fairfuzz,sndfile_fuzzer,triggered,SND017,61935,1718695085.6039495
2252,250,libsndfile,fairfuzz,sndfile_fuzzer,triggered,SND017,62385,1718695085.6039495
2253,238,libsndfile,fairfuzz,sndfile_fuzzer,reached,SND005,10,1718695085.6039495
2254,239,libsndfile,fairfuzz,sndfile_fuzzer,reached,SND005,10,1718695085.6039495
2255,240,libsndfile,fairfuzz,sndfile_fuzzer,reached,SND005,10,1718695085.6039495
2256,241,libsndfile,fairfuzz,sndfile_fuzzer,reached,SND005,10,1718695085.6039495
2257,242,libsndfile,fairfuzz,sndfile_fuzzer,reached,SND005,10,1718695085.6039495
2258,243,libsndfile,fairfuzz,sndfile_fuzzer,reached,SND005,10,1718695085.6039495
2259,244,libsndfile,fairfuzz,sndfile_fuzzer,reached,SND005,10,1718695085.6039495
2260,245,libsndfile,fairfuzz,sndfile_fuzzer,reached,SND005,10,1718695085.6039495
2261,246,libsndfile,fairfuzz,sndfile_fuzzer,reached,SND005,10,1718695085.6039495
2262,247,libsndfile,fairfuzz,sndfile_fuzzer,reached,SND005,10,1718695085.6039495
2263,248,libsndfile,fairfuzz,sndfile_fuzzer,reached,SND005,10,1718695085.6039495
2264,249,libsndfile,fairfuzz,sndfile_fuzzer,reached,SND005,10,1718695085.6039495
2265,250,libsndfile,fairfuzz,sndfile_fuzzer,reached,SND005,10,1718695085.6039495
2266,251,libsndfile,fairfuzz,sndfile_fuzzer,reached,SND005,10,1718695085.6039495
2267,252,libsndfile,fairfuzz,sndfile_fuzzer,reached,SND005,10,1718695085.6039495
2268,253,libsndfile,fairfuzz,sndfile_fuzzer,reached,SND005,10,1718695085.6039495
2269,254,libsndfile,fairfuzz,sndfile_fuzzer,reached,SND005,10,1718695085.6039495
2270,255,libsndfile,fairfuzz,sndfile_fuzzer,reached,SND005,10,1718695085.6039495
2271,256,libsndfile,fairfuzz,sndfile_fuzzer,reached,SND005,10,1718695085.6039495
2272,257,libsndfile,fairfuzz,sndfile_fuzzer,reached,SND005,10,1718695085.6039495
2273,239,libsndfile,fairfuzz,sndfile_fuzzer,triggered,SND005,1875,1718695085.6039495
2274,240,libsndfile,fairfuzz,sndfile_fuzzer,triggered,SND005,1860,1718695085.6039495
2275,241,libsndfile,fairfuzz,sndfile_fuzzer,triggered,SND005,1880,1718695085.6039495
2276,242,libsndfile,fairfuzz,sndfile_fuzzer,triggered,SND005,285,1718695085.6039495
2277,243,libsndfile,fairfuzz,sndfile_fuzzer,triggered,SND005,30,1718695085.6039495
2278,244,libsndfile,fairfuzz,sndfile_fuzzer,triggered,SND005,1890,1718695085.6039495
2279,246,libsndfile,fairfuzz,sndfile_fuzzer,triggered,SND005,1870,1718695085.6039495
2280,247,libsndfile,fairfuzz,sndfile_fuzzer,triggered,SND005,8335,1718695085.6039495
2281,248,libsndfile,fairfuzz,sndfile_fuzzer,triggered,SND005,50,1718695085.6039495
2282,249,libsndfile,fairfuzz,sndfile_fuzzer,triggered,SND005,55,1718695085.6039495
2283,251,libsndfile,fairfuzz,sndfile_fuzzer,triggered,SND005,1845,1718695085.6039495
2284,253,libsndfile,fairfuzz,sndfile_fuzzer,triggered,SND005,30,1718695085.6039495
2285,254,libsndfile,fairfuzz,sndfile_fuzzer,triggered,SND005,1890,1718695085.6039495
2286,255,libsndfile,fairfuzz,sndfile_fuzzer,triggered,SND005,305,1718695085.6039495
2287,256,libsndfile,fairfuzz,sndfile_fuzzer,triggered,SND005,40,1718695085.6039495
2288,257,libsndfile,fairfuzz,sndfile_fuzzer,triggered,SND005,25,1718695085.6039495
2289,238,libsndfile,fairfuzz,sndfile_fuzzer,reached,SND007,145,1718695085.6039495
2290,239,libsndfile,fairfuzz,sndfile_fuzzer,reached,SND007,1410,1718695085.6039495
2291,240,libsndfile,fairfuzz,sndfile_fuzzer,reached,SND007,1415,1718695085.6039495
2292,241,libsndfile,fairfuzz,sndfile_fuzzer,reached,SND007,1420,1718695085.6039495
2293,242,libsndfile,fairfuzz,sndfile_fuzzer,reached,SND007,280,1718695085.6039495
2294,243,libsndfile,fairfuzz,sndfile_fuzzer,reached,SND007,25,1718695085.6039495
2295,244,libsndfile,fairfuzz,sndfile_fuzzer,reached,SND007,1435,1718695085.6039495
2296,245,libsndfile,fairfuzz,sndfile_fuzzer,reached,SND007,14955,1718695085.6039495
2297,246,libsndfile,fairfuzz,sndfile_fuzzer,reached,SND007,1430,1718695085.6039495
2298,247,libsndfile,fairfuzz,sndfile_fuzzer,reached,SND007,2485,1718695085.6039495
2299,248,libsndfile,fairfuzz,sndfile_fuzzer,reached,SND007,45,1718695085.6039495
2300,249,libsndfile,fairfuzz,sndfile_fuzzer,reached,SND007,50,1718695085.6039495
2301,250,libsndfile,fairfuzz,sndfile_fuzzer,reached,SND007,50,1718695085.6039495
2302,251,libsndfile,fairfuzz,sndfile_fuzzer,reached,SND007,1405,1718695085.6039495
2303,252,libsndfile,fairfuzz,sndfile_fuzzer,reached,SND007,1695,1718695085.6039495
2304,253,libsndfile,fairfuzz,sndfile_fuzzer,reached,SND007,25,1718695085.6039495
2305,254,libsndfile,fairfuzz,sndfile_fuzzer,reached,SND007,1410,1718695085.6039495
2306,255,libsndfile,fairfuzz,sndfile_fuzzer,reached,SND007,295,1718695085.6039495
2307,256,libsndfile,fairfuzz,sndfile_fuzzer,reached,SND007,35,1718695085.6039495
2308,257,libsndfile,fairfuzz,sndfile_fuzzer,reached,SND007,20,1718695085.6039495
2309,238,libsndfile,fairfuzz,sndfile_fuzzer,triggered,SND007,30255,1718695085.6039495
2310,253,libsndfile,fairfuzz,sndfile_fuzzer,triggered,SND007,39370,1718695085.6039495
2311,255,libsndfile,fairfuzz,sndfile_fuzzer,triggered,SND007,56240,1718695085.6039495
2312,238,libsndfile,fairfuzz,sndfile_fuzzer,reached,SND016,145,1718695085.6039495
2313,239,libsndfile,fairfuzz,sndfile_fuzzer,reached,SND016,1410,1718695085.6039495
2314,240,libsndfile,fairfuzz,sndfile_fuzzer,reached,SND016,1415,1718695085.6039495
2315,241,libsndfile,fairfuzz,sndfile_fuzzer,reached,SND016,1420,1718695085.6039495
2316,242,libsndfile,fairfuzz,sndfile_fuzzer,reached,SND016,280,1718695085.6039495
2317,243,libsndfile,fairfuzz,sndfile_fuzzer,reached,SND016,25,1718695085.6039495
2318,244,libsndfile,fairfuzz,sndfile_fuzzer,reached,SND016,1435,1718695085.6039495
2319,245,libsndfile,fairfuzz,sndfile_fuzzer,reached,SND016,14955,1718695085.6039495
2320,246,libsndfile,fairfuzz,sndfile_fuzzer,reached,SND016,1430,1718695085.6039495
2321,247,libsndfile,fairfuzz,sndfile_fuzzer,reached,SND016,2485,1718695085.6039495
2322,248,libsndfile,fairfuzz,sndfile_fuzzer,reached,SND016,45,1718695085.6039495
2323,249,libsndfile,fairfuzz,sndfile_fuzzer,reached,SND016,50,1718695085.6039495
2324,250,libsndfile,fairfuzz,sndfile_fuzzer,reached,SND016,50,1718695085.6039495
2325,251,libsndfile,fairfuzz,sndfile_fuzzer,reached,SND016,1405,1718695085.6039495
2326,252,libsndfile,fairfuzz,sndfile_fuzzer,reached,SND016,1695,1718695085.6039495
2327,253,libsndfile,fairfuzz,sndfile_fuzzer,reached,SND016,25,1718695085.6039495
2328,254,libsndfile,fairfuzz,sndfile_fuzzer,reached,SND016,1410,1718695085.6039495
2329,255,libsndfile,fairfuzz,sndfile_fuzzer,reached,SND016,295,1718695085.6039495
2330,256,libsndfile,fairfuzz,sndfile_fuzzer,reached,SND016,35,1718695085.6039495
2331,257,libsndfile,fairfuzz,sndfile_fuzzer,reached,SND016,20,1718695085.6039495
2332,238,libsndfile,fairfuzz,sndfile_fuzzer,reached,SND001,145,1718695085.6039495
2333,239,libsndfile,fairfuzz,sndfile_fuzzer,reached,SND001,1410,1718695085.6039495
2334,240,libsndfile,fairfuzz,sndfile_fuzzer,reached,SND001,1415,1718695085.6039495
2335,241,libsndfile,fairfuzz,sndfile_fuzzer,reached,SND001,1420,1718695085.6039495
2336,242,libsndfile,fairfuzz,sndfile_fuzzer,reached,SND001,280,1718695085.6039495
2337,243,libsndfile,fairfuzz,sndfile_fuzzer,reached,SND001,25,1718695085.6039495
2338,244,libsndfile,fairfuzz,sndfile_fuzzer,reached,SND001,1435,1718695085.6039495
2339,245,libsndfile,fairfuzz,sndfile_fuzzer,reached,SND001,14955,1718695085.6039495
2340,246,libsndfile,fairfuzz,sndfile_fuzzer,reached,SND001,1430,1718695085.6039495
2341,247,libsndfile,fairfuzz,sndfile_fuzzer,reached,SND001,2485,1718695085.6039495
2342,248,libsndfile,fairfuzz,sndfile_fuzzer,reached,SND001,45,1718695085.6039495
2343,249,libsndfile,fairfuzz,sndfile_fuzzer,reached,SND001,50,1718695085.6039495
2344,250,libsndfile,fairfuzz,sndfile_fuzzer,reached,SND001,50,1718695085.6039495
2345,251,libsndfile,fairfuzz,sndfile_fuzzer,reached,SND001,1405,1718695085.6039495
2346,252,libsndfile,fairfuzz,sndfile_fuzzer,reached,SND001,1695,1718695085.6039495
2347,253,libsndfile,fairfuzz,sndfile_fuzzer,reached,SND001,25,1718695085.6039495
2348,254,libsndfile,fairfuzz,sndfile_fuzzer,reached,SND001,1410,1718695085.6039495
2349,255,libsndfile,fairfuzz,sndfile_fuzzer,reached,SND001,295,1718695085.6039495
2350,256,libsndfile,fairfuzz,sndfile_fuzzer,reached,SND001,35,1718695085.6039495
2351,257,libsndfile,fairfuzz,sndfile_fuzzer,reached,SND001,20,1718695085.6039495
2352,238,libsndfile,fairfuzz,sndfile_fuzzer,triggered,SND001,24265,1718695085.6039495
2353,243,libsndfile,fairfuzz,sndfile_fuzzer,triggered,SND001,6670,1718695085.6039495
2354,247,libsndfile,fairfuzz,sndfile_fuzzer,triggered,SND001,14960,1718695085.6039495
2355,256,libsndfile,fairfuzz,sndfile_fuzzer,triggered,SND001,81095,1718695085.6039495
2356,257,libsndfile,fairfuzz,sndfile_fuzzer,triggered,SND001,6885,1718695085.6039495
2357,238,libsndfile,fairfuzz,sndfile_fuzzer,reached,SND024,145,1718695085.6039495
2358,239,libsndfile,fairfuzz,sndfile_fuzzer,reached,SND024,1410,1718695085.6039495
2359,240,libsndfile,fairfuzz,sndfile_fuzzer,reached,SND024,1415,1718695085.6039495
2360,241,libsndfile,fairfuzz,sndfile_fuzzer,reached,SND024,1420,1718695085.6039495
2361,242,libsndfile,fairfuzz,sndfile_fuzzer,reached,SND024,280,1718695085.6039495
2362,243,libsndfile,fairfuzz,sndfile_fuzzer,reached,SND024,25,1718695085.6039495
2363,244,libsndfile,fairfuzz,sndfile_fuzzer,reached,SND024,1435,1718695085.6039495
2364,245,libsndfile,fairfuzz,sndfile_fuzzer,reached,SND024,14955,1718695085.6039495
2365,246,libsndfile,fairfuzz,sndfile_fuzzer,reached,SND024,1430,1718695085.6039495
2366,247,libsndfile,fairfuzz,sndfile_fuzzer,reached,SND024,2485,1718695085.6039495
2367,248,libsndfile,fairfuzz,sndfile_fuzzer,reached,SND024,45,1718695085.6039495
2368,249,libsndfile,fairfuzz,sndfile_fuzzer,reached,SND024,50,1718695085.6039495
2369,250,libsndfile,fairfuzz,sndfile_fuzzer,reached,SND024,50,1718695085.6039495
2370,251,libsndfile,fairfuzz,sndfile_fuzzer,reached,SND024,1405,1718695085.6039495
2371,252,libsndfile,fairfuzz,sndfile_fuzzer,reached,SND024,1695,1718695085.6039495
2372,253,libsndfile,fairfuzz,sndfile_fuzzer,reached,SND024,25,1718695085.6039495
2373,254,libsndfile,fairfuzz,sndfile_fuzzer,reached,SND024,1410,1718695085.6039495
2374,255,libsndfile,fairfuzz,sndfile_fuzzer,reached,SND024,295,1718695085.6039495
2375,256,libsndfile,fairfuzz,sndfile_fuzzer,reached,SND024,35,1718695085.6039495
2376,257,libsndfile,fairfuzz,sndfile_fuzzer,reached,SND024,20,1718695085.6039495
2377,238,libsndfile,fairfuzz,sndfile_fuzzer,triggered,SND024,29895,1718695085.6039495
2378,253,libsndfile,fairfuzz,sndfile_fuzzer,triggered,SND024,39005,1718695085.6039495
2379,255,libsndfile,fairfuzz,sndfile_fuzzer,triggered,SND024,56240,1718695085.6039495
2380,238,libsndfile,fairfuzz,sndfile_fuzzer,reached,SND020,830,1718695085.6039495
2381,248,libsndfile,fairfuzz,sndfile_fuzzer,reached,SND020,61935,1718695085.6039495
2382,250,libsndfile,fairfuzz,sndfile_fuzzer,reached,SND020,62385,1718695085.6039495
2383,238,libsndfile,fairfuzz,sndfile_fuzzer,triggered,SND020,36140,1718695085.6039495
2384,248,libsndfile,fairfuzz,sndfile_fuzzer,triggered,SND020,61940,1718695085.6039495
2385,250,libsndfile,fairfuzz,sndfile_fuzzer,triggered,SND020,65030,1718695085.6039495
2386,238,libsndfile,fairfuzz,sndfile_fuzzer,reached,SND006,145,1718695085.6039495
2387,239,libsndfile,fairfuzz,sndfile_fuzzer,reached,SND006,1410,1718695085.6039495
2388,240,libsndfile,fairfuzz,sndfile_fuzzer,reached,SND006,1415,1718695085.6039495
2389,241,libsndfile,fairfuzz,sndfile_fuzzer,reached,SND006,1420,1718695085.6039495
2390,242,libsndfile,fairfuzz,sndfile_fuzzer,reached,SND006,280,1718695085.6039495
2391,243,libsndfile,fairfuzz,sndfile_fuzzer,reached,SND006,25,1718695085.6039495
2392,244,libsndfile,fairfuzz,sndfile_fuzzer,reached,SND006,1435,1718695085.6039495
2393,245,libsndfile,fairfuzz,sndfile_fuzzer,reached,SND006,14955,1718695085.6039495
2394,246,libsndfile,fairfuzz,sndfile_fuzzer,reached,SND006,1430,1718695085.6039495
2395,247,libsndfile,fairfuzz,sndfile_fuzzer,reached,SND006,2485,1718695085.6039495
2396,248,libsndfile,fairfuzz,sndfile_fuzzer,reached,SND006,45,1718695085.6039495
2397,249,libsndfile,fairfuzz,sndfile_fuzzer,reached,SND006,50,1718695085.6039495
2398,250,libsndfile,fairfuzz,sndfile_fuzzer,reached,SND006,50,1718695085.6039495
2399,251,libsndfile,fairfuzz,sndfile_fuzzer,reached,SND006,1405,1718695085.6039495
2400,252,libsndfile,fairfuzz,sndfile_fuzzer,reached,SND006,1695,1718695085.6039495
2401,253,libsndfile,fairfuzz,sndfile_fuzzer,reached,SND006,25,1718695085.6039495
2402,254,libsndfile,fairfuzz,sndfile_fuzzer,reached,SND006,1410,1718695085.6039495
2403,255,libsndfile,fairfuzz,sndfile_fuzzer,reached,SND006,295,1718695085.6039495
2404,256,libsndfile,fairfuzz,sndfile_fuzzer,reached,SND006,35,1718695085.6039495
2405,257,libsndfile,fairfuzz,sndfile_fuzzer,reached,SND006,20,1718695085.6039495
2406,238,libsndfile,fairfuzz,sndfile_fuzzer,triggered,SND006,29895,1718695085.6039495
2407,253,libsndfile,fairfuzz,sndfile_fuzzer,triggered,SND006,39005,1718695085.6039495
2408,258,libpng,fairfuzz,libpng_read_fuzzer,reached,PNG005,15,1718695085.6039495
2409,259,libpng,fairfuzz,libpng_read_fuzzer,reached,PNG005,15,1718695085.6039495
2410,260,libpng,fairfuzz,libpng_read_fuzzer,reached,PNG005,15,1718695085.6039495
2411,261,libpng,fairfuzz,libpng_read_fuzzer,reached,PNG005,15,1718695085.6039495
2412,262,libpng,fairfuzz,libpng_read_fuzzer,reached,PNG005,15,1718695085.6039495
2413,263,libpng,fairfuzz,libpng_read_fuzzer,reached,PNG005,15,1718695085.6039495
2414,264,libpng,fairfuzz,libpng_read_fuzzer,reached,PNG005,15,1718695085.6039495
2415,265,libpng,fairfuzz,libpng_read_fuzzer,reached,PNG005,15,1718695085.6039495
2416,266,libpng,fairfuzz,libpng_read_fuzzer,reached,PNG005,15,1718695085.6039495
2417,267,libpng,fairfuzz,libpng_read_fuzzer,reached,PNG005,15,1718695085.6039495
2418,268,libpng,fairfuzz,libpng_read_fuzzer,reached,PNG005,15,1718695085.6039495
2419,269,libpng,fairfuzz,libpng_read_fuzzer,reached,PNG005,15,1718695085.6039495
2420,270,libpng,fairfuzz,libpng_read_fuzzer,reached,PNG005,15,1718695085.6039495
2421,271,libpng,fairfuzz,libpng_read_fuzzer,reached,PNG005,15,1718695085.6039495
2422,272,libpng,fairfuzz,libpng_read_fuzzer,reached,PNG005,15,1718695085.6039495
2423,273,libpng,fairfuzz,libpng_read_fuzzer,reached,PNG005,15,1718695085.6039495
2424,274,libpng,fairfuzz,libpng_read_fuzzer,reached,PNG005,15,1718695085.6039495
2425,275,libpng,fairfuzz,libpng_read_fuzzer,reached,PNG005,15,1718695085.6039495
2426,276,libpng,fairfuzz,libpng_read_fuzzer,reached,PNG005,15,1718695085.6039495
2427,277,libpng,fairfuzz,libpng_read_fuzzer,reached,PNG005,15,1718695085.6039495
2428,258,libpng,fairfuzz,libpng_read_fuzzer,reached,PNG003,10,1718695085.6039495
2429,259,libpng,fairfuzz,libpng_read_fuzzer,reached,PNG003,10,1718695085.6039495
2430,260,libpng,fairfuzz,libpng_read_fuzzer,reached,PNG003,10,1718695085.6039495
2431,261,libpng,fairfuzz,libpng_read_fuzzer,reached,PNG003,10,1718695085.6039495
2432,262,libpng,fairfuzz,libpng_read_fuzzer,reached,PNG003,10,1718695085.6039495
2433,263,libpng,fairfuzz,libpng_read_fuzzer,reached,PNG003,10,1718695085.6039495
2434,264,libpng,fairfuzz,libpng_read_fuzzer,reached,PNG003,10,1718695085.6039495
2435,265,libpng,fairfuzz,libpng_read_fuzzer,reached,PNG003,10,1718695085.6039495
2436,266,libpng,fairfuzz,libpng_read_fuzzer,reached,PNG003,10,1718695085.6039495
2437,267,libpng,fairfuzz,libpng_read_fuzzer,reached,PNG003,10,1718695085.6039495
2438,268,libpng,fairfuzz,libpng_read_fuzzer,reached,PNG003,10,1718695085.6039495
2439,269,libpng,fairfuzz,libpng_read_fuzzer,reached,PNG003,10,1718695085.6039495
2440,270,libpng,fairfuzz,libpng_read_fuzzer,reached,PNG003,10,1718695085.6039495
2441,271,libpng,fairfuzz,libpng_read_fuzzer,reached,PNG003,10,1718695085.6039495
2442,272,libpng,fairfuzz,libpng_read_fuzzer,reached,PNG003,10,1718695085.6039495
2443,273,libpng,fairfuzz,libpng_read_fuzzer,reached,PNG003,10,1718695085.6039495
2444,274,libpng,fairfuzz,libpng_read_fuzzer,reached,PNG003,10,1718695085.6039495
2445,275,libpng,fairfuzz,libpng_read_fuzzer,reached,PNG003,10,1718695085.6039495
2446,276,libpng,fairfuzz,libpng_read_fuzzer,reached,PNG003,10,1718695085.6039495
2447,277,libpng,fairfuzz,libpng_read_fuzzer,reached,PNG003,10,1718695085.6039495
2448,258,libpng,fairfuzz,libpng_read_fuzzer,triggered,PNG003,15,1718695085.6039495
2449,259,libpng,fairfuzz,libpng_read_fuzzer,triggered,PNG003,15,1718695085.6039495
2450,260,libpng,fairfuzz,libpng_read_fuzzer,triggered,PNG003,15,1718695085.6039495
2451,261,libpng,fairfuzz,libpng_read_fuzzer,triggered,PNG003,15,1718695085.6039495
2452,262,libpng,fairfuzz,libpng_read_fuzzer,triggered,PNG003,15,1718695085.6039495
2453,263,libpng,fairfuzz,libpng_read_fuzzer,triggered,PNG003,15,1718695085.6039495
2454,264,libpng,fairfuzz,libpng_read_fuzzer,triggered,PNG003,15,1718695085.6039495
2455,265,libpng,fairfuzz,libpng_read_fuzzer,triggered,PNG003,15,1718695085.6039495
2456,266,libpng,fairfuzz,libpng_read_fuzzer,triggered,PNG003,15,1718695085.6039495
2457,267,libpng,fairfuzz,libpng_read_fuzzer,triggered,PNG003,15,1718695085.6039495
2458,268,libpng,fairfuzz,libpng_read_fuzzer,triggered,PNG003,15,1718695085.6039495
2459,269,libpng,fairfuzz,libpng_read_fuzzer,triggered,PNG003,15,1718695085.6039495
2460,270,libpng,fairfuzz,libpng_read_fuzzer,triggered,PNG003,15,1718695085.6039495
2461,271,libpng,fairfuzz,libpng_read_fuzzer,triggered,PNG003,15,1718695085.6039495
2462,272,libpng,fairfuzz,libpng_read_fuzzer,triggered,PNG003,15,1718695085.6039495
2463,273,libpng,fairfuzz,libpng_read_fuzzer,triggered,PNG003,15,1718695085.6039495
2464,274,libpng,fairfuzz,libpng_read_fuzzer,triggered,PNG003,15,1718695085.6039495
2465,275,libpng,fairfuzz,libpng_read_fuzzer,triggered,PNG003,15,1718695085.6039495
2466,276,libpng,fairfuzz,libpng_read_fuzzer,triggered,PNG003,15,1718695085.6039495
2467,277,libpng,fairfuzz,libpng_read_fuzzer,triggered,PNG003,15,1718695085.6039495
2468,258,libpng,fairfuzz,libpng_read_fuzzer,reached,PNG001,15,1718695085.6039495
2469,259,libpng,fairfuzz,libpng_read_fuzzer,reached,PNG001,15,1718695085.6039495
2470,260,libpng,fairfuzz,libpng_read_fuzzer,reached,PNG001,15,1718695085.6039495
2471,261,libpng,fairfuzz,libpng_read_fuzzer,reached,PNG001,15,1718695085.6039495
2472,262,libpng,fairfuzz,libpng_read_fuzzer,reached,PNG001,15,1718695085.6039495
2473,263,libpng,fairfuzz,libpng_read_fuzzer,reached,PNG001,15,1718695085.6039495
2474,264,libpng,fairfuzz,libpng_read_fuzzer,reached,PNG001,15,1718695085.6039495
2475,265,libpng,fairfuzz,libpng_read_fuzzer,reached,PNG001,15,1718695085.6039495
2476,266,libpng,fairfuzz,libpng_read_fuzzer,reached,PNG001,15,1718695085.6039495
2477,267,libpng,fairfuzz,libpng_read_fuzzer,reached,PNG001,15,1718695085.6039495
2478,268,libpng,fairfuzz,libpng_read_fuzzer,reached,PNG001,15,1718695085.6039495
2479,269,libpng,fairfuzz,libpng_read_fuzzer,reached,PNG001,15,1718695085.6039495
2480,270,libpng,fairfuzz,libpng_read_fuzzer,reached,PNG001,15,1718695085.6039495
2481,271,libpng,fairfuzz,libpng_read_fuzzer,reached,PNG001,15,1718695085.6039495
2482,272,libpng,fairfuzz,libpng_read_fuzzer,reached,PNG001,15,1718695085.6039495
2483,273,libpng,fairfuzz,libpng_read_fuzzer,reached,PNG001,15,1718695085.6039495
2484,274,libpng,fairfuzz,libpng_read_fuzzer,reached,PNG001,15,1718695085.6039495
2485,275,libpng,fairfuzz,libpng_read_fuzzer,reached,PNG001,15,1718695085.6039495
2486,276,libpng,fairfuzz,libpng_read_fuzzer,reached,PNG001,15,1718695085.6039495
2487,277,libpng,fairfuzz,libpng_read_fuzzer,reached,PNG001,15,1718695085.6039495
2488,258,libpng,fairfuzz,libpng_read_fuzzer,reached,PNG004,15,1718695085.6039495
2489,259,libpng,fairfuzz,libpng_read_fuzzer,reached,PNG004,15,1718695085.6039495
2490,260,libpng,fairfuzz,libpng_read_fuzzer,reached,PNG004,15,1718695085.6039495
2491,261,libpng,fairfuzz,libpng_read_fuzzer,reached,PNG004,15,1718695085.6039495
2492,262,libpng,fairfuzz,libpng_read_fuzzer,reached,PNG004,15,1718695085.6039495
2493,263,libpng,fairfuzz,libpng_read_fuzzer,reached,PNG004,15,1718695085.6039495
2494,264,libpng,fairfuzz,libpng_read_fuzzer,reached,PNG004,15,1718695085.6039495
2495,265,libpng,fairfuzz,libpng_read_fuzzer,reached,PNG004,15,1718695085.6039495
2496,266,libpng,fairfuzz,libpng_read_fuzzer,reached,PNG004,15,1718695085.6039495
2497,267,libpng,fairfuzz,libpng_read_fuzzer,reached,PNG004,15,1718695085.6039495
2498,268,libpng,fairfuzz,libpng_read_fuzzer,reached,PNG004,15,1718695085.6039495
2499,269,libpng,fairfuzz,libpng_read_fuzzer,reached,PNG004,15,1718695085.6039495
2500,270,libpng,fairfuzz,libpng_read_fuzzer,reached,PNG004,15,1718695085.6039495
2501,271,libpng,fairfuzz,libpng_read_fuzzer,reached,PNG004,15,1718695085.6039495
2502,272,libpng,fairfuzz,libpng_read_fuzzer,reached,PNG004,15,1718695085.6039495
2503,273,libpng,fairfuzz,libpng_read_fuzzer,reached,PNG004,15,1718695085.6039495
2504,274,libpng,fairfuzz,libpng_read_fuzzer,reached,PNG004,15,1718695085.6039495
2505,275,libpng,fairfuzz,libpng_read_fuzzer,reached,PNG004,15,1718695085.6039495
2506,276,libpng,fairfuzz,libpng_read_fuzzer,reached,PNG004,15,1718695085.6039495
2507,277,libpng,fairfuzz,libpng_read_fuzzer,reached,PNG004,15,1718695085.6039495
2508,258,libpng,fairfuzz,libpng_read_fuzzer,reached,PNG006,15,1718695085.6039495
2509,259,libpng,fairfuzz,libpng_read_fuzzer,reached,PNG006,15,1718695085.6039495
2510,260,libpng,fairfuzz,libpng_read_fuzzer,reached,PNG006,15,1718695085.6039495
2511,261,libpng,fairfuzz,libpng_read_fuzzer,reached,PNG006,15,1718695085.6039495
2512,262,libpng,fairfuzz,libpng_read_fuzzer,reached,PNG006,15,1718695085.6039495
2513,263,libpng,fairfuzz,libpng_read_fuzzer,reached,PNG006,15,1718695085.6039495
2514,264,libpng,fairfuzz,libpng_read_fuzzer,reached,PNG006,15,1718695085.6039495
2515,265,libpng,fairfuzz,libpng_read_fuzzer,reached,PNG006,15,1718695085.6039495
2516,266,libpng,fairfuzz,libpng_read_fuzzer,reached,PNG006,15,1718695085.6039495
2517,267,libpng,fairfuzz,libpng_read_fuzzer,reached,PNG006,15,1718695085.6039495
2518,268,libpng,fairfuzz,libpng_read_fuzzer,reached,PNG006,15,1718695085.6039495
2519,269,libpng,fairfuzz,libpng_read_fuzzer,reached,PNG006,15,1718695085.6039495
2520,270,libpng,fairfuzz,libpng_read_fuzzer,reached,PNG006,15,1718695085.6039495
2521,271,libpng,fairfuzz,libpng_read_fuzzer,reached,PNG006,15,1718695085.6039495
2522,272,libpng,fairfuzz,libpng_read_fuzzer,reached,PNG006,15,1718695085.6039495
2523,273,libpng,fairfuzz,libpng_read_fuzzer,reached,PNG006,15,1718695085.6039495
2524,274,libpng,fairfuzz,libpng_read_fuzzer,reached,PNG006,15,1718695085.6039495
2525,275,libpng,fairfuzz,libpng_read_fuzzer,reached,PNG006,15,1718695085.6039495
2526,276,libpng,fairfuzz,libpng_read_fuzzer,reached,PNG006,15,1718695085.6039495
2527,277,libpng,fairfuzz,libpng_read_fuzzer,reached,PNG006,15,1718695085.6039495
2528,258,libpng,fairfuzz,libpng_read_fuzzer,reached,PNG007,15,1718695085.6039495
2529,259,libpng,fairfuzz,libpng_read_fuzzer,reached,PNG007,15,1718695085.6039495
2530,260,libpng,fairfuzz,libpng_read_fuzzer,reached,PNG007,15,1718695085.6039495
2531,261,libpng,fairfuzz,libpng_read_fuzzer,reached,PNG007,15,1718695085.6039495
2532,262,libpng,fairfuzz,libpng_read_fuzzer,reached,PNG007,15,1718695085.6039495
2533,263,libpng,fairfuzz,libpng_read_fuzzer,reached,PNG007,15,1718695085.6039495
2534,264,libpng,fairfuzz,libpng_read_fuzzer,reached,PNG007,15,1718695085.6039495
2535,265,libpng,fairfuzz,libpng_read_fuzzer,reached,PNG007,15,1718695085.6039495
2536,266,libpng,fairfuzz,libpng_read_fuzzer,reached,PNG007,15,1718695085.6039495
2537,267,libpng,fairfuzz,libpng_read_fuzzer,reached,PNG007,15,1718695085.6039495
2538,268,libpng,fairfuzz,libpng_read_fuzzer,reached,PNG007,15,1718695085.6039495
2539,269,libpng,fairfuzz,libpng_read_fuzzer,reached,PNG007,15,1718695085.6039495
2540,270,libpng,fairfuzz,libpng_read_fuzzer,reached,PNG007,15,1718695085.6039495
2541,271,libpng,fairfuzz,libpng_read_fuzzer,reached,PNG007,15,1718695085.6039495
2542,272,libpng,fairfuzz,libpng_read_fuzzer,reached,PNG007,15,1718695085.6039495
2543,273,libpng,fairfuzz,libpng_read_fuzzer,reached,PNG007,15,1718695085.6039495
2544,274,libpng,fairfuzz,libpng_read_fuzzer,reached,PNG007,15,1718695085.6039495
2545,275,libpng,fairfuzz,libpng_read_fuzzer,reached,PNG007,15,1718695085.6039495
2546,276,libpng,fairfuzz,libpng_read_fuzzer,reached,PNG007,15,1718695085.6039495
2547,277,libpng,fairfuzz,libpng_read_fuzzer,reached,PNG007,15,1718695085.6039495
2548,259,libpng,fairfuzz,libpng_read_fuzzer,triggered,PNG007,3610,1718695085.6039495
2549,260,libpng,fairfuzz,libpng_read_fuzzer,triggered,PNG007,22085,1718695085.6039495
2550,261,libpng,fairfuzz,libpng_read_fuzzer,triggered,PNG007,14340,1718695085.6039495
2551,266,libpng,fairfuzz,libpng_read_fuzzer,triggered,PNG007,12560,1718695085.6039495
2552,267,libpng,fairfuzz,libpng_read_fuzzer,triggered,PNG007,13890,1718695085.6039495
2553,272,libpng,fairfuzz,libpng_read_fuzzer,triggered,PNG007,10375,1718695085.6039495
2554,276,libpng,fairfuzz,libpng_read_fuzzer,triggered,PNG007,6605,1718695085.6039495
2555,278,sqlite3,entropic,sqlite3_fuzz,reached,SQL014,72360,1718695085.6039495
2556,279,sqlite3,entropic,sqlite3_fuzz,reached,SQL014,2505,1718695085.6039495
2557,281,sqlite3,entropic,sqlite3_fuzz,reached,SQL014,80215,1718695085.6039495
2558,282,sqlite3,entropic,sqlite3_fuzz,reached,SQL014,6675,1718695085.6039495
2559,283,sqlite3,entropic,sqlite3_fuzz,reached,SQL014,14500,1718695085.6039495
2560,284,sqlite3,entropic,sqlite3_fuzz,reached,SQL014,12835,1718695085.6039495
2561,288,sqlite3,entropic,sqlite3_fuzz,reached,SQL014,8485,1718695085.6039495
2562,289,sqlite3,entropic,sqlite3_fuzz,reached,SQL014,39205,1718695085.6039495
2563,291,sqlite3,entropic,sqlite3_fuzz,reached,SQL014,66155,1718695085.6039495
2564,292,sqlite3,entropic,sqlite3_fuzz,reached,SQL014,775,1718695085.6039495
2565,294,sqlite3,entropic,sqlite3_fuzz,reached,SQL014,22880,1718695085.6039495
2566,295,sqlite3,entropic,sqlite3_fuzz,reached,SQL014,95,1718695085.6039495
2567,296,sqlite3,entropic,sqlite3_fuzz,reached,SQL014,1815,1718695085.6039495
2568,297,sqlite3,entropic,sqlite3_fuzz,reached,SQL014,270,1718695085.6039495
2569,279,sqlite3,entropic,sqlite3_fuzz,triggered,SQL014,4365,1718695085.6039495
2570,292,sqlite3,entropic,sqlite3_fuzz,triggered,SQL014,40215,1718695085.6039495
2571,295,sqlite3,entropic,sqlite3_fuzz,triggered,SQL014,4910,1718695085.6039495
2572,296,sqlite3,entropic,sqlite3_fuzz,triggered,SQL014,44915,1718695085.6039495
2573,279,sqlite3,entropic,sqlite3_fuzz,reached,SQL009,1205,1718695085.6039495
2574,280,sqlite3,entropic,sqlite3_fuzz,reached,SQL009,55690,1718695085.6039495
2575,281,sqlite3,entropic,sqlite3_fuzz,reached,SQL009,3115,1718695085.6039495
2576,282,sqlite3,entropic,sqlite3_fuzz,reached,SQL009,22185,1718695085.6039495
2577,283,sqlite3,entropic,sqlite3_fuzz,reached,SQL009,46320,1718695085.6039495
2578,284,sqlite3,entropic,sqlite3_fuzz,reached,SQL009,7980,1718695085.6039495
2579,285,sqlite3,entropic,sqlite3_fuzz,reached,SQL009,670,1718695085.6039495
2580,286,sqlite3,entropic,sqlite3_fuzz,reached,SQL009,36695,1718695085.6039495
2581,287,sqlite3,entropic,sqlite3_fuzz,reached,SQL009,14305,1718695085.6039495
2582,288,sqlite3,entropic,sqlite3_fuzz,reached,SQL009,8980,1718695085.6039495
2583,290,sqlite3,entropic,sqlite3_fuzz,reached,SQL009,62045,1718695085.6039495
2584,292,sqlite3,entropic,sqlite3_fuzz,reached,SQL009,14520,1718695085.6039495
2585,293,sqlite3,entropic,sqlite3_fuzz,reached,SQL009,85,1718695085.6039495
2586,295,sqlite3,entropic,sqlite3_fuzz,reached,SQL009,13890,1718695085.6039495
2587,296,sqlite3,entropic,sqlite3_fuzz,reached,SQL009,23615,1718695085.6039495
2588,278,sqlite3,entropic,sqlite3_fuzz,reached,SQL002,25,1718695085.6039495
2589,279,sqlite3,entropic,sqlite3_fuzz,reached,SQL002,40,1718695085.6039495
2590,280,sqlite3,entropic,sqlite3_fuzz,reached,SQL002,25,1718695085.6039495
2591,281,sqlite3,entropic,sqlite3_fuzz,reached,SQL002,30,1718695085.6039495
2592,282,sqlite3,entropic,sqlite3_fuzz,reached,SQL002,25,1718695085.6039495
2593,283,sqlite3,entropic,sqlite3_fuzz,reached,SQL002,20,1718695085.6039495
2594,284,sqlite3,entropic,sqlite3_fuzz,reached,SQL002,25,1718695085.6039495
2595,285,sqlite3,entropic,sqlite3_fuzz,reached,SQL002,20,1718695085.6039495
2596,286,sqlite3,entropic,sqlite3_fuzz,reached,SQL002,35,1718695085.6039495
2597,287,sqlite3,entropic,sqlite3_fuzz,reached,SQL002,30,1718695085.6039495
2598,288,sqlite3,entropic,sqlite3_fuzz,reached,SQL002,15,1718695085.6039495
2599,289,sqlite3,entropic,sqlite3_fuzz,reached,SQL002,30,1718695085.6039495
2600,290,sqlite3,entropic,sqlite3_fuzz,reached,SQL002,35,1718695085.6039495
2601,291,sqlite3,entropic,sqlite3_fuzz,reached,SQL002,35,1718695085.6039495
2602,292,sqlite3,entropic,sqlite3_fuzz,reached,SQL002,40,1718695085.6039495
2603,293,sqlite3,entropic,sqlite3_fuzz,reached,SQL002,30,1718695085.6039495
2604,294,sqlite3,entropic,sqlite3_fuzz,reached,SQL002,30,1718695085.6039495
2605,295,sqlite3,entropic,sqlite3_fuzz,reached,SQL002,15,1718695085.6039495
2606,296,sqlite3,entropic,sqlite3_fuzz,reached,SQL002,15,1718695085.6039495
2607,297,sqlite3,entropic,sqlite3_fuzz,reached,SQL002,15,1718695085.6039495
2608,279,sqlite3,entropic,sqlite3_fuzz,triggered,SQL002,55,1718695085.6039495
2609,280,sqlite3,entropic,sqlite3_fuzz,triggered,SQL002,13240,1718695085.6039495
2610,282,sqlite3,entropic,sqlite3_fuzz,triggered,SQL002,645,1718695085.6039495
2611,284,sqlite3,entropic,sqlite3_fuzz,triggered,SQL002,2760,1718695085.6039495
2612,287,sqlite3,entropic,sqlite3_fuzz,triggered,SQL002,12445,1718695085.6039495
2613,288,sqlite3,entropic,sqlite3_fuzz,triggered,SQL002,1035,1718695085.6039495
2614,289,sqlite3,entropic,sqlite3_fuzz,triggered,SQL002,54915,1718695085.6039495
2615,290,sqlite3,entropic,sqlite3_fuzz,triggered,SQL002,15540,1718695085.6039495
2616,291,sqlite3,entropic,sqlite3_fuzz,triggered,SQL002,62275,1718695085.6039495
2617,292,sqlite3,entropic,sqlite3_fuzz,triggered,SQL002,12000,1718695085.6039495
2618,294,sqlite3,entropic,sqlite3_fuzz,triggered,SQL002,910,1718695085.6039495
2619,295,sqlite3,entropic,sqlite3_fuzz,triggered,SQL002,1395,1718695085.6039495
2620,296,sqlite3,entropic,sqlite3_fuzz,triggered,SQL002,1865,1718695085.6039495
2621,297,sqlite3,entropic,sqlite3_fuzz,triggered,SQL002,395,1718695085.6039495
2622,278,sqlite3,entropic,sqlite3_fuzz,reached,SQL016,45,1718695085.6039495
2623,279,sqlite3,entropic,sqlite3_fuzz,reached,SQL016,60,1718695085.6039495
2624,280,sqlite3,entropic,sqlite3_fuzz,reached,SQL016,25,1718695085.6039495
2625,281,sqlite3,entropic,sqlite3_fuzz,reached,SQL016,60,1718695085.6039495
2626,282,sqlite3,entropic,sqlite3_fuzz,reached,SQL016,125,1718695085.6039495
2627,283,sqlite3,entropic,sqlite3_fuzz,reached,SQL016,25,1718695085.6039495
2628,284,sqlite3,entropic,sqlite3_fuzz,reached,SQL016,50,1718695085.6039495
2629,285,sqlite3,entropic,sqlite3_fuzz,reached,SQL016,25,1718695085.6039495
2630,286,sqlite3,entropic,sqlite3_fuzz,reached,SQL016,40,1718695085.6039495
2631,287,sqlite3,entropic,sqlite3_fuzz,reached,SQL016,45,1718695085.6039495
2632,288,sqlite3,entropic,sqlite3_fuzz,reached,SQL016,20,1718695085.6039495
2633,289,sqlite3,entropic,sqlite3_fuzz,reached,SQL016,30,1718695085.6039495
2634,290,sqlite3,entropic,sqlite3_fuzz,reached,SQL016,45,1718695085.6039495
2635,291,sqlite3,entropic,sqlite3_fuzz,reached,SQL016,40,1718695085.6039495
2636,292,sqlite3,entropic,sqlite3_fuzz,reached,SQL016,60,1718695085.6039495
2637,293,sqlite3,entropic,sqlite3_fuzz,reached,SQL016,35,1718695085.6039495
2638,294,sqlite3,entropic,sqlite3_fuzz,reached,SQL016,35,1718695085.6039495
2639,295,sqlite3,entropic,sqlite3_fuzz,reached,SQL016,15,1718695085.6039495
2640,296,sqlite3,entropic,sqlite3_fuzz,reached,SQL016,55,1718695085.6039495
2641,297,sqlite3,entropic,sqlite3_fuzz,reached,SQL016,40,1718695085.6039495
2642,278,sqlite3,entropic,sqlite3_fuzz,reached,SQL015,25,1718695085.6039495
2643,279,sqlite3,entropic,sqlite3_fuzz,reached,SQL015,40,1718695085.6039495
2644,280,sqlite3,entropic,sqlite3_fuzz,reached,SQL015,25,1718695085.6039495
2645,281,sqlite3,entropic,sqlite3_fuzz,reached,SQL015,30,1718695085.6039495
2646,282,sqlite3,entropic,sqlite3_fuzz,reached,SQL015,25,1718695085.6039495
2647,283,sqlite3,entropic,sqlite3_fuzz,reached,SQL015,20,1718695085.6039495
2648,284,sqlite3,entropic,sqlite3_fuzz,reached,SQL015,30,1718695085.6039495
2649,285,sqlite3,entropic,sqlite3_fuzz,reached,SQL015,20,1718695085.6039495
2650,286,sqlite3,entropic,sqlite3_fuzz,reached,SQL015,35,1718695085.6039495
2651,287,sqlite3,entropic,sqlite3_fuzz,reached,SQL015,35,1718695085.6039495
2652,288,sqlite3,entropic,sqlite3_fuzz,reached,SQL015,15,1718695085.6039495
2653,289,sqlite3,entropic,sqlite3_fuzz,reached,SQL015,30,1718695085.6039495
2654,290,sqlite3,entropic,sqlite3_fuzz,reached,SQL015,35,1718695085.6039495
2655,291,sqlite3,entropic,sqlite3_fuzz,reached,SQL015,35,1718695085.6039495
2656,292,sqlite3,entropic,sqlite3_fuzz,reached,SQL015,40,1718695085.6039495
2657,293,sqlite3,entropic,sqlite3_fuzz,reached,SQL015,30,1718695085.6039495
2658,294,sqlite3,entropic,sqlite3_fuzz,reached,SQL015,30,1718695085.6039495
2659,295,sqlite3,entropic,sqlite3_fuzz,reached,SQL015,15,1718695085.6039495
2660,296,sqlite3,entropic,sqlite3_fuzz,reached,SQL015,15,1718695085.6039495
2661,297,sqlite3,entropic,sqlite3_fuzz,reached,SQL015,25,1718695085.6039495
2662,278,sqlite3,entropic,sqlite3_fuzz,reached,SQL018,3370,1718695085.6039495
2663,279,sqlite3,entropic,sqlite3_fuzz,reached,SQL018,3505,1718695085.6039495
2664,280,sqlite3,entropic,sqlite3_fuzz,reached,SQL018,50,1718695085.6039495
2665,281,sqlite3,entropic,sqlite3_fuzz,reached,SQL018,515,1718695085.6039495
2666,282,sqlite3,entropic,sqlite3_fuzz,reached,SQL018,2805,1718695085.6039495
2667,283,sqlite3,entropic,sqlite3_fuzz,reached,SQL018,250,1718695085.6039495
2668,284,sqlite3,entropic,sqlite3_fuzz,reached,SQL018,30,1718695085.6039495
2669,285,sqlite3,entropic,sqlite3_fuzz,reached,SQL018,185,1718695085.6039495
2670,286,sqlite3,entropic,sqlite3_fuzz,reached,SQL018,815,1718695085.6039495
2671,287,sqlite3,entropic,sqlite3_fuzz,reached,SQL018,630,1718695085.6039495
2672,289,sqlite3,entropic,sqlite3_fuzz,reached,SQL018,2315,1718695085.6039495
2673,290,sqlite3,entropic,sqlite3_fuzz,reached,SQL018,220,1718695085.6039495
2674,291,sqlite3,entropic,sqlite3_fuzz,reached,SQL018,100,1718695085.6039495
2675,292,sqlite3,entropic,sqlite3_fuzz,reached,SQL018,50,1718695085.6039495
2676,293,sqlite3,entropic,sqlite3_fuzz,reached,SQL018,445,1718695085.6039495
2677,294,sqlite3,entropic,sqlite3_fuzz,reached,SQL018,3915,1718695085.6039495
2678,295,sqlite3,entropic,sqlite3_fuzz,reached,SQL018,55,1718695085.6039495
2679,296,sqlite3,entropic,sqlite3_fuzz,reached,SQL018,10555,1718695085.6039495
2680,297,sqlite3,entropic,sqlite3_fuzz,reached,SQL018,35,1718695085.6039495
2681,278,sqlite3,entropic,sqlite3_fuzz,triggered,SQL018,38595,1718695085.6039495
2682,280,sqlite3,entropic,sqlite3_fuzz,triggered,SQL018,535,1718695085.6039495
2683,284,sqlite3,entropic,sqlite3_fuzz,triggered,SQL018,3640,1718695085.6039495
2684,290,sqlite3,entropic,sqlite3_fuzz,triggered,SQL018,25030,1718695085.6039495
2685,291,sqlite3,entropic,sqlite3_fuzz,triggered,SQL018,100,1718695085.6039495
2686,292,sqlite3,entropic,sqlite3_fuzz,triggered,SQL018,15235,1718695085.6039495
2687,293,sqlite3,entropic,sqlite3_fuzz,triggered,SQL018,550,1718695085.6039495
2688,294,sqlite3,entropic,sqlite3_fuzz,triggered,SQL018,30270,1718695085.6039495
2689,295,sqlite3,entropic,sqlite3_fuzz,triggered,SQL018,55,1718695085.6039495
2690,297,sqlite3,entropic,sqlite3_fuzz,triggered,SQL018,35,1718695085.6039495
2691,278,sqlite3,entropic,sqlite3_fuzz,reached,SQL019,35,1718695085.6039495
2692,279,sqlite3,entropic,sqlite3_fuzz,reached,SQL019,95,1718695085.6039495
2693,280,sqlite3,entropic,sqlite3_fuzz,reached,SQL019,335,1718695085.6039495
2694,281,sqlite3,entropic,sqlite3_fuzz,reached,SQL019,215,1718695085.6039495
2695,282,sqlite3,entropic,sqlite3_fuzz,reached,SQL019,35,1718695085.6039495
2696,283,sqlite3,entropic,sqlite3_fuzz,reached,SQL019,16015,1718695085.6039495
2697,284,sqlite3,entropic,sqlite3_fuzz,reached,SQL019,525,1718695085.6039495
2698,285,sqlite3,entropic,sqlite3_fuzz,reached,SQL019,145,1718695085.6039495
2699,286,sqlite3,entropic,sqlite3_fuzz,reached,SQL019,15330,1718695085.6039495
2700,287,sqlite3,entropic,sqlite3_fuzz,reached,SQL019,190,1718695085.6039495
2701,288,sqlite3,entropic,sqlite3_fuzz,reached,SQL019,160,1718695085.6039495
2702,289,sqlite3,entropic,sqlite3_fuzz,reached,SQL019,5460,1718695085.6039495
2703,290,sqlite3,entropic,sqlite3_fuzz,reached,SQL019,65,1718695085.6039495
2704,291,sqlite3,entropic,sqlite3_fuzz,reached,SQL019,430,1718695085.6039495
2705,292,sqlite3,entropic,sqlite3_fuzz,reached,SQL019,70,1718695085.6039495
2706,293,sqlite3,entropic,sqlite3_fuzz,reached,SQL019,21470,1718695085.6039495
2707,294,sqlite3,entropic,sqlite3_fuzz,reached,SQL019,45,1718695085.6039495
2708,295,sqlite3,entropic,sqlite3_fuzz,reached,SQL019,60,1718695085.6039495
2709,296,sqlite3,entropic,sqlite3_fuzz,reached,SQL019,55,1718695085.6039495
2710,297,sqlite3,entropic,sqlite3_fuzz,reached,SQL019,410,1718695085.6039495
2711,278,sqlite3,entropic,sqlite3_fuzz,reached,SQL007,20,1718695085.6039495
2712,279,sqlite3,entropic,sqlite3_fuzz,reached,SQL007,35,1718695085.6039495
2713,280,sqlite3,entropic,sqlite3_fuzz,reached,SQL007,20,1718695085.6039495
2714,281,sqlite3,entropic,sqlite3_fuzz,reached,SQL007,25,1718695085.6039495
2715,282,sqlite3,entropic,sqlite3_fuzz,reached,SQL007,20,1718695085.6039495
2716,283,sqlite3,entropic,sqlite3_fuzz,reached,SQL007,15,1718695085.6039495
2717,284,sqlite3,entropic,sqlite3_fuzz,reached,SQL007,30,1718695085.6039495
2718,285,sqlite3,entropic,sqlite3_fuzz,reached,SQL007,15,1718695085.6039495
2719,286,sqlite3,entropic,sqlite3_fuzz,reached,SQL007,30,1718695085.6039495
2720,287,sqlite3,entropic,sqlite3_fuzz,reached,SQL007,35,1718695085.6039495
2721,288,sqlite3,entropic,sqlite3_fuzz,reached,SQL007,10,1718695085.6039495
2722,289,sqlite3,entropic,sqlite3_fuzz,reached,SQL007,25,1718695085.6039495
2723,290,sqlite3,entropic,sqlite3_fuzz,reached,SQL007,30,1718695085.6039495
2724,291,sqlite3,entropic,sqlite3_fuzz,reached,SQL007,30,1718695085.6039495
2725,292,sqlite3,entropic,sqlite3_fuzz,reached,SQL007,35,1718695085.6039495
2726,293,sqlite3,entropic,sqlite3_fuzz,reached,SQL007,20,1718695085.6039495
2727,294,sqlite3,entropic,sqlite3_fuzz,reached,SQL007,25,1718695085.6039495
2728,295,sqlite3,entropic,sqlite3_fuzz,reached,SQL007,10,1718695085.6039495
2729,296,sqlite3,entropic,sqlite3_fuzz,reached,SQL007,10,1718695085.6039495
2730,297,sqlite3,entropic,sqlite3_fuzz,reached,SQL007,20,1718695085.6039495
2731,278,sqlite3,entropic,sqlite3_fuzz,reached,SQL010,40,1718695085.6039495
2732,279,sqlite3,entropic,sqlite3_fuzz,reached,SQL010,60,1718695085.6039495
2733,280,sqlite3,entropic,sqlite3_fuzz,reached,SQL010,25,1718695085.6039495
2734,281,sqlite3,entropic,sqlite3_fuzz,reached,SQL010,40,1718695085.6039495
2735,282,sqlite3,entropic,sqlite3_fuzz,reached,SQL010,465,1718695085.6039495
2736,283,sqlite3,entropic,sqlite3_fuzz,reached,SQL010,20,1718695085.6039495
2737,284,sqlite3,entropic,sqlite3_fuzz,reached,SQL010,30,1718695085.6039495
2738,285,sqlite3,entropic,sqlite3_fuzz,reached,SQL010,25,1718695085.6039495
2739,286,sqlite3,entropic,sqlite3_fuzz,reached,SQL010,40,1718695085.6039495
2740,287,sqlite3,entropic,sqlite3_fuzz,reached,SQL010,45,1718695085.6039495
2741,288,sqlite3,entropic,sqlite3_fuzz,reached,SQL010,20,1718695085.6039495
2742,289,sqlite3,entropic,sqlite3_fuzz,reached,SQL010,30,1718695085.6039495
2743,290,sqlite3,entropic,sqlite3_fuzz,reached,SQL010,45,1718695085.6039495
2744,291,sqlite3,entropic,sqlite3_fuzz,reached,SQL010,40,1718695085.6039495
2745,292,sqlite3,entropic,sqlite3_fuzz,reached,SQL010,60,1718695085.6039495
2746,293,sqlite3,entropic,sqlite3_fuzz,reached,SQL010,35,1718695085.6039495
2747,294,sqlite3,entropic,sqlite3_fuzz,reached,SQL010,35,1718695085.6039495
2748,295,sqlite3,entropic,sqlite3_fuzz,reached,SQL010,15,1718695085.6039495
2749,296,sqlite3,entropic,sqlite3_fuzz,reached,SQL010,60,1718695085.6039495
2750,297,sqlite3,entropic,sqlite3_fuzz,reached,SQL010,40,1718695085.6039495
2751,278,sqlite3,entropic,sqlite3_fuzz,reached,SQL017,45,1718695085.6039495
2752,279,sqlite3,entropic,sqlite3_fuzz,reached,SQL017,60,1718695085.6039495
2753,280,sqlite3,entropic,sqlite3_fuzz,reached,SQL017,25,1718695085.6039495
2754,281,sqlite3,entropic,sqlite3_fuzz,reached,SQL017,40,1718695085.6039495
2755,282,sqlite3,entropic,sqlite3_fuzz,reached,SQL017,465,1718695085.6039495
2756,283,sqlite3,entropic,sqlite3_fuzz,reached,SQL017,25,1718695085.6039495
2757,284,sqlite3,entropic,sqlite3_fuzz,reached,SQL017,30,1718695085.6039495
2758,285,sqlite3,entropic,sqlite3_fuzz,reached,SQL017,25,1718695085.6039495
2759,286,sqlite3,entropic,sqlite3_fuzz,reached,SQL017,40,1718695085.6039495
2760,287,sqlite3,entropic,sqlite3_fuzz,reached,SQL017,45,1718695085.6039495
2761,288,sqlite3,entropic,sqlite3_fuzz,reached,SQL017,20,1718695085.6039495
2762,289,sqlite3,entropic,sqlite3_fuzz,reached,SQL017,30,1718695085.6039495
2763,290,sqlite3,entropic,sqlite3_fuzz,reached,SQL017,45,1718695085.6039495
2764,291,sqlite3,entropic,sqlite3_fuzz,reached,SQL017,40,1718695085.6039495
2765,292,sqlite3,entropic,sqlite3_fuzz,reached,SQL017,60,1718695085.6039495
2766,293,sqlite3,entropic,sqlite3_fuzz,reached,SQL017,35,1718695085.6039495
2767,294,sqlite3,entropic,sqlite3_fuzz,reached,SQL017,35,1718695085.6039495
2768,295,sqlite3,entropic,sqlite3_fuzz,reached,SQL017,15,1718695085.6039495
2769,296,sqlite3,entropic,sqlite3_fuzz,reached,SQL017,60,1718695085.6039495
2770,297,sqlite3,entropic,sqlite3_fuzz,reached,SQL017,40,1718695085.6039495
2771,298,libxml2,entropic,libxml2_xml_read_memory_fuzzer,reached,XML001,15,1718695085.6039495
2772,299,libxml2,entropic,libxml2_xml_read_memory_fuzzer,reached,XML001,15,1718695085.6039495
2773,300,libxml2,entropic,libxml2_xml_read_memory_fuzzer,reached,XML001,15,1718695085.6039495
2774,301,libxml2,entropic,libxml2_xml_read_memory_fuzzer,reached,XML001,15,1718695085.6039495
2775,302,libxml2,entropic,libxml2_xml_read_memory_fuzzer,reached,XML001,15,1718695085.6039495
2776,303,libxml2,entropic,libxml2_xml_read_memory_fuzzer,reached,XML001,15,1718695085.6039495
2777,304,libxml2,entropic,libxml2_xml_read_memory_fuzzer,reached,XML001,15,1718695085.6039495
2778,305,libxml2,entropic,libxml2_xml_read_memory_fuzzer,reached,XML001,15,1718695085.6039495
2779,306,libxml2,entropic,libxml2_xml_read_memory_fuzzer,reached,XML001,15,1718695085.6039495
2780,307,libxml2,entropic,libxml2_xml_read_memory_fuzzer,reached,XML001,15,1718695085.6039495
2781,308,libxml2,entropic,libxml2_xml_read_memory_fuzzer,reached,XML001,15,1718695085.6039495
2782,309,libxml2,entropic,libxml2_xml_read_memory_fuzzer,reached,XML001,15,1718695085.6039495
2783,310,libxml2,entropic,libxml2_xml_read_memory_fuzzer,reached,XML001,15,1718695085.6039495
2784,311,libxml2,entropic,libxml2_xml_read_memory_fuzzer,reached,XML001,15,1718695085.6039495
2785,312,libxml2,entropic,libxml2_xml_read_memory_fuzzer,reached,XML001,15,1718695085.6039495
2786,313,libxml2,entropic,libxml2_xml_read_memory_fuzzer,reached,XML001,15,1718695085.6039495
2787,314,libxml2,entropic,libxml2_xml_read_memory_fuzzer,reached,XML001,15,1718695085.6039495
2788,315,libxml2,entropic,libxml2_xml_read_memory_fuzzer,reached,XML001,15,1718695085.6039495
2789,316,libxml2,entropic,libxml2_xml_read_memory_fuzzer,reached,XML001,15,1718695085.6039495
2790,317,libxml2,entropic,libxml2_xml_read_memory_fuzzer,reached,XML001,15,1718695085.6039495
2791,298,libxml2,entropic,libxml2_xml_read_memory_fuzzer,reached,XML006,15,1718695085.6039495
2792,299,libxml2,entropic,libxml2_xml_read_memory_fuzzer,reached,XML006,15,1718695085.6039495
2793,300,libxml2,entropic,libxml2_xml_read_memory_fuzzer,reached,XML006,15,1718695085.6039495
2794,301,libxml2,entropic,libxml2_xml_read_memory_fuzzer,reached,XML006,15,1718695085.6039495
2795,302,libxml2,entropic,libxml2_xml_read_memory_fuzzer,reached,XML006,15,1718695085.6039495
2796,303,libxml2,entropic,libxml2_xml_read_memory_fuzzer,reached,XML006,15,1718695085.6039495
2797,304,libxml2,entropic,libxml2_xml_read_memory_fuzzer,reached,XML006,15,1718695085.6039495
2798,305,libxml2,entropic,libxml2_xml_read_memory_fuzzer,reached,XML006,15,1718695085.6039495
2799,306,libxml2,entropic,libxml2_xml_read_memory_fuzzer,reached,XML006,15,1718695085.6039495
2800,307,libxml2,entropic,libxml2_xml_read_memory_fuzzer,reached,XML006,15,1718695085.6039495
2801,308,libxml2,entropic,libxml2_xml_read_memory_fuzzer,reached,XML006,15,1718695085.6039495
2802,309,libxml2,entropic,libxml2_xml_read_memory_fuzzer,reached,XML006,15,1718695085.6039495
2803,310,libxml2,entropic,libxml2_xml_read_memory_fuzzer,reached,XML006,15,1718695085.6039495
2804,311,libxml2,entropic,libxml2_xml_read_memory_fuzzer,reached,XML006,15,1718695085.6039495
2805,312,libxml2,entropic,libxml2_xml_read_memory_fuzzer,reached,XML006,15,1718695085.6039495
2806,313,libxml2,entropic,libxml2_xml_read_memory_fuzzer,reached,XML006,15,1718695085.6039495
2807,314,libxml2,entropic,libxml2_xml_read_memory_fuzzer,reached,XML006,15,1718695085.6039495
2808,315,libxml2,entropic,libxml2_xml_read_memory_fuzzer,reached,XML006,15,1718695085.6039495
2809,316,libxml2,entropic,libxml2_xml_read_memory_fuzzer,reached,XML006,15,1718695085.6039495
2810,317,libxml2,entropic,libxml2_xml_read_memory_fuzzer,reached,XML006,15,1718695085.6039495
2811,298,libxml2,entropic,libxml2_xml_read_memory_fuzzer,reached,XML008,15,1718695085.6039495
2812,299,libxml2,entropic,libxml2_xml_read_memory_fuzzer,reached,XML008,15,1718695085.6039495
2813,300,libxml2,entropic,libxml2_xml_read_memory_fuzzer,reached,XML008,15,1718695085.6039495
2814,301,libxml2,entropic,libxml2_xml_read_memory_fuzzer,reached,XML008,15,1718695085.6039495
2815,302,libxml2,entropic,libxml2_xml_read_memory_fuzzer,reached,XML008,15,1718695085.6039495
2816,303,libxml2,entropic,libxml2_xml_read_memory_fuzzer,reached,XML008,15,1718695085.6039495
2817,304,libxml2,entropic,libxml2_xml_read_memory_fuzzer,reached,XML008,15,1718695085.6039495
2818,305,libxml2,entropic,libxml2_xml_read_memory_fuzzer,reached,XML008,15,1718695085.6039495
2819,306,libxml2,entropic,libxml2_xml_read_memory_fuzzer,reached,XML008,15,1718695085.6039495
2820,307,libxml2,entropic,libxml2_xml_read_memory_fuzzer,reached,XML008,15,1718695085.6039495
2821,308,libxml2,entropic,libxml2_xml_read_memory_fuzzer,reached,XML008,15,1718695085.6039495
2822,309,libxml2,entropic,libxml2_xml_read_memory_fuzzer,reached,XML008,15,1718695085.6039495
2823,310,libxml2,entropic,libxml2_xml_read_memory_fuzzer,reached,XML008,15,1718695085.6039495
2824,311,libxml2,entropic,libxml2_xml_read_memory_fuzzer,reached,XML008,15,1718695085.6039495
2825,312,libxml2,entropic,libxml2_xml_read_memory_fuzzer,reached,XML008,15,1718695085.6039495
2826,313,libxml2,entropic,libxml2_xml_read_memory_fuzzer,reached,XML008,15,1718695085.6039495
2827,314,libxml2,entropic,libxml2_xml_read_memory_fuzzer,reached,XML008,15,1718695085.6039495
2828,315,libxml2,entropic,libxml2_xml_read_memory_fuzzer,reached,XML008,15,1718695085.6039495
2829,316,libxml2,entropic,libxml2_xml_read_memory_fuzzer,reached,XML008,15,1718695085.6039495
2830,317,libxml2,entropic,libxml2_xml_read_memory_fuzzer,reached,XML008,15,1718695085.6039495
2831,298,libxml2,entropic,libxml2_xml_read_memory_fuzzer,reached,XML009,15,1718695085.6039495
2832,299,libxml2,entropic,libxml2_xml_read_memory_fuzzer,reached,XML009,15,1718695085.6039495
2833,300,libxml2,entropic,libxml2_xml_read_memory_fuzzer,reached,XML009,15,1718695085.6039495
2834,301,libxml2,entropic,libxml2_xml_read_memory_fuzzer,reached,XML009,15,1718695085.6039495
2835,302,libxml2,entropic,libxml2_xml_read_memory_fuzzer,reached,XML009,15,1718695085.6039495
2836,303,libxml2,entropic,libxml2_xml_read_memory_fuzzer,reached,XML009,15,1718695085.6039495
2837,304,libxml2,entropic,libxml2_xml_read_memory_fuzzer,reached,XML009,15,1718695085.6039495
2838,305,libxml2,entropic,libxml2_xml_read_memory_fuzzer,reached,XML009,15,1718695085.6039495
2839,306,libxml2,entropic,libxml2_xml_read_memory_fuzzer,reached,XML009,15,1718695085.6039495
2840,307,libxml2,entropic,libxml2_xml_read_memory_fuzzer,reached,XML009,15,1718695085.6039495
2841,308,libxml2,entropic,libxml2_xml_read_memory_fuzzer,reached,XML009,15,1718695085.6039495
2842,309,libxml2,entropic,libxml2_xml_read_memory_fuzzer,reached,XML009,15,1718695085.6039495
2843,310,libxml2,entropic,libxml2_xml_read_memory_fuzzer,reached,XML009,15,1718695085.6039495
2844,311,libxml2,entropic,libxml2_xml_read_memory_fuzzer,reached,XML009,15,1718695085.6039495
2845,312,libxml2,entropic,libxml2_xml_read_memory_fuzzer,reached,XML009,15,1718695085.6039495
2846,313,libxml2,entropic,libxml2_xml_read_memory_fuzzer,reached,XML009,15,1718695085.6039495
2847,314,libxml2,entropic,libxml2_xml_read_memory_fuzzer,reached,XML009,15,1718695085.6039495
2848,315,libxml2,entropic,libxml2_xml_read_memory_fuzzer,reached,XML009,15,1718695085.6039495
2849,316,libxml2,entropic,libxml2_xml_read_memory_fuzzer,reached,XML009,15,1718695085.6039495
2850,317,libxml2,entropic,libxml2_xml_read_memory_fuzzer,reached,XML009,15,1718695085.6039495
2851,298,libxml2,entropic,libxml2_xml_read_memory_fuzzer,triggered,XML009,13870,1718695085.6039495
2852,299,libxml2,entropic,libxml2_xml_read_memory_fuzzer,triggered,XML009,18880,1718695085.6039495
2853,300,libxml2,entropic,libxml2_xml_read_memory_fuzzer,triggered,XML009,3735,1718695085.6039495
2854,302,libxml2,entropic,libxml2_xml_read_memory_fuzzer,triggered,XML009,23405,1718695085.6039495
2855,303,libxml2,entropic,libxml2_xml_read_memory_fuzzer,triggered,XML009,2060,1718695085.6039495
2856,304,libxml2,entropic,libxml2_xml_read_memory_fuzzer,triggered,XML009,15170,1718695085.6039495
2857,305,libxml2,entropic,libxml2_xml_read_memory_fuzzer,triggered,XML009,23915,1718695085.6039495
2858,306,libxml2,entropic,libxml2_xml_read_memory_fuzzer,triggered,XML009,315,1718695085.6039495
2859,307,libxml2,entropic,libxml2_xml_read_memory_fuzzer,triggered,XML009,7975,1718695085.6039495
2860,308,libxml2,entropic,libxml2_xml_read_memory_fuzzer,triggered,XML009,9450,1718695085.6039495
2861,309,libxml2,entropic,libxml2_xml_read_memory_fuzzer,triggered,XML009,235,1718695085.6039495
2862,311,libxml2,entropic,libxml2_xml_read_memory_fuzzer,triggered,XML009,4470,1718695085.6039495
2863,312,libxml2,entropic,libxml2_xml_read_memory_fuzzer,triggered,XML009,1625,1718695085.6039495
2864,313,libxml2,entropic,libxml2_xml_read_memory_fuzzer,triggered,XML009,17555,1718695085.6039495
2865,314,libxml2,entropic,libxml2_xml_read_memory_fuzzer,triggered,XML009,145,1718695085.6039495
2866,315,libxml2,entropic,libxml2_xml_read_memory_fuzzer,triggered,XML009,5085,1718695085.6039495
2867,316,libxml2,entropic,libxml2_xml_read_memory_fuzzer,triggered,XML009,660,1718695085.6039495
2868,317,libxml2,entropic,libxml2_xml_read_memory_fuzzer,triggered,XML009,3760,1718695085.6039495
2869,298,libxml2,entropic,libxml2_xml_read_memory_fuzzer,reached,XML012,15,1718695085.6039495
2870,299,libxml2,entropic,libxml2_xml_read_memory_fuzzer,reached,XML012,15,1718695085.6039495
2871,300,libxml2,entropic,libxml2_xml_read_memory_fuzzer,reached,XML012,15,1718695085.6039495
2872,301,libxml2,entropic,libxml2_xml_read_memory_fuzzer,reached,XML012,15,1718695085.6039495
2873,302,libxml2,entropic,libxml2_xml_read_memory_fuzzer,reached,XML012,15,1718695085.6039495
2874,303,libxml2,entropic,libxml2_xml_read_memory_fuzzer,reached,XML012,15,1718695085.6039495
2875,304,libxml2,entropic,libxml2_xml_read_memory_fuzzer,reached,XML012,15,1718695085.6039495
2876,305,libxml2,entropic,libxml2_xml_read_memory_fuzzer,reached,XML012,15,1718695085.6039495
2877,306,libxml2,entropic,libxml2_xml_read_memory_fuzzer,reached,XML012,15,1718695085.6039495
2878,307,libxml2,entropic,libxml2_xml_read_memory_fuzzer,reached,XML012,15,1718695085.6039495
2879,308,libxml2,entropic,libxml2_xml_read_memory_fuzzer,reached,XML012,15,1718695085.6039495
2880,309,libxml2,entropic,libxml2_xml_read_memory_fuzzer,reached,XML012,15,1718695085.6039495
2881,310,libxml2,entropic,libxml2_xml_read_memory_fuzzer,reached,XML012,15,1718695085.6039495
2882,311,libxml2,entropic,libxml2_xml_read_memory_fuzzer,reached,XML012,15,1718695085.6039495
2883,312,libxml2,entropic,libxml2_xml_read_memory_fuzzer,reached,XML012,15,1718695085.6039495
2884,313,libxml2,entropic,libxml2_xml_read_memory_fuzzer,reached,XML012,15,1718695085.6039495
2885,314,libxml2,entropic,libxml2_xml_read_memory_fuzzer,reached,XML012,15,1718695085.6039495
2886,315,libxml2,entropic,libxml2_xml_read_memory_fuzzer,reached,XML012,15,1718695085.6039495
2887,316,libxml2,entropic,libxml2_xml_read_memory_fuzzer,reached,XML012,15,1718695085.6039495
2888,317,libxml2,entropic,libxml2_xml_read_memory_fuzzer,reached,XML012,15,1718695085.6039495
2889,298,libxml2,entropic,libxml2_xml_read_memory_fuzzer,reached,XML003,15,1718695085.6039495
2890,299,libxml2,entropic,libxml2_xml_read_memory_fuzzer,reached,XML003,15,1718695085.6039495
2891,300,libxml2,entropic,libxml2_xml_read_memory_fuzzer,reached,XML003,15,1718695085.6039495
2892,301,libxml2,entropic,libxml2_xml_read_memory_fuzzer,reached,XML003,15,1718695085.6039495
2893,302,libxml2,entropic,libxml2_xml_read_memory_fuzzer,reached,XML003,15,1718695085.6039495
2894,303,libxml2,entropic,libxml2_xml_read_memory_fuzzer,reached,XML003,15,1718695085.6039495
2895,304,libxml2,entropic,libxml2_xml_read_memory_fuzzer,reached,XML003,15,1718695085.6039495
2896,305,libxml2,entropic,libxml2_xml_read_memory_fuzzer,reached,XML003,15,1718695085.6039495
2897,306,libxml2,entropic,libxml2_xml_read_memory_fuzzer,reached,XML003,15,1718695085.6039495
2898,307,libxml2,entropic,libxml2_xml_read_memory_fuzzer,reached,XML003,15,1718695085.6039495
2899,308,libxml2,entropic,libxml2_xml_read_memory_fuzzer,reached,XML003,15,1718695085.6039495
2900,309,libxml2,entropic,libxml2_xml_read_memory_fuzzer,reached,XML003,15,1718695085.6039495
2901,310,libxml2,entropic,libxml2_xml_read_memory_fuzzer,reached,XML003,15,1718695085.6039495
2902,311,libxml2,entropic,libxml2_xml_read_memory_fuzzer,reached,XML003,15,1718695085.6039495
2903,312,libxml2,entropic,libxml2_xml_read_memory_fuzzer,reached,XML003,15,1718695085.6039495
2904,313,libxml2,entropic,libxml2_xml_read_memory_fuzzer,reached,XML003,15,1718695085.6039495
2905,314,libxml2,entropic,libxml2_xml_read_memory_fuzzer,reached,XML003,15,1718695085.6039495
2906,315,libxml2,entropic,libxml2_xml_read_memory_fuzzer,reached,XML003,15,1718695085.6039495
2907,316,libxml2,entropic,libxml2_xml_read_memory_fuzzer,reached,XML003,15,1718695085.6039495
2908,317,libxml2,entropic,libxml2_xml_read_memory_fuzzer,reached,XML003,15,1718695085.6039495
2909,298,libxml2,entropic,libxml2_xml_read_memory_fuzzer,reached,XML011,15,1718695085.6039495
2910,299,libxml2,entropic,libxml2_xml_read_memory_fuzzer,reached,XML011,15,1718695085.6039495
2911,300,libxml2,entropic,libxml2_xml_read_memory_fuzzer,reached,XML011,15,1718695085.6039495
2912,301,libxml2,entropic,libxml2_xml_read_memory_fuzzer,reached,XML011,15,1718695085.6039495
2913,302,libxml2,entropic,libxml2_xml_read_memory_fuzzer,reached,XML011,15,1718695085.6039495
2914,303,libxml2,entropic,libxml2_xml_read_memory_fuzzer,reached,XML011,15,1718695085.6039495
2915,304,libxml2,entropic,libxml2_xml_read_memory_fuzzer,reached,XML011,15,1718695085.6039495
2916,305,libxml2,entropic,libxml2_xml_read_memory_fuzzer,reached,XML011,15,1718695085.6039495
2917,306,libxml2,entropic,libxml2_xml_read_memory_fuzzer,reached,XML011,15,1718695085.6039495
2918,307,libxml2,entropic,libxml2_xml_read_memory_fuzzer,reached,XML011,15,1718695085.6039495
2919,308,libxml2,entropic,libxml2_xml_read_memory_fuzzer,reached,XML011,15,1718695085.6039495
2920,309,libxml2,entropic,libxml2_xml_read_memory_fuzzer,reached,XML011,15,1718695085.6039495
2921,310,libxml2,entropic,libxml2_xml_read_memory_fuzzer,reached,XML011,15,1718695085.6039495
2922,311,libxml2,entropic,libxml2_xml_read_memory_fuzzer,reached,XML011,15,1718695085.6039495
2923,312,libxml2,entropic,libxml2_xml_read_memory_fuzzer,reached,XML011,15,1718695085.6039495
2924,313,libxml2,entropic,libxml2_xml_read_memory_fuzzer,reached,XML011,15,1718695085.6039495
2925,314,libxml2,entropic,libxml2_xml_read_memory_fuzzer,reached,XML011,15,1718695085.6039495
2926,315,libxml2,entropic,libxml2_xml_read_memory_fuzzer,reached,XML011,15,1718695085.6039495
2927,316,libxml2,entropic,libxml2_xml_read_memory_fuzzer,reached,XML011,15,1718695085.6039495
2928,317,libxml2,entropic,libxml2_xml_read_memory_fuzzer,reached,XML011,15,1718695085.6039495
2929,298,libxml2,entropic,libxml2_xml_read_memory_fuzzer,reached,XML017,10,1718695085.6039495
2930,299,libxml2,entropic,libxml2_xml_read_memory_fuzzer,reached,XML017,10,1718695085.6039495
2931,300,libxml2,entropic,libxml2_xml_read_memory_fuzzer,reached,XML017,10,1718695085.6039495
2932,301,libxml2,entropic,libxml2_xml_read_memory_fuzzer,reached,XML017,10,1718695085.6039495
2933,302,libxml2,entropic,libxml2_xml_read_memory_fuzzer,reached,XML017,10,1718695085.6039495
2934,303,libxml2,entropic,libxml2_xml_read_memory_fuzzer,reached,XML017,10,1718695085.6039495
2935,304,libxml2,entropic,libxml2_xml_read_memory_fuzzer,reached,XML017,10,1718695085.6039495
2936,305,libxml2,entropic,libxml2_xml_read_memory_fuzzer,reached,XML017,10,1718695085.6039495
2937,306,libxml2,entropic,libxml2_xml_read_memory_fuzzer,reached,XML017,10,1718695085.6039495
2938,307,libxml2,entropic,libxml2_xml_read_memory_fuzzer,reached,XML017,10,1718695085.6039495
2939,308,libxml2,entropic,libxml2_xml_read_memory_fuzzer,reached,XML017,10,1718695085.6039495
2940,309,libxml2,entropic,libxml2_xml_read_memory_fuzzer,reached,XML017,10,1718695085.6039495
2941,310,libxml2,entropic,libxml2_xml_read_memory_fuzzer,reached,XML017,10,1718695085.6039495
2942,311,libxml2,entropic,libxml2_xml_read_memory_fuzzer,reached,XML017,10,1718695085.6039495
2943,312,libxml2,entropic,libxml2_xml_read_memory_fuzzer,reached,XML017,10,1718695085.6039495
2944,313,libxml2,entropic,libxml2_xml_read_memory_fuzzer,reached,XML017,10,1718695085.6039495
2945,314,libxml2,entropic,libxml2_xml_read_memory_fuzzer,reached,XML017,10,1718695085.6039495
2946,315,libxml2,entropic,libxml2_xml_read_memory_fuzzer,reached,XML017,10,1718695085.6039495
2947,316,libxml2,entropic,libxml2_xml_read_memory_fuzzer,reached,XML017,10,1718695085.6039495
2948,317,libxml2,entropic,libxml2_xml_read_memory_fuzzer,reached,XML017,10,1718695085.6039495
2949,298,libxml2,entropic,libxml2_xml_read_memory_fuzzer,triggered,XML017,15,1718695085.6039495
2950,299,libxml2,entropic,libxml2_xml_read_memory_fuzzer,triggered,XML017,15,1718695085.6039495
2951,300,libxml2,entropic,libxml2_xml_read_memory_fuzzer,triggered,XML017,15,1718695085.6039495
2952,301,libxml2,entropic,libxml2_xml_read_memory_fuzzer,triggered,XML017,15,1718695085.6039495
2953,302,libxml2,entropic,libxml2_xml_read_memory_fuzzer,triggered,XML017,15,1718695085.6039495
2954,303,libxml2,entropic,libxml2_xml_read_memory_fuzzer,triggered,XML017,15,1718695085.6039495
2955,304,libxml2,entropic,libxml2_xml_read_memory_fuzzer,triggered,XML017,15,1718695085.6039495
2956,305,libxml2,entropic,libxml2_xml_read_memory_fuzzer,triggered,XML017,15,1718695085.6039495
2957,306,libxml2,entropic,libxml2_xml_read_memory_fuzzer,triggered,XML017,15,1718695085.6039495
2958,307,libxml2,entropic,libxml2_xml_read_memory_fuzzer,triggered,XML017,15,1718695085.6039495
2959,308,libxml2,entropic,libxml2_xml_read_memory_fuzzer,triggered,XML017,15,1718695085.6039495
2960,309,libxml2,entropic,libxml2_xml_read_memory_fuzzer,triggered,XML017,15,1718695085.6039495
2961,310,libxml2,entropic,libxml2_xml_read_memory_fuzzer,triggered,XML017,15,1718695085.6039495
2962,311,libxml2,entropic,libxml2_xml_read_memory_fuzzer,triggered,XML017,15,1718695085.6039495
2963,312,libxml2,entropic,libxml2_xml_read_memory_fuzzer,triggered,XML017,15,1718695085.6039495
2964,313,libxml2,entropic,libxml2_xml_read_memory_fuzzer,triggered,XML017,15,1718695085.6039495
2965,314,libxml2,entropic,libxml2_xml_read_memory_fuzzer,triggered,XML017,15,1718695085.6039495
2966,315,libxml2,entropic,libxml2_xml_read_memory_fuzzer,triggered,XML017,15,1718695085.6039495
2967,316,libxml2,entropic,libxml2_xml_read_memory_fuzzer,triggered,XML017,15,1718695085.6039495
2968,317,libxml2,entropic,libxml2_xml_read_memory_fuzzer,triggered,XML017,15,1718695085.6039495
2969,318,libpng,entropic,libpng_read_fuzzer,reached,PNG005,15,1718695085.6039495
2970,319,libpng,entropic,libpng_read_fuzzer,reached,PNG005,15,1718695085.6039495
2971,320,libpng,entropic,libpng_read_fuzzer,reached,PNG005,15,1718695085.6039495
2972,321,libpng,entropic,libpng_read_fuzzer,reached,PNG005,15,1718695085.6039495
2973,322,libpng,entropic,libpng_read_fuzzer,reached,PNG005,15,1718695085.6039495
2974,323,libpng,entropic,libpng_read_fuzzer,reached,PNG005,15,1718695085.6039495
2975,324,libpng,entropic,libpng_read_fuzzer,reached,PNG005,15,1718695085.6039495
2976,325,libpng,entropic,libpng_read_fuzzer,reached,PNG005,15,1718695085.6039495
2977,326,libpng,entropic,libpng_read_fuzzer,reached,PNG005,15,1718695085.6039495
2978,327,libpng,entropic,libpng_read_fuzzer,reached,PNG005,15,1718695085.6039495
2979,328,libpng,entropic,libpng_read_fuzzer,reached,PNG005,15,1718695085.6039495
2980,329,libpng,entropic,libpng_read_fuzzer,reached,PNG005,15,1718695085.6039495
2981,330,libpng,entropic,libpng_read_fuzzer,reached,PNG005,15,1718695085.6039495
2982,331,libpng,entropic,libpng_read_fuzzer,reached,PNG005,15,1718695085.6039495
2983,332,libpng,entropic,libpng_read_fuzzer,reached,PNG005,15,1718695085.6039495
2984,333,libpng,entropic,libpng_read_fuzzer,reached,PNG005,15,1718695085.6039495
2985,334,libpng,entropic,libpng_read_fuzzer,reached,PNG005,15,1718695085.6039495
2986,335,libpng,entropic,libpng_read_fuzzer,reached,PNG005,15,1718695085.6039495
2987,336,libpng,entropic,libpng_read_fuzzer,reached,PNG005,15,1718695085.6039495
2988,337,libpng,entropic,libpng_read_fuzzer,reached,PNG005,15,1718695085.6039495
2989,318,libpng,entropic,libpng_read_fuzzer,reached,PNG003,10,1718695085.6039495
2990,319,libpng,entropic,libpng_read_fuzzer,reached,PNG003,10,1718695085.6039495
2991,320,libpng,entropic,libpng_read_fuzzer,reached,PNG003,10,1718695085.6039495
2992,321,libpng,entropic,libpng_read_fuzzer,reached,PNG003,10,1718695085.6039495
2993,322,libpng,entropic,libpng_read_fuzzer,reached,PNG003,10,1718695085.6039495
2994,323,libpng,entropic,libpng_read_fuzzer,reached,PNG003,10,1718695085.6039495
2995,324,libpng,entropic,libpng_read_fuzzer,reached,PNG003,10,1718695085.6039495
2996,325,libpng,entropic,libpng_read_fuzzer,reached,PNG003,10,1718695085.6039495
2997,326,libpng,entropic,libpng_read_fuzzer,reached,PNG003,10,1718695085.6039495
2998,327,libpng,entropic,libpng_read_fuzzer,reached,PNG003,10,1718695085.6039495
2999,328,libpng,entropic,libpng_read_fuzzer,reached,PNG003,10,1718695085.6039495
3000,329,libpng,entropic,libpng_read_fuzzer,reached,PNG003,10,1718695085.6039495
3001,330,libpng,entropic,libpng_read_fuzzer,reached,PNG003,10,1718695085.6039495
3002,331,libpng,entropic,libpng_read_fuzzer,reached,PNG003,10,1718695085.6039495
3003,332,libpng,entropic,libpng_read_fuzzer,reached,PNG003,10,1718695085.6039495
3004,333,libpng,entropic,libpng_read_fuzzer,reached,PNG003,10,1718695085.6039495
3005,334,libpng,entropic,libpng_read_fuzzer,reached,PNG003,10,1718695085.6039495
3006,335,libpng,entropic,libpng_read_fuzzer,reached,PNG003,10,1718695085.6039495
3007,336,libpng,entropic,libpng_read_fuzzer,reached,PNG003,10,1718695085.6039495
3008,337,libpng,entropic,libpng_read_fuzzer,reached,PNG003,10,1718695085.6039495
3009,318,libpng,entropic,libpng_read_fuzzer,triggered,PNG003,15,1718695085.6039495
3010,319,libpng,entropic,libpng_read_fuzzer,triggered,PNG003,15,1718695085.6039495
3011,320,libpng,entropic,libpng_read_fuzzer,triggered,PNG003,15,1718695085.6039495
3012,321,libpng,entropic,libpng_read_fuzzer,triggered,PNG003,15,1718695085.6039495
3013,322,libpng,entropic,libpng_read_fuzzer,triggered,PNG003,15,1718695085.6039495
3014,323,libpng,entropic,libpng_read_fuzzer,triggered,PNG003,15,1718695085.6039495
3015,324,libpng,entropic,libpng_read_fuzzer,triggered,PNG003,15,1718695085.6039495
3016,325,libpng,entropic,libpng_read_fuzzer,triggered,PNG003,15,1718695085.6039495
3017,326,libpng,entropic,libpng_read_fuzzer,triggered,PNG003,15,1718695085.6039495
3018,327,libpng,entropic,libpng_read_fuzzer,triggered,PNG003,15,1718695085.6039495
3019,328,libpng,entropic,libpng_read_fuzzer,triggered,PNG003,15,1718695085.6039495
3020,329,libpng,entropic,libpng_read_fuzzer,triggered,PNG003,20,1718695085.6039495
3021,330,libpng,entropic,libpng_read_fuzzer,triggered,PNG003,15,1718695085.6039495
3022,331,libpng,entropic,libpng_read_fuzzer,triggered,PNG003,15,1718695085.6039495
3023,332,libpng,entropic,libpng_read_fuzzer,triggered,PNG003,20,1718695085.6039495
3024,333,libpng,entropic,libpng_read_fuzzer,triggered,PNG003,15,1718695085.6039495
3025,334,libpng,entropic,libpng_read_fuzzer,triggered,PNG003,15,1718695085.6039495
3026,335,libpng,entropic,libpng_read_fuzzer,triggered,PNG003,15,1718695085.6039495
3027,336,libpng,entropic,libpng_read_fuzzer,triggered,PNG003,15,1718695085.6039495
3028,337,libpng,entropic,libpng_read_fuzzer,triggered,PNG003,20,1718695085.6039495
3029,318,libpng,entropic,libpng_read_fuzzer,reached,PNG001,15,1718695085.6039495
3030,319,libpng,entropic,libpng_read_fuzzer,reached,PNG001,15,1718695085.6039495
3031,320,libpng,entropic,libpng_read_fuzzer,reached,PNG001,15,1718695085.6039495
3032,321,libpng,entropic,libpng_read_fuzzer,reached,PNG001,15,1718695085.6039495
3033,322,libpng,entropic,libpng_read_fuzzer,reached,PNG001,15,1718695085.6039495
3034,323,libpng,entropic,libpng_read_fuzzer,reached,PNG001,15,1718695085.6039495
3035,324,libpng,entropic,libpng_read_fuzzer,reached,PNG001,15,1718695085.6039495
3036,325,libpng,entropic,libpng_read_fuzzer,reached,PNG001,15,1718695085.6039495
3037,326,libpng,entropic,libpng_read_fuzzer,reached,PNG001,15,1718695085.6039495
3038,327,libpng,entropic,libpng_read_fuzzer,reached,PNG001,15,1718695085.6039495
3039,328,libpng,entropic,libpng_read_fuzzer,reached,PNG001,15,1718695085.6039495
3040,329,libpng,entropic,libpng_read_fuzzer,reached,PNG001,15,1718695085.6039495
3041,330,libpng,entropic,libpng_read_fuzzer,reached,PNG001,15,1718695085.6039495
3042,331,libpng,entropic,libpng_read_fuzzer,reached,PNG001,15,1718695085.6039495
3043,332,libpng,entropic,libpng_read_fuzzer,reached,PNG001,15,1718695085.6039495
3044,333,libpng,entropic,libpng_read_fuzzer,reached,PNG001,15,1718695085.6039495
3045,334,libpng,entropic,libpng_read_fuzzer,reached,PNG001,15,1718695085.6039495
3046,335,libpng,entropic,libpng_read_fuzzer,reached,PNG001,15,1718695085.6039495
3047,336,libpng,entropic,libpng_read_fuzzer,reached,PNG001,15,1718695085.6039495
3048,337,libpng,entropic,libpng_read_fuzzer,reached,PNG001,15,1718695085.6039495
3049,318,libpng,entropic,libpng_read_fuzzer,reached,PNG004,15,1718695085.6039495
3050,319,libpng,entropic,libpng_read_fuzzer,reached,PNG004,15,1718695085.6039495
3051,320,libpng,entropic,libpng_read_fuzzer,reached,PNG004,15,1718695085.6039495
3052,321,libpng,entropic,libpng_read_fuzzer,reached,PNG004,15,1718695085.6039495
3053,322,libpng,entropic,libpng_read_fuzzer,reached,PNG004,15,1718695085.6039495
3054,323,libpng,entropic,libpng_read_fuzzer,reached,PNG004,15,1718695085.6039495
3055,324,libpng,entropic,libpng_read_fuzzer,reached,PNG004,15,1718695085.6039495
3056,325,libpng,entropic,libpng_read_fuzzer,reached,PNG004,15,1718695085.6039495
3057,326,libpng,entropic,libpng_read_fuzzer,reached,PNG004,15,1718695085.6039495
3058,327,libpng,entropic,libpng_read_fuzzer,reached,PNG004,15,1718695085.6039495
3059,328,libpng,entropic,libpng_read_fuzzer,reached,PNG004,15,1718695085.6039495
3060,329,libpng,entropic,libpng_read_fuzzer,reached,PNG004,15,1718695085.6039495
3061,330,libpng,entropic,libpng_read_fuzzer,reached,PNG004,15,1718695085.6039495
3062,331,libpng,entropic,libpng_read_fuzzer,reached,PNG004,15,1718695085.6039495
3063,332,libpng,entropic,libpng_read_fuzzer,reached,PNG004,15,1718695085.6039495
3064,333,libpng,entropic,libpng_read_fuzzer,reached,PNG004,15,1718695085.6039495
3065,334,libpng,entropic,libpng_read_fuzzer,reached,PNG004,15,1718695085.6039495
3066,335,libpng,entropic,libpng_read_fuzzer,reached,PNG004,15,1718695085.6039495
3067,336,libpng,entropic,libpng_read_fuzzer,reached,PNG004,15,1718695085.6039495
3068,337,libpng,entropic,libpng_read_fuzzer,reached,PNG004,15,1718695085.6039495
3069,318,libpng,entropic,libpng_read_fuzzer,reached,PNG006,15,1718695085.6039495
3070,319,libpng,entropic,libpng_read_fuzzer,reached,PNG006,15,1718695085.6039495
3071,320,libpng,entropic,libpng_read_fuzzer,reached,PNG006,15,1718695085.6039495
3072,321,libpng,entropic,libpng_read_fuzzer,reached,PNG006,15,1718695085.6039495
3073,322,libpng,entropic,libpng_read_fuzzer,reached,PNG006,15,1718695085.6039495
3074,323,libpng,entropic,libpng_read_fuzzer,reached,PNG006,15,1718695085.6039495
3075,324,libpng,entropic,libpng_read_fuzzer,reached,PNG006,15,1718695085.6039495
3076,325,libpng,entropic,libpng_read_fuzzer,reached,PNG006,15,1718695085.6039495
3077,326,libpng,entropic,libpng_read_fuzzer,reached,PNG006,15,1718695085.6039495
3078,327,libpng,entropic,libpng_read_fuzzer,reached,PNG006,15,1718695085.6039495
3079,328,libpng,entropic,libpng_read_fuzzer,reached,PNG006,15,1718695085.6039495
3080,329,libpng,entropic,libpng_read_fuzzer,reached,PNG006,15,1718695085.6039495
3081,330,libpng,entropic,libpng_read_fuzzer,reached,PNG006,15,1718695085.6039495
3082,331,libpng,entropic,libpng_read_fuzzer,reached,PNG006,15,1718695085.6039495
3083,332,libpng,entropic,libpng_read_fuzzer,reached,PNG006,15,1718695085.6039495
3084,333,libpng,entropic,libpng_read_fuzzer,reached,PNG006,15,1718695085.6039495
3085,334,libpng,entropic,libpng_read_fuzzer,reached,PNG006,15,1718695085.6039495
3086,335,libpng,entropic,libpng_read_fuzzer,reached,PNG006,15,1718695085.6039495
3087,336,libpng,entropic,libpng_read_fuzzer,reached,PNG006,15,1718695085.6039495
3088,337,libpng,entropic,libpng_read_fuzzer,reached,PNG006,15,1718695085.6039495
3089,318,libpng,entropic,libpng_read_fuzzer,triggered,PNG006,15,1718695085.6039495
3090,319,libpng,entropic,libpng_read_fuzzer,triggered,PNG006,15,1718695085.6039495
3091,320,libpng,entropic,libpng_read_fuzzer,triggered,PNG006,20,1718695085.6039495
3092,321,libpng,entropic,libpng_read_fuzzer,triggered,PNG006,20,1718695085.6039495
3093,322,libpng,entropic,libpng_read_fuzzer,triggered,PNG006,15,1718695085.6039495
3094,323,libpng,entropic,libpng_read_fuzzer,triggered,PNG006,30,1718695085.6039495
3095,324,libpng,entropic,libpng_read_fuzzer,triggered,PNG006,25,1718695085.6039495
3096,325,libpng,entropic,libpng_read_fuzzer,triggered,PNG006,25,1718695085.6039495
3097,326,libpng,entropic,libpng_read_fuzzer,triggered,PNG006,45,1718695085.6039495
3098,327,libpng,entropic,libpng_read_fuzzer,triggered,PNG006,15,1718695085.6039495
3099,328,libpng,entropic,libpng_read_fuzzer,triggered,PNG006,15,1718695085.6039495
3100,329,libpng,entropic,libpng_read_fuzzer,triggered,PNG006,20,1718695085.6039495
3101,330,libpng,entropic,libpng_read_fuzzer,triggered,PNG006,30,1718695085.6039495
3102,331,libpng,entropic,libpng_read_fuzzer,triggered,PNG006,30,1718695085.6039495
3103,332,libpng,entropic,libpng_read_fuzzer,triggered,PNG006,15,1718695085.6039495
3104,333,libpng,entropic,libpng_read_fuzzer,triggered,PNG006,15,1718695085.6039495
3105,334,libpng,entropic,libpng_read_fuzzer,triggered,PNG006,15,1718695085.6039495
3106,335,libpng,entropic,libpng_read_fuzzer,triggered,PNG006,15,1718695085.6039495
3107,336,libpng,entropic,libpng_read_fuzzer,triggered,PNG006,15,1718695085.6039495
3108,337,libpng,entropic,libpng_read_fuzzer,triggered,PNG006,110,1718695085.6039495
3109,318,libpng,entropic,libpng_read_fuzzer,reached,PNG007,15,1718695085.6039495
3110,319,libpng,entropic,libpng_read_fuzzer,reached,PNG007,15,1718695085.6039495
3111,320,libpng,entropic,libpng_read_fuzzer,reached,PNG007,15,1718695085.6039495
3112,321,libpng,entropic,libpng_read_fuzzer,reached,PNG007,15,1718695085.6039495
3113,322,libpng,entropic,libpng_read_fuzzer,reached,PNG007,15,1718695085.6039495
3114,323,libpng,entropic,libpng_read_fuzzer,reached,PNG007,15,1718695085.6039495
3115,324,libpng,entropic,libpng_read_fuzzer,reached,PNG007,15,1718695085.6039495
3116,325,libpng,entropic,libpng_read_fuzzer,reached,PNG007,15,1718695085.6039495
3117,326,libpng,entropic,libpng_read_fuzzer,reached,PNG007,15,1718695085.6039495
3118,327,libpng,entropic,libpng_read_fuzzer,reached,PNG007,15,1718695085.6039495
3119,328,libpng,entropic,libpng_read_fuzzer,reached,PNG007,15,1718695085.6039495
3120,329,libpng,entropic,libpng_read_fuzzer,reached,PNG007,15,1718695085.6039495
3121,330,libpng,entropic,libpng_read_fuzzer,reached,PNG007,15,1718695085.6039495
3122,331,libpng,entropic,libpng_read_fuzzer,reached,PNG007,15,1718695085.6039495
3123,332,libpng,entropic,libpng_read_fuzzer,reached,PNG007,15,1718695085.6039495
3124,333,libpng,entropic,libpng_read_fuzzer,reached,PNG007,15,1718695085.6039495
3125,334,libpng,entropic,libpng_read_fuzzer,reached,PNG007,15,1718695085.6039495
3126,335,libpng,entropic,libpng_read_fuzzer,reached,PNG007,15,1718695085.6039495
3127,336,libpng,entropic,libpng_read_fuzzer,reached,PNG007,15,1718695085.6039495
3128,337,libpng,entropic,libpng_read_fuzzer,reached,PNG007,15,1718695085.6039495
3129,318,libpng,entropic,libpng_read_fuzzer,triggered,PNG007,44815,1718695085.6039495
3130,319,libpng,entropic,libpng_read_fuzzer,triggered,PNG007,6565,1718695085.6039495
3131,320,libpng,entropic,libpng_read_fuzzer,triggered,PNG007,6840,1718695085.6039495
3132,321,libpng,entropic,libpng_read_fuzzer,triggered,PNG007,75,1718695085.6039495
3133,322,libpng,entropic,libpng_read_fuzzer,triggered,PNG007,1685,1718695085.6039495
3134,323,libpng,entropic,libpng_read_fuzzer,triggered,PNG007,22610,1718695085.6039495
3135,324,libpng,entropic,libpng_read_fuzzer,triggered,PNG007,4660,1718695085.6039495
3136,325,libpng,entropic,libpng_read_fuzzer,triggered,PNG007,8645,1718695085.6039495
3137,326,libpng,entropic,libpng_read_fuzzer,triggered,PNG007,19725,1718695085.6039495
3138,327,libpng,entropic,libpng_read_fuzzer,triggered,PNG007,31245,1718695085.6039495
3139,328,libpng,entropic,libpng_read_fuzzer,triggered,PNG007,125,1718695085.6039495
3140,329,libpng,entropic,libpng_read_fuzzer,triggered,PNG007,15175,1718695085.6039495
3141,330,libpng,entropic,libpng_read_fuzzer,triggered,PNG007,17060,1718695085.6039495
3142,331,libpng,entropic,libpng_read_fuzzer,triggered,PNG007,26855,1718695085.6039495
3143,332,libpng,entropic,libpng_read_fuzzer,triggered,PNG007,31425,1718695085.6039495
3144,333,libpng,entropic,libpng_read_fuzzer,triggered,PNG007,12985,1718695085.6039495
3145,334,libpng,entropic,libpng_read_fuzzer,triggered,PNG007,2495,1718695085.6039495
3146,335,libpng,entropic,libpng_read_fuzzer,triggered,PNG007,54025,1718695085.6039495
3147,336,libpng,entropic,libpng_read_fuzzer,triggered,PNG007,1780,1718695085.6039495
3148,337,libpng,entropic,libpng_read_fuzzer,triggered,PNG007,20080,1718695085.6039495
3149,340,sqlite3,k_scheduler,sqlite3_fuzz,reached,SQL009,14915,1718695085.6039495
3150,338,sqlite3,k_scheduler,sqlite3_fuzz,reached,SQL002,170,1718695085.6039495
3151,339,sqlite3,k_scheduler,sqlite3_fuzz,reached,SQL002,145,1718695085.6039495
3152,340,sqlite3,k_scheduler,sqlite3_fuzz,reached,SQL002,200,1718695085.6039495
3153,341,sqlite3,k_scheduler,sqlite3_fuzz,reached,SQL002,71525,1718695085.6039495
3154,342,sqlite3,k_scheduler,sqlite3_fuzz,reached,SQL002,1425,1718695085.6039495
3155,343,sqlite3,k_scheduler,sqlite3_fuzz,reached,SQL002,185,1718695085.6039495
3156,344,sqlite3,k_scheduler,sqlite3_fuzz,reached,SQL002,5300,1718695085.6039495
3157,345,sqlite3,k_scheduler,sqlite3_fuzz,reached,SQL002,3420,1718695085.6039495
3158,346,sqlite3,k_scheduler,sqlite3_fuzz,reached,SQL002,235,1718695085.6039495
3159,347,sqlite3,k_scheduler,sqlite3_fuzz,reached,SQL002,160,1718695085.6039495
3160,348,sqlite3,k_scheduler,sqlite3_fuzz,reached,SQL002,2255,1718695085.6039495
3161,349,sqlite3,k_scheduler,sqlite3_fuzz,reached,SQL002,195,1718695085.6039495
3162,350,sqlite3,k_scheduler,sqlite3_fuzz,reached,SQL002,30105,1718695085.6039495
3163,351,sqlite3,k_scheduler,sqlite3_fuzz,reached,SQL002,47535,1718695085.6039495
3164,352,sqlite3,k_scheduler,sqlite3_fuzz,reached,SQL002,43200,1718695085.6039495
3165,353,sqlite3,k_scheduler,sqlite3_fuzz,reached,SQL002,175,1718695085.6039495
3166,354,sqlite3,k_scheduler,sqlite3_fuzz,reached,SQL002,165,1718695085.6039495
3167,355,sqlite3,k_scheduler,sqlite3_fuzz,reached,SQL002,64130,1718695085.6039495
3168,356,sqlite3,k_scheduler,sqlite3_fuzz,reached,SQL002,160,1718695085.6039495
3169,357,sqlite3,k_scheduler,sqlite3_fuzz,reached,SQL002,17935,1718695085.6039495
3170,343,sqlite3,k_scheduler,sqlite3_fuzz,triggered,SQL002,46215,1718695085.6039495
3171,345,sqlite3,k_scheduler,sqlite3_fuzz,triggered,SQL002,6780,1718695085.6039495
3172,338,sqlite3,k_scheduler,sqlite3_fuzz,reached,SQL016,515,1718695085.6039495
3173,339,sqlite3,k_scheduler,sqlite3_fuzz,reached,SQL016,470,1718695085.6039495
3174,340,sqlite3,k_scheduler,sqlite3_fuzz,reached,SQL016,320,1718695085.6039495
3175,341,sqlite3,k_scheduler,sqlite3_fuzz,reached,SQL016,71675,1718695085.6039495
3176,342,sqlite3,k_scheduler,sqlite3_fuzz,reached,SQL016,3730,1718695085.6039495
3177,343,sqlite3,k_scheduler,sqlite3_fuzz,reached,SQL016,575,1718695085.6039495
3178,344,sqlite3,k_scheduler,sqlite3_fuzz,reached,SQL016,5670,1718695085.6039495
3179,345,sqlite3,k_scheduler,sqlite3_fuzz,reached,SQL016,3850,1718695085.6039495
3180,346,sqlite3,k_scheduler,sqlite3_fuzz,reached,SQL016,445,1718695085.6039495
3181,347,sqlite3,k_scheduler,sqlite3_fuzz,reached,SQL016,325,1718695085.6039495
3182,348,sqlite3,k_scheduler,sqlite3_fuzz,reached,SQL016,2860,1718695085.6039495
3183,349,sqlite3,k_scheduler,sqlite3_fuzz,reached,SQL016,550,1718695085.6039495
3184,350,sqlite3,k_scheduler,sqlite3_fuzz,reached,SQL016,30105,1718695085.6039495
3185,351,sqlite3,k_scheduler,sqlite3_fuzz,reached,SQL016,52970,1718695085.6039495
3186,352,sqlite3,k_scheduler,sqlite3_fuzz,reached,SQL016,44355,1718695085.6039495
3187,353,sqlite3,k_scheduler,sqlite3_fuzz,reached,SQL016,9450,1718695085.6039495
3188,354,sqlite3,k_scheduler,sqlite3_fuzz,reached,SQL016,505,1718695085.6039495
3189,355,sqlite3,k_scheduler,sqlite3_fuzz,reached,SQL016,64590,1718695085.6039495
3190,356,sqlite3,k_scheduler,sqlite3_fuzz,reached,SQL016,945,1718695085.6039495
3191,357,sqlite3,k_scheduler,sqlite3_fuzz,reached,SQL016,18045,1718695085.6039495
3192,338,sqlite3,k_scheduler,sqlite3_fuzz,reached,SQL015,170,1718695085.6039495
3193,339,sqlite3,k_scheduler,sqlite3_fuzz,reached,SQL015,4055,1718695085.6039495
3194,340,sqlite3,k_scheduler,sqlite3_fuzz,reached,SQL015,11565,1718695085.6039495
3195,341,sqlite3,k_scheduler,sqlite3_fuzz,reached,SQL015,71525,1718695085.6039495
3196,342,sqlite3,k_scheduler,sqlite3_fuzz,reached,SQL015,3035,1718695085.6039495
3197,343,sqlite3,k_scheduler,sqlite3_fuzz,reached,SQL015,185,1718695085.6039495
3198,344,sqlite3,k_scheduler,sqlite3_fuzz,reached,SQL015,5300,1718695085.6039495
3199,345,sqlite3,k_scheduler,sqlite3_fuzz,reached,SQL015,3565,1718695085.6039495
3200,346,sqlite3,k_scheduler,sqlite3_fuzz,reached,SQL015,235,1718695085.6039495
3201,347,sqlite3,k_scheduler,sqlite3_fuzz,reached,SQL015,2655,1718695085.6039495
3202,348,sqlite3,k_scheduler,sqlite3_fuzz,reached,SQL015,2255,1718695085.6039495
3203,349,sqlite3,k_scheduler,sqlite3_fuzz,reached,SQL015,195,1718695085.6039495
3204,350,sqlite3,k_scheduler,sqlite3_fuzz,reached,SQL015,30105,1718695085.6039495
3205,351,sqlite3,k_scheduler,sqlite3_fuzz,reached,SQL015,47535,1718695085.6039495
3206,352,sqlite3,k_scheduler,sqlite3_fuzz,reached,SQL015,43200,1718695085.6039495
3207,353,sqlite3,k_scheduler,sqlite3_fuzz,reached,SQL015,175,1718695085.6039495
3208,354,sqlite3,k_scheduler,sqlite3_fuzz,reached,SQL015,84980,1718695085.6039495
3209,355,sqlite3,k_scheduler,sqlite3_fuzz,reached,SQL015,64130,1718695085.6039495
3210,356,sqlite3,k_scheduler,sqlite3_fuzz,reached,SQL015,1520,1718695085.6039495
3211,357,sqlite3,k_scheduler,sqlite3_fuzz,reached,SQL015,17940,1718695085.6039495
3212,340,sqlite3,k_scheduler,sqlite3_fuzz,reached,SQL018,29130,1718695085.6039495
3213,340,sqlite3,k_scheduler,sqlite3_fuzz,triggered,SQL018,29130,1718695085.6039495
3214,338,sqlite3,k_scheduler,sqlite3_fuzz,reached,SQL019,495,1718695085.6039495
3215,339,sqlite3,k_scheduler,sqlite3_fuzz,reached,SQL019,465,1718695085.6039495
3216,340,sqlite3,k_scheduler,sqlite3_fuzz,reached,SQL019,275,1718695085.6039495
3217,341,sqlite3,k_scheduler,sqlite3_fuzz,reached,SQL019,71650,1718695085.6039495
3218,342,sqlite3,k_scheduler,sqlite3_fuzz,reached,SQL019,3525,1718695085.6039495
3219,343,sqlite3,k_scheduler,sqlite3_fuzz,reached,SQL019,500,1718695085.6039495
3220,344,sqlite3,k_scheduler,sqlite3_fuzz,reached,SQL019,5555,1718695085.6039495
3221,345,sqlite3,k_scheduler,sqlite3_fuzz,reached,SQL019,3825,1718695085.6039495
3222,346,sqlite3,k_scheduler,sqlite3_fuzz,reached,SQL019,405,1718695085.6039495
3223,347,sqlite3,k_scheduler,sqlite3_fuzz,reached,SQL019,320,1718695085.6039495
3224,348,sqlite3,k_scheduler,sqlite3_fuzz,reached,SQL019,2865,1718695085.6039495
3225,349,sqlite3,k_scheduler,sqlite3_fuzz,reached,SQL019,475,1718695085.6039495
3226,350,sqlite3,k_scheduler,sqlite3_fuzz,reached,SQL019,54600,1718695085.6039495
3227,351,sqlite3,k_scheduler,sqlite3_fuzz,reached,SQL019,50905,1718695085.6039495
3228,352,sqlite3,k_scheduler,sqlite3_fuzz,reached,SQL019,43560,1718695085.6039495
3229,353,sqlite3,k_scheduler,sqlite3_fuzz,reached,SQL019,9440,1718695085.6039495
3230,354,sqlite3,k_scheduler,sqlite3_fuzz,reached,SQL019,525,1718695085.6039495
3231,355,sqlite3,k_scheduler,sqlite3_fuzz,reached,SQL019,64550,1718695085.6039495
3232,356,sqlite3,k_scheduler,sqlite3_fuzz,reached,SQL019,830,1718695085.6039495
3233,357,sqlite3,k_scheduler,sqlite3_fuzz,reached,SQL019,17940,1718695085.6039495
3234,338,sqlite3,k_scheduler,sqlite3_fuzz,reached,SQL007,165,1718695085.6039495
3235,339,sqlite3,k_scheduler,sqlite3_fuzz,reached,SQL007,4055,1718695085.6039495
3236,340,sqlite3,k_scheduler,sqlite3_fuzz,reached,SQL007,11555,1718695085.6039495
3237,341,sqlite3,k_scheduler,sqlite3_fuzz,reached,SQL007,71520,1718695085.6039495
3238,342,sqlite3,k_scheduler,sqlite3_fuzz,reached,SQL007,3035,1718695085.6039495
3239,343,sqlite3,k_scheduler,sqlite3_fuzz,reached,SQL007,180,1718695085.6039495
3240,344,sqlite3,k_scheduler,sqlite3_fuzz,reached,SQL007,5265,1718695085.6039495
3241,345,sqlite3,k_scheduler,sqlite3_fuzz,reached,SQL007,3565,1718695085.6039495
3242,346,sqlite3,k_scheduler,sqlite3_fuzz,reached,SQL007,230,1718695085.6039495
3243,347,sqlite3,k_scheduler,sqlite3_fuzz,reached,SQL007,2655,1718695085.6039495
3244,348,sqlite3,k_scheduler,sqlite3_fuzz,reached,SQL007,2250,1718695085.6039495
3245,349,sqlite3,k_scheduler,sqlite3_fuzz,reached,SQL007,190,1718695085.6039495
3246,350,sqlite3,k_scheduler,sqlite3_fuzz,reached,SQL007,30100,1718695085.6039495
3247,351,sqlite3,k_scheduler,sqlite3_fuzz,reached,SQL007,47530,1718695085.6039495
3248,352,sqlite3,k_scheduler,sqlite3_fuzz,reached,SQL007,43190,1718695085.6039495
3249,353,sqlite3,k_scheduler,sqlite3_fuzz,reached,SQL007,170,1718695085.6039495
3250,354,sqlite3,k_scheduler,sqlite3_fuzz,reached,SQL007,84980,1718695085.6039495
3251,355,sqlite3,k_scheduler,sqlite3_fuzz,reached,SQL007,64125,1718695085.6039495
3252,356,sqlite3,k_scheduler,sqlite3_fuzz,reached,SQL007,1520,1718695085.6039495
3253,357,sqlite3,k_scheduler,sqlite3_fuzz,reached,SQL007,17940,1718695085.6039495
3254,344,sqlite3,k_scheduler,sqlite3_fuzz,reached,SQL010,71355,1718695085.6039495
3255,350,sqlite3,k_scheduler,sqlite3_fuzz,reached,SQL010,30105,1718695085.6039495
3256,351,sqlite3,k_scheduler,sqlite3_fuzz,reached,SQL010,58350,1718695085.6039495
3257,355,sqlite3,k_scheduler,sqlite3_fuzz,reached,SQL010,65205,1718695085.6039495
3258,357,sqlite3,k_scheduler,sqlite3_fuzz,reached,SQL010,24180,1718695085.6039495
3259,344,sqlite3,k_scheduler,sqlite3_fuzz,reached,SQL017,72195,1718695085.6039495
3260,350,sqlite3,k_scheduler,sqlite3_fuzz,reached,SQL017,30105,1718695085.6039495
3261,351,sqlite3,k_scheduler,sqlite3_fuzz,reached,SQL017,58385,1718695085.6039495
3262,355,sqlite3,k_scheduler,sqlite3_fuzz,reached,SQL017,65205,1718695085.6039495
3263,357,sqlite3,k_scheduler,sqlite3_fuzz,reached,SQL017,24180,1718695085.6039495
3264,358,libxml2,k_scheduler,libxml2_xml_read_memory_fuzzer,reached,XML001,20,1718695085.6039495
3265,359,libxml2,k_scheduler,libxml2_xml_read_memory_fuzzer,reached,XML001,20,1718695085.6039495
3266,360,libxml2,k_scheduler,libxml2_xml_read_memory_fuzzer,reached,XML001,20,1718695085.6039495
3267,361,libxml2,k_scheduler,libxml2_xml_read_memory_fuzzer,reached,XML001,20,1718695085.6039495
3268,362,libxml2,k_scheduler,libxml2_xml_read_memory_fuzzer,reached,XML001,20,1718695085.6039495
3269,363,libxml2,k_scheduler,libxml2_xml_read_memory_fuzzer,reached,XML001,20,1718695085.6039495
3270,364,libxml2,k_scheduler,libxml2_xml_read_memory_fuzzer,reached,XML001,20,1718695085.6039495
3271,365,libxml2,k_scheduler,libxml2_xml_read_memory_fuzzer,reached,XML001,20,1718695085.6039495
3272,366,libxml2,k_scheduler,libxml2_xml_read_memory_fuzzer,reached,XML001,20,1718695085.6039495
3273,367,libxml2,k_scheduler,libxml2_xml_read_memory_fuzzer,reached,XML001,20,1718695085.6039495
3274,368,libxml2,k_scheduler,libxml2_xml_read_memory_fuzzer,reached,XML001,20,1718695085.6039495
3275,369,libxml2,k_scheduler,libxml2_xml_read_memory_fuzzer,reached,XML001,20,1718695085.6039495
3276,370,libxml2,k_scheduler,libxml2_xml_read_memory_fuzzer,reached,XML001,20,1718695085.6039495
3277,371,libxml2,k_scheduler,libxml2_xml_read_memory_fuzzer,reached,XML001,20,1718695085.6039495
3278,372,libxml2,k_scheduler,libxml2_xml_read_memory_fuzzer,reached,XML001,20,1718695085.6039495
3279,373,libxml2,k_scheduler,libxml2_xml_read_memory_fuzzer,reached,XML001,20,1718695085.6039495
3280,374,libxml2,k_scheduler,libxml2_xml_read_memory_fuzzer,reached,XML001,20,1718695085.6039495
3281,375,libxml2,k_scheduler,libxml2_xml_read_memory_fuzzer,reached,XML001,20,1718695085.6039495
3282,376,libxml2,k_scheduler,libxml2_xml_read_memory_fuzzer,reached,XML001,20,1718695085.6039495
3283,377,libxml2,k_scheduler,libxml2_xml_read_memory_fuzzer,reached,XML001,20,1718695085.6039495
3284,358,libxml2,k_scheduler,libxml2_xml_read_memory_fuzzer,reached,XML006,20,1718695085.6039495
3285,359,libxml2,k_scheduler,libxml2_xml_read_memory_fuzzer,reached,XML006,20,1718695085.6039495
3286,360,libxml2,k_scheduler,libxml2_xml_read_memory_fuzzer,reached,XML006,20,1718695085.6039495
3287,361,libxml2,k_scheduler,libxml2_xml_read_memory_fuzzer,reached,XML006,20,1718695085.6039495
3288,362,libxml2,k_scheduler,libxml2_xml_read_memory_fuzzer,reached,XML006,20,1718695085.6039495
3289,363,libxml2,k_scheduler,libxml2_xml_read_memory_fuzzer,reached,XML006,20,1718695085.6039495
3290,364,libxml2,k_scheduler,libxml2_xml_read_memory_fuzzer,reached,XML006,20,1718695085.6039495
3291,365,libxml2,k_scheduler,libxml2_xml_read_memory_fuzzer,reached,XML006,20,1718695085.6039495
3292,366,libxml2,k_scheduler,libxml2_xml_read_memory_fuzzer,reached,XML006,20,1718695085.6039495
3293,367,libxml2,k_scheduler,libxml2_xml_read_memory_fuzzer,reached,XML006,20,1718695085.6039495
3294,368,libxml2,k_scheduler,libxml2_xml_read_memory_fuzzer,reached,XML006,20,1718695085.6039495
3295,369,libxml2,k_scheduler,libxml2_xml_read_memory_fuzzer,reached,XML006,20,1718695085.6039495
3296,370,libxml2,k_scheduler,libxml2_xml_read_memory_fuzzer,reached,XML006,20,1718695085.6039495
3297,371,libxml2,k_scheduler,libxml2_xml_read_memory_fuzzer,reached,XML006,20,1718695085.6039495
3298,372,libxml2,k_scheduler,libxml2_xml_read_memory_fuzzer,reached,XML006,20,1718695085.6039495
3299,373,libxml2,k_scheduler,libxml2_xml_read_memory_fuzzer,reached,XML006,20,1718695085.6039495
3300,374,libxml2,k_scheduler,libxml2_xml_read_memory_fuzzer,reached,XML006,20,1718695085.6039495
3301,375,libxml2,k_scheduler,libxml2_xml_read_memory_fuzzer,reached,XML006,20,1718695085.6039495
3302,376,libxml2,k_scheduler,libxml2_xml_read_memory_fuzzer,reached,XML006,20,1718695085.6039495
3303,377,libxml2,k_scheduler,libxml2_xml_read_memory_fuzzer,reached,XML006,20,1718695085.6039495
3304,358,libxml2,k_scheduler,libxml2_xml_read_memory_fuzzer,reached,XML008,30,1718695085.6039495
3305,359,libxml2,k_scheduler,libxml2_xml_read_memory_fuzzer,reached,XML008,30,1718695085.6039495
3306,360,libxml2,k_scheduler,libxml2_xml_read_memory_fuzzer,reached,XML008,30,1718695085.6039495
3307,361,libxml2,k_scheduler,libxml2_xml_read_memory_fuzzer,reached,XML008,25,1718695085.6039495
3308,362,libxml2,k_scheduler,libxml2_xml_read_memory_fuzzer,reached,XML008,30,1718695085.6039495
3309,363,libxml2,k_scheduler,libxml2_xml_read_memory_fuzzer,reached,XML008,30,1718695085.6039495
3310,364,libxml2,k_scheduler,libxml2_xml_read_memory_fuzzer,reached,XML008,30,1718695085.6039495
3311,365,libxml2,k_scheduler,libxml2_xml_read_memory_fuzzer,reached,XML008,30,1718695085.6039495
3312,366,libxml2,k_scheduler,libxml2_xml_read_memory_fuzzer,reached,XML008,30,1718695085.6039495
3313,367,libxml2,k_scheduler,libxml2_xml_read_memory_fuzzer,reached,XML008,30,1718695085.6039495
3314,368,libxml2,k_scheduler,libxml2_xml_read_memory_fuzzer,reached,XML008,30,1718695085.6039495
3315,369,libxml2,k_scheduler,libxml2_xml_read_memory_fuzzer,reached,XML008,30,1718695085.6039495
3316,370,libxml2,k_scheduler,libxml2_xml_read_memory_fuzzer,reached,XML008,30,1718695085.6039495
3317,371,libxml2,k_scheduler,libxml2_xml_read_memory_fuzzer,reached,XML008,30,1718695085.6039495
3318,372,libxml2,k_scheduler,libxml2_xml_read_memory_fuzzer,reached,XML008,30,1718695085.6039495
3319,373,libxml2,k_scheduler,libxml2_xml_read_memory_fuzzer,reached,XML008,30,1718695085.6039495
3320,374,libxml2,k_scheduler,libxml2_xml_read_memory_fuzzer,reached,XML008,25,1718695085.6039495
3321,375,libxml2,k_scheduler,libxml2_xml_read_memory_fuzzer,reached,XML008,30,1718695085.6039495
3322,376,libxml2,k_scheduler,libxml2_xml_read_memory_fuzzer,reached,XML008,30,1718695085.6039495
3323,377,libxml2,k_scheduler,libxml2_xml_read_memory_fuzzer,reached,XML008,30,1718695085.6039495
3324,358,libxml2,k_scheduler,libxml2_xml_read_memory_fuzzer,reached,XML009,20,1718695085.6039495
3325,359,libxml2,k_scheduler,libxml2_xml_read_memory_fuzzer,reached,XML009,20,1718695085.6039495
3326,360,libxml2,k_scheduler,libxml2_xml_read_memory_fuzzer,reached,XML009,20,1718695085.6039495
3327,361,libxml2,k_scheduler,libxml2_xml_read_memory_fuzzer,reached,XML009,20,1718695085.6039495
3328,362,libxml2,k_scheduler,libxml2_xml_read_memory_fuzzer,reached,XML009,20,1718695085.6039495
3329,363,libxml2,k_scheduler,libxml2_xml_read_memory_fuzzer,reached,XML009,20,1718695085.6039495
3330,364,libxml2,k_scheduler,libxml2_xml_read_memory_fuzzer,reached,XML009,20,1718695085.6039495
3331,365,libxml2,k_scheduler,libxml2_xml_read_memory_fuzzer,reached,XML009,20,1718695085.6039495
3332,366,libxml2,k_scheduler,libxml2_xml_read_memory_fuzzer,reached,XML009,20,1718695085.6039495
3333,367,libxml2,k_scheduler,libxml2_xml_read_memory_fuzzer,reached,XML009,20,1718695085.6039495
3334,368,libxml2,k_scheduler,libxml2_xml_read_memory_fuzzer,reached,XML009,20,1718695085.6039495
3335,369,libxml2,k_scheduler,libxml2_xml_read_memory_fuzzer,reached,XML009,20,1718695085.6039495
3336,370,libxml2,k_scheduler,libxml2_xml_read_memory_fuzzer,reached,XML009,20,1718695085.6039495
3337,371,libxml2,k_scheduler,libxml2_xml_read_memory_fuzzer,reached,XML009,20,1718695085.6039495
3338,372,libxml2,k_scheduler,libxml2_xml_read_memory_fuzzer,reached,XML009,20,1718695085.6039495
3339,373,libxml2,k_scheduler,libxml2_xml_read_memory_fuzzer,reached,XML009,20,1718695085.6039495
3340,374,libxml2,k_scheduler,libxml2_xml_read_memory_fuzzer,reached,XML009,20,1718695085.6039495
3341,375,libxml2,k_scheduler,libxml2_xml_read_memory_fuzzer,reached,XML009,20,1718695085.6039495
3342,376,libxml2,k_scheduler,libxml2_xml_read_memory_fuzzer,reached,XML009,20,1718695085.6039495
3343,377,libxml2,k_scheduler,libxml2_xml_read_memory_fuzzer,reached,XML009,20,1718695085.6039495
3344,358,libxml2,k_scheduler,libxml2_xml_read_memory_fuzzer,reached,XML012,20,1718695085.6039495
3345,359,libxml2,k_scheduler,libxml2_xml_read_memory_fuzzer,reached,XML012,20,1718695085.6039495
3346,360,libxml2,k_scheduler,libxml2_xml_read_memory_fuzzer,reached,XML012,20,1718695085.6039495
3347,361,libxml2,k_scheduler,libxml2_xml_read_memory_fuzzer,reached,XML012,20,1718695085.6039495
3348,362,libxml2,k_scheduler,libxml2_xml_read_memory_fuzzer,reached,XML012,20,1718695085.6039495
3349,363,libxml2,k_scheduler,libxml2_xml_read_memory_fuzzer,reached,XML012,20,1718695085.6039495
3350,364,libxml2,k_scheduler,libxml2_xml_read_memory_fuzzer,reached,XML012,20,1718695085.6039495
3351,365,libxml2,k_scheduler,libxml2_xml_read_memory_fuzzer,reached,XML012,20,1718695085.6039495
3352,366,libxml2,k_scheduler,libxml2_xml_read_memory_fuzzer,reached,XML012,20,1718695085.6039495
3353,367,libxml2,k_scheduler,libxml2_xml_read_memory_fuzzer,reached,XML012,20,1718695085.6039495
3354,368,libxml2,k_scheduler,libxml2_xml_read_memory_fuzzer,reached,XML012,20,1718695085.6039495
3355,369,libxml2,k_scheduler,libxml2_xml_read_memory_fuzzer,reached,XML012,20,1718695085.6039495
3356,370,libxml2,k_scheduler,libxml2_xml_read_memory_fuzzer,reached,XML012,20,1718695085.6039495
3357,371,libxml2,k_scheduler,libxml2_xml_read_memory_fuzzer,reached,XML012,20,1718695085.6039495
3358,372,libxml2,k_scheduler,libxml2_xml_read_memory_fuzzer,reached,XML012,20,1718695085.6039495
3359,373,libxml2,k_scheduler,libxml2_xml_read_memory_fuzzer,reached,XML012,20,1718695085.6039495
3360,374,libxml2,k_scheduler,libxml2_xml_read_memory_fuzzer,reached,XML012,20,1718695085.6039495
3361,375,libxml2,k_scheduler,libxml2_xml_read_memory_fuzzer,reached,XML012,20,1718695085.6039495
3362,376,libxml2,k_scheduler,libxml2_xml_read_memory_fuzzer,reached,XML012,20,1718695085.6039495
3363,377,libxml2,k_scheduler,libxml2_xml_read_memory_fuzzer,reached,XML012,20,1718695085.6039495
3364,358,libxml2,k_scheduler,libxml2_xml_read_memory_fuzzer,reached,XML003,20,1718695085.6039495
3365,359,libxml2,k_scheduler,libxml2_xml_read_memory_fuzzer,reached,XML003,20,1718695085.6039495
3366,360,libxml2,k_scheduler,libxml2_xml_read_memory_fuzzer,reached,XML003,20,1718695085.6039495
3367,361,libxml2,k_scheduler,libxml2_xml_read_memory_fuzzer,reached,XML003,20,1718695085.6039495
3368,362,libxml2,k_scheduler,libxml2_xml_read_memory_fuzzer,reached,XML003,20,1718695085.6039495
3369,363,libxml2,k_scheduler,libxml2_xml_read_memory_fuzzer,reached,XML003,20,1718695085.6039495
3370,364,libxml2,k_scheduler,libxml2_xml_read_memory_fuzzer,reached,XML003,20,1718695085.6039495
3371,365,libxml2,k_scheduler,libxml2_xml_read_memory_fuzzer,reached,XML003,20,1718695085.6039495
3372,366,libxml2,k_scheduler,libxml2_xml_read_memory_fuzzer,reached,XML003,20,1718695085.6039495
3373,367,libxml2,k_scheduler,libxml2_xml_read_memory_fuzzer,reached,XML003,20,1718695085.6039495
3374,368,libxml2,k_scheduler,libxml2_xml_read_memory_fuzzer,reached,XML003,20,1718695085.6039495
3375,369,libxml2,k_scheduler,libxml2_xml_read_memory_fuzzer,reached,XML003,20,1718695085.6039495
3376,370,libxml2,k_scheduler,libxml2_xml_read_memory_fuzzer,reached,XML003,20,1718695085.6039495
3377,371,libxml2,k_scheduler,libxml2_xml_read_memory_fuzzer,reached,XML003,20,1718695085.6039495
3378,372,libxml2,k_scheduler,libxml2_xml_read_memory_fuzzer,reached,XML003,20,1718695085.6039495
3379,373,libxml2,k_scheduler,libxml2_xml_read_memory_fuzzer,reached,XML003,20,1718695085.6039495
3380,374,libxml2,k_scheduler,libxml2_xml_read_memory_fuzzer,reached,XML003,20,1718695085.6039495
3381,375,libxml2,k_scheduler,libxml2_xml_read_memory_fuzzer,reached,XML003,20,1718695085.6039495
3382,376,libxml2,k_scheduler,libxml2_xml_read_memory_fuzzer,reached,XML003,20,1718695085.6039495
3383,377,libxml2,k_scheduler,libxml2_xml_read_memory_fuzzer,reached,XML003,20,1718695085.6039495
3384,358,libxml2,k_scheduler,libxml2_xml_read_memory_fuzzer,reached,XML011,20,1718695085.6039495
3385,359,libxml2,k_scheduler,libxml2_xml_read_memory_fuzzer,reached,XML011,20,1718695085.6039495
3386,360,libxml2,k_scheduler,libxml2_xml_read_memory_fuzzer,reached,XML011,20,1718695085.6039495
3387,361,libxml2,k_scheduler,libxml2_xml_read_memory_fuzzer,reached,XML011,20,1718695085.6039495
3388,362,libxml2,k_scheduler,libxml2_xml_read_memory_fuzzer,reached,XML011,20,1718695085.6039495
3389,363,libxml2,k_scheduler,libxml2_xml_read_memory_fuzzer,reached,XML011,20,1718695085.6039495
3390,364,libxml2,k_scheduler,libxml2_xml_read_memory_fuzzer,reached,XML011,20,1718695085.6039495
3391,365,libxml2,k_scheduler,libxml2_xml_read_memory_fuzzer,reached,XML011,20,1718695085.6039495
3392,366,libxml2,k_scheduler,libxml2_xml_read_memory_fuzzer,reached,XML011,20,1718695085.6039495
3393,367,libxml2,k_scheduler,libxml2_xml_read_memory_fuzzer,reached,XML011,20,1718695085.6039495
3394,368,libxml2,k_scheduler,libxml2_xml_read_memory_fuzzer,reached,XML011,20,1718695085.6039495
3395,369,libxml2,k_scheduler,libxml2_xml_read_memory_fuzzer,reached,XML011,20,1718695085.6039495
3396,370,libxml2,k_scheduler,libxml2_xml_read_memory_fuzzer,reached,XML011,20,1718695085.6039495
3397,371,libxml2,k_scheduler,libxml2_xml_read_memory_fuzzer,reached,XML011,20,1718695085.6039495
3398,372,libxml2,k_scheduler,libxml2_xml_read_memory_fuzzer,reached,XML011,20,1718695085.6039495
3399,373,libxml2,k_scheduler,libxml2_xml_read_memory_fuzzer,reached,XML011,20,1718695085.6039495
3400,374,libxml2,k_scheduler,libxml2_xml_read_memory_fuzzer,reached,XML011,20,1718695085.6039495
3401,375,libxml2,k_scheduler,libxml2_xml_read_memory_fuzzer,reached,XML011,20,1718695085.6039495
3402,376,libxml2,k_scheduler,libxml2_xml_read_memory_fuzzer,reached,XML011,20,1718695085.6039495
3403,377,libxml2,k_scheduler,libxml2_xml_read_memory_fuzzer,reached,XML011,20,1718695085.6039495
3404,358,libxml2,k_scheduler,libxml2_xml_read_memory_fuzzer,reached,XML017,15,1718695085.6039495
3405,359,libxml2,k_scheduler,libxml2_xml_read_memory_fuzzer,reached,XML017,15,1718695085.6039495
3406,360,libxml2,k_scheduler,libxml2_xml_read_memory_fuzzer,reached,XML017,15,1718695085.6039495
3407,361,libxml2,k_scheduler,libxml2_xml_read_memory_fuzzer,reached,XML017,15,1718695085.6039495
3408,362,libxml2,k_scheduler,libxml2_xml_read_memory_fuzzer,reached,XML017,15,1718695085.6039495
3409,363,libxml2,k_scheduler,libxml2_xml_read_memory_fuzzer,reached,XML017,15,1718695085.6039495
3410,364,libxml2,k_scheduler,libxml2_xml_read_memory_fuzzer,reached,XML017,15,1718695085.6039495
3411,365,libxml2,k_scheduler,libxml2_xml_read_memory_fuzzer,reached,XML017,15,1718695085.6039495
3412,366,libxml2,k_scheduler,libxml2_xml_read_memory_fuzzer,reached,XML017,15,1718695085.6039495
3413,367,libxml2,k_scheduler,libxml2_xml_read_memory_fuzzer,reached,XML017,15,1718695085.6039495
3414,368,libxml2,k_scheduler,libxml2_xml_read_memory_fuzzer,reached,XML017,15,1718695085.6039495
3415,369,libxml2,k_scheduler,libxml2_xml_read_memory_fuzzer,reached,XML017,15,1718695085.6039495
3416,370,libxml2,k_scheduler,libxml2_xml_read_memory_fuzzer,reached,XML017,15,1718695085.6039495
3417,371,libxml2,k_scheduler,libxml2_xml_read_memory_fuzzer,reached,XML017,15,1718695085.6039495
3418,372,libxml2,k_scheduler,libxml2_xml_read_memory_fuzzer,reached,XML017,15,1718695085.6039495
3419,373,libxml2,k_scheduler,libxml2_xml_read_memory_fuzzer,reached,XML017,15,1718695085.6039495
3420,374,libxml2,k_scheduler,libxml2_xml_read_memory_fuzzer,reached,XML017,15,1718695085.6039495
3421,375,libxml2,k_scheduler,libxml2_xml_read_memory_fuzzer,reached,XML017,15,1718695085.6039495
3422,376,libxml2,k_scheduler,libxml2_xml_read_memory_fuzzer,reached,XML017,15,1718695085.6039495
3423,377,libxml2,k_scheduler,libxml2_xml_read_memory_fuzzer,reached,XML017,15,1718695085.6039495
3424,358,libxml2,k_scheduler,libxml2_xml_read_memory_fuzzer,triggered,XML017,30,1718695085.6039495
3425,359,libxml2,k_scheduler,libxml2_xml_read_memory_fuzzer,triggered,XML017,30,1718695085.6039495
3426,360,libxml2,k_scheduler,libxml2_xml_read_memory_fuzzer,triggered,XML017,40,1718695085.6039495
3427,361,libxml2,k_scheduler,libxml2_xml_read_memory_fuzzer,triggered,XML017,30,1718695085.6039495
3428,362,libxml2,k_scheduler,libxml2_xml_read_memory_fuzzer,triggered,XML017,30,1718695085.6039495
3429,363,libxml2,k_scheduler,libxml2_xml_read_memory_fuzzer,triggered,XML017,40,1718695085.6039495
3430,364,libxml2,k_scheduler,libxml2_xml_read_memory_fuzzer,triggered,XML017,40,1718695085.6039495
3431,365,libxml2,k_scheduler,libxml2_xml_read_memory_fuzzer,triggered,XML017,30,1718695085.6039495
3432,366,libxml2,k_scheduler,libxml2_xml_read_memory_fuzzer,triggered,XML017,30,1718695085.6039495
3433,367,libxml2,k_scheduler,libxml2_xml_read_memory_fuzzer,triggered,XML017,30,1718695085.6039495
3434,368,libxml2,k_scheduler,libxml2_xml_read_memory_fuzzer,triggered,XML017,35,1718695085.6039495
3435,369,libxml2,k_scheduler,libxml2_xml_read_memory_fuzzer,triggered,XML017,35,1718695085.6039495
3436,370,libxml2,k_scheduler,libxml2_xml_read_memory_fuzzer,triggered,XML017,50,1718695085.6039495
3437,371,libxml2,k_scheduler,libxml2_xml_read_memory_fuzzer,triggered,XML017,30,1718695085.6039495
3438,372,libxml2,k_scheduler,libxml2_xml_read_memory_fuzzer,triggered,XML017,30,1718695085.6039495
3439,373,libxml2,k_scheduler,libxml2_xml_read_memory_fuzzer,triggered,XML017,40,1718695085.6039495
3440,374,libxml2,k_scheduler,libxml2_xml_read_memory_fuzzer,triggered,XML017,25,1718695085.6039495
3441,375,libxml2,k_scheduler,libxml2_xml_read_memory_fuzzer,triggered,XML017,35,1718695085.6039495
3442,376,libxml2,k_scheduler,libxml2_xml_read_memory_fuzzer,triggered,XML017,40,1718695085.6039495
3443,377,libxml2,k_scheduler,libxml2_xml_read_memory_fuzzer,triggered,XML017,30,1718695085.6039495
3444,378,lua,k_scheduler,lua,reached,LUA004,26785,1718695085.6039495
3445,379,lua,k_scheduler,lua,reached,LUA004,260,1718695085.6039495
3446,380,lua,k_scheduler,lua,reached,LUA004,255,1718695085.6039495
3447,381,lua,k_scheduler,lua,reached,LUA004,260,1718695085.6039495
3448,382,lua,k_scheduler,lua,reached,LUA004,8655,1718695085.6039495
3449,383,lua,k_scheduler,lua,reached,LUA004,26390,1718695085.6039495
3450,384,lua,k_scheduler,lua,reached,LUA004,9230,1718695085.6039495
3451,385,lua,k_scheduler,lua,reached,LUA004,8565,1718695085.6039495
3452,386,lua,k_scheduler,lua,reached,LUA004,260,1718695085.6039495
3453,387,lua,k_scheduler,lua,reached,LUA004,8720,1718695085.6039495
3454,388,lua,k_scheduler,lua,reached,LUA004,27535,1718695085.6039495
3455,389,lua,k_scheduler,lua,reached,LUA004,265,1718695085.6039495
3456,390,lua,k_scheduler,lua,reached,LUA004,8555,1718695085.6039495
3457,391,lua,k_scheduler,lua,reached,LUA004,270,1718695085.6039495
3458,392,lua,k_scheduler,lua,reached,LUA004,8770,1718695085.6039495
3459,393,lua,k_scheduler,lua,reached,LUA004,31180,1718695085.6039495
3460,394,lua,k_scheduler,lua,reached,LUA004,28110,1718695085.6039495
3461,395,lua,k_scheduler,lua,reached,LUA004,310,1718695085.6039495
3462,396,lua,k_scheduler,lua,reached,LUA004,26530,1718695085.6039495
3463,397,lua,k_scheduler,lua,reached,LUA004,27500,1718695085.6039495
3464,378,lua,k_scheduler,lua,triggered,LUA004,26785,1718695085.6039495
3465,379,lua,k_scheduler,lua,triggered,LUA004,260,1718695085.6039495
3466,380,lua,k_scheduler,lua,triggered,LUA004,255,1718695085.6039495
3467,381,lua,k_scheduler,lua,triggered,LUA004,260,1718695085.6039495
3468,382,lua,k_scheduler,lua,triggered,LUA004,8655,1718695085.6039495
3469,383,lua,k_scheduler,lua,triggered,LUA004,26390,1718695085.6039495
3470,384,lua,k_scheduler,lua,triggered,LUA004,9230,1718695085.6039495
3471,385,lua,k_scheduler,lua,triggered,LUA004,8565,1718695085.6039495
3472,386,lua,k_scheduler,lua,triggered,LUA004,260,1718695085.6039495
3473,387,lua,k_scheduler,lua,triggered,LUA004,8720,1718695085.6039495
3474,388,lua,k_scheduler,lua,triggered,LUA004,27535,1718695085.6039495
3475,389,lua,k_scheduler,lua,triggered,LUA004,265,1718695085.6039495
3476,390,lua,k_scheduler,lua,triggered,LUA004,8555,1718695085.6039495
3477,391,lua,k_scheduler,lua,triggered,LUA004,270,1718695085.6039495
3478,392,lua,k_scheduler,lua,triggered,LUA004,8770,1718695085.6039495
3479,393,lua,k_scheduler,lua,triggered,LUA004,31180,1718695085.6039495
3480,394,lua,k_scheduler,lua,triggered,LUA004,28110,1718695085.6039495
3481,395,lua,k_scheduler,lua,triggered,LUA004,310,1718695085.6039495
3482,396,lua,k_scheduler,lua,triggered,LUA004,26530,1718695085.6039495
3483,397,lua,k_scheduler,lua,triggered,LUA004,27500,1718695085.6039495
3484,398,libsndfile,k_scheduler,sndfile_fuzzer,reached,SND017,3310,1718695085.6039495
3485,399,libsndfile,k_scheduler,sndfile_fuzzer,reached,SND017,2195,1718695085.6039495
3486,400,libsndfile,k_scheduler,sndfile_fuzzer,reached,SND017,3700,1718695085.6039495
3487,401,libsndfile,k_scheduler,sndfile_fuzzer,reached,SND017,3350,1718695085.6039495
3488,402,libsndfile,k_scheduler,sndfile_fuzzer,reached,SND017,2380,1718695085.6039495
3489,403,libsndfile,k_scheduler,sndfile_fuzzer,reached,SND017,3660,1718695085.6039495
3490,404,libsndfile,k_scheduler,sndfile_fuzzer,reached,SND017,3590,1718695085.6039495
3491,405,libsndfile,k_scheduler,sndfile_fuzzer,reached,SND017,2780,1718695085.6039495
3492,406,libsndfile,k_scheduler,sndfile_fuzzer,reached,SND017,3375,1718695085.6039495
3493,407,libsndfile,k_scheduler,sndfile_fuzzer,reached,SND017,3060,1718695085.6039495
3494,408,libsndfile,k_scheduler,sndfile_fuzzer,reached,SND017,3350,1718695085.6039495
3495,409,libsndfile,k_scheduler,sndfile_fuzzer,reached,SND017,3695,1718695085.6039495
3496,410,libsndfile,k_scheduler,sndfile_fuzzer,reached,SND017,1870,1718695085.6039495
3497,411,libsndfile,k_scheduler,sndfile_fuzzer,reached,SND017,3685,1718695085.6039495
3498,412,libsndfile,k_scheduler,sndfile_fuzzer,reached,SND017,3645,1718695085.6039495
3499,413,libsndfile,k_scheduler,sndfile_fuzzer,reached,SND017,3570,1718695085.6039495
3500,414,libsndfile,k_scheduler,sndfile_fuzzer,reached,SND017,2215,1718695085.6039495
3501,415,libsndfile,k_scheduler,sndfile_fuzzer,reached,SND017,3035,1718695085.6039495
3502,416,libsndfile,k_scheduler,sndfile_fuzzer,reached,SND017,3635,1718695085.6039495
3503,417,libsndfile,k_scheduler,sndfile_fuzzer,reached,SND017,3605,1718695085.6039495
3504,398,libsndfile,k_scheduler,sndfile_fuzzer,triggered,SND017,3530,1718695085.6039495
3505,399,libsndfile,k_scheduler,sndfile_fuzzer,triggered,SND017,2200,1718695085.6039495
3506,400,libsndfile,k_scheduler,sndfile_fuzzer,triggered,SND017,3945,1718695085.6039495
3507,401,libsndfile,k_scheduler,sndfile_fuzzer,triggered,SND017,3575,1718695085.6039495
3508,402,libsndfile,k_scheduler,sndfile_fuzzer,triggered,SND017,2385,1718695085.6039495
3509,403,libsndfile,k_scheduler,sndfile_fuzzer,triggered,SND017,3900,1718695085.6039495
3510,404,libsndfile,k_scheduler,sndfile_fuzzer,triggered,SND017,3830,1718695085.6039495
3511,405,libsndfile,k_scheduler,sndfile_fuzzer,triggered,SND017,2785,1718695085.6039495
3512,406,libsndfile,k_scheduler,sndfile_fuzzer,triggered,SND017,3380,1718695085.6039495
3513,407,libsndfile,k_scheduler,sndfile_fuzzer,triggered,SND017,3065,1718695085.6039495
3514,408,libsndfile,k_scheduler,sndfile_fuzzer,triggered,SND017,3575,1718695085.6039495
3515,409,libsndfile,k_scheduler,sndfile_fuzzer,triggered,SND017,3700,1718695085.6039495
3516,410,libsndfile,k_scheduler,sndfile_fuzzer,triggered,SND017,1875,1718695085.6039495
3517,411,libsndfile,k_scheduler,sndfile_fuzzer,triggered,SND017,3690,1718695085.6039495
3518,412,libsndfile,k_scheduler,sndfile_fuzzer,triggered,SND017,3650,1718695085.6039495
3519,413,libsndfile,k_scheduler,sndfile_fuzzer,triggered,SND017,3810,1718695085.6039495
3520,414,libsndfile,k_scheduler,sndfile_fuzzer,triggered,SND017,2220,1718695085.6039495
3521,415,libsndfile,k_scheduler,sndfile_fuzzer,triggered,SND017,3255,1718695085.6039495
3522,416,libsndfile,k_scheduler,sndfile_fuzzer,triggered,SND017,3880,1718695085.6039495
3523,417,libsndfile,k_scheduler,sndfile_fuzzer,triggered,SND017,3610,1718695085.6039495
3524,398,libsndfile,k_scheduler,sndfile_fuzzer,reached,SND005,15,1718695085.6039495
3525,399,libsndfile,k_scheduler,sndfile_fuzzer,reached,SND005,15,1718695085.6039495
3526,400,libsndfile,k_scheduler,sndfile_fuzzer,reached,SND005,15,1718695085.6039495
3527,401,libsndfile,k_scheduler,sndfile_fuzzer,reached,SND005,15,1718695085.6039495
3528,402,libsndfile,k_scheduler,sndfile_fuzzer,reached,SND005,15,1718695085.6039495
3529,403,libsndfile,k_scheduler,sndfile_fuzzer,reached,SND005,15,1718695085.6039495
3530,404,libsndfile,k_scheduler,sndfile_fuzzer,reached,SND005,15,1718695085.6039495
3531,405,libsndfile,k_scheduler,sndfile_fuzzer,reached,SND005,15,1718695085.6039495
3532,406,libsndfile,k_scheduler,sndfile_fuzzer,reached,SND005,15,1718695085.6039495
3533,407,libsndfile,k_scheduler,sndfile_fuzzer,reached,SND005,15,1718695085.6039495
3534,408,libsndfile,k_scheduler,sndfile_fuzzer,reached,SND005,15,1718695085.6039495
3535,409,libsndfile,k_scheduler,sndfile_fuzzer,reached,SND005,15,1718695085.6039495
3536,410,libsndfile,k_scheduler,sndfile_fuzzer,reached,SND005,15,1718695085.6039495
3537,411,libsndfile,k_scheduler,sndfile_fuzzer,reached,SND005,15,1718695085.6039495
3538,412,libsndfile,k_scheduler,sndfile_fuzzer,reached,SND005,15,1718695085.6039495
3539,413,libsndfile,k_scheduler,sndfile_fuzzer,reached,SND005,15,1718695085.6039495
3540,414,libsndfile,k_scheduler,sndfile_fuzzer,reached,SND005,15,1718695085.6039495
3541,415,libsndfile,k_scheduler,sndfile_fuzzer,reached,SND005,15,1718695085.6039495
3542,416,libsndfile,k_scheduler,sndfile_fuzzer,reached,SND005,15,1718695085.6039495
3543,417,libsndfile,k_scheduler,sndfile_fuzzer,reached,SND005,15,1718695085.6039495
3544,399,libsndfile,k_scheduler,sndfile_fuzzer,triggered,SND005,74120,1718695085.6039495
3545,402,libsndfile,k_scheduler,sndfile_fuzzer,triggered,SND005,84665,1718695085.6039495
3546,403,libsndfile,k_scheduler,sndfile_fuzzer,triggered,SND005,85895,1718695085.6039495
3547,407,libsndfile,k_scheduler,sndfile_fuzzer,triggered,SND005,84785,1718695085.6039495
3548,413,libsndfile,k_scheduler,sndfile_fuzzer,triggered,SND005,85300,1718695085.6039495
3549,414,libsndfile,k_scheduler,sndfile_fuzzer,triggered,SND005,73845,1718695085.6039495
3550,415,libsndfile,k_scheduler,sndfile_fuzzer,triggered,SND005,84650,1718695085.6039495
3551,398,libsndfile,k_scheduler,sndfile_fuzzer,reached,SND007,3310,1718695085.6039495
3552,399,libsndfile,k_scheduler,sndfile_fuzzer,reached,SND007,2195,1718695085.6039495
3553,400,libsndfile,k_scheduler,sndfile_fuzzer,reached,SND007,3700,1718695085.6039495
3554,401,libsndfile,k_scheduler,sndfile_fuzzer,reached,SND007,3350,1718695085.6039495
3555,402,libsndfile,k_scheduler,sndfile_fuzzer,reached,SND007,2380,1718695085.6039495
3556,403,libsndfile,k_scheduler,sndfile_fuzzer,reached,SND007,3660,1718695085.6039495
3557,404,libsndfile,k_scheduler,sndfile_fuzzer,reached,SND007,3590,1718695085.6039495
3558,405,libsndfile,k_scheduler,sndfile_fuzzer,reached,SND007,2780,1718695085.6039495
3559,406,libsndfile,k_scheduler,sndfile_fuzzer,reached,SND007,3375,1718695085.6039495
3560,407,libsndfile,k_scheduler,sndfile_fuzzer,reached,SND007,3060,1718695085.6039495
3561,408,libsndfile,k_scheduler,sndfile_fuzzer,reached,SND007,3350,1718695085.6039495
3562,409,libsndfile,k_scheduler,sndfile_fuzzer,reached,SND007,3695,1718695085.6039495
3563,410,libsndfile,k_scheduler,sndfile_fuzzer,reached,SND007,1870,1718695085.6039495
3564,411,libsndfile,k_scheduler,sndfile_fuzzer,reached,SND007,3685,1718695085.6039495
3565,412,libsndfile,k_scheduler,sndfile_fuzzer,reached,SND007,3645,1718695085.6039495
3566,413,libsndfile,k_scheduler,sndfile_fuzzer,reached,SND007,3570,1718695085.6039495
3567,414,libsndfile,k_scheduler,sndfile_fuzzer,reached,SND007,2215,1718695085.6039495
3568,415,libsndfile,k_scheduler,sndfile_fuzzer,reached,SND007,3035,1718695085.6039495
3569,416,libsndfile,k_scheduler,sndfile_fuzzer,reached,SND007,3635,1718695085.6039495
3570,417,libsndfile,k_scheduler,sndfile_fuzzer,reached,SND007,3605,1718695085.6039495
3571,405,libsndfile,k_scheduler,sndfile_fuzzer,triggered,SND007,85440,1718695085.6039495
3572,414,libsndfile,k_scheduler,sndfile_fuzzer,triggered,SND007,75710,1718695085.6039495
3573,398,libsndfile,k_scheduler,sndfile_fuzzer,reached,SND016,3310,1718695085.6039495
3574,399,libsndfile,k_scheduler,sndfile_fuzzer,reached,SND016,2195,1718695085.6039495
3575,400,libsndfile,k_scheduler,sndfile_fuzzer,reached,SND016,3700,1718695085.6039495
3576,401,libsndfile,k_scheduler,sndfile_fuzzer,reached,SND016,3350,1718695085.6039495
3577,402,libsndfile,k_scheduler,sndfile_fuzzer,reached,SND016,2380,1718695085.6039495
3578,403,libsndfile,k_scheduler,sndfile_fuzzer,reached,SND016,3660,1718695085.6039495
3579,404,libsndfile,k_scheduler,sndfile_fuzzer,reached,SND016,3590,1718695085.6039495
3580,405,libsndfile,k_scheduler,sndfile_fuzzer,reached,SND016,2780,1718695085.6039495
3581,406,libsndfile,k_scheduler,sndfile_fuzzer,reached,SND016,3375,1718695085.6039495
3582,407,libsndfile,k_scheduler,sndfile_fuzzer,reached,SND016,3060,1718695085.6039495
3583,408,libsndfile,k_scheduler,sndfile_fuzzer,reached,SND016,3350,1718695085.6039495
3584,409,libsndfile,k_scheduler,sndfile_fuzzer,reached,SND016,3695,1718695085.6039495
3585,410,libsndfile,k_scheduler,sndfile_fuzzer,reached,SND016,1870,1718695085.6039495
3586,411,libsndfile,k_scheduler,sndfile_fuzzer,reached,SND016,3685,1718695085.6039495
3587,412,libsndfile,k_scheduler,sndfile_fuzzer,reached,SND016,3645,1718695085.6039495
3588,413,libsndfile,k_scheduler,sndfile_fuzzer,reached,SND016,3570,1718695085.6039495
3589,414,libsndfile,k_scheduler,sndfile_fuzzer,reached,SND016,2215,1718695085.6039495
3590,415,libsndfile,k_scheduler,sndfile_fuzzer,reached,SND016,3035,1718695085.6039495
3591,416,libsndfile,k_scheduler,sndfile_fuzzer,reached,SND016,3635,1718695085.6039495
3592,417,libsndfile,k_scheduler,sndfile_fuzzer,reached,SND016,3605,1718695085.6039495
3593,398,libsndfile,k_scheduler,sndfile_fuzzer,reached,SND001,3310,1718695085.6039495
3594,399,libsndfile,k_scheduler,sndfile_fuzzer,reached,SND001,2195,1718695085.6039495
3595,400,libsndfile,k_scheduler,sndfile_fuzzer,reached,SND001,3700,1718695085.6039495
3596,401,libsndfile,k_scheduler,sndfile_fuzzer,reached,SND001,3350,1718695085.6039495
3597,402,libsndfile,k_scheduler,sndfile_fuzzer,reached,SND001,2380,1718695085.6039495
3598,403,libsndfile,k_scheduler,sndfile_fuzzer,reached,SND001,3660,1718695085.6039495
3599,404,libsndfile,k_scheduler,sndfile_fuzzer,reached,SND001,3590,1718695085.6039495
3600,405,libsndfile,k_scheduler,sndfile_fuzzer,reached,SND001,2780,1718695085.6039495
3601,406,libsndfile,k_scheduler,sndfile_fuzzer,reached,SND001,3375,1718695085.6039495
3602,407,libsndfile,k_scheduler,sndfile_fuzzer,reached,SND001,3060,1718695085.6039495
3603,408,libsndfile,k_scheduler,sndfile_fuzzer,reached,SND001,3350,1718695085.6039495
3604,409,libsndfile,k_scheduler,sndfile_fuzzer,reached,SND001,3695,1718695085.6039495
3605,410,libsndfile,k_scheduler,sndfile_fuzzer,reached,SND001,1870,1718695085.6039495
3606,411,libsndfile,k_scheduler,sndfile_fuzzer,reached,SND001,3685,1718695085.6039495
3607,412,libsndfile,k_scheduler,sndfile_fuzzer,reached,SND001,3645,1718695085.6039495
3608,413,libsndfile,k_scheduler,sndfile_fuzzer,reached,SND001,3570,1718695085.6039495
3609,414,libsndfile,k_scheduler,sndfile_fuzzer,reached,SND001,2215,1718695085.6039495
3610,415,libsndfile,k_scheduler,sndfile_fuzzer,reached,SND001,3035,1718695085.6039495
3611,416,libsndfile,k_scheduler,sndfile_fuzzer,reached,SND001,3635,1718695085.6039495
3612,417,libsndfile,k_scheduler,sndfile_fuzzer,reached,SND001,3605,1718695085.6039495
3613,398,libsndfile,k_scheduler,sndfile_fuzzer,triggered,SND001,40120,1718695085.6039495
3614,399,libsndfile,k_scheduler,sndfile_fuzzer,triggered,SND001,39350,1718695085.6039495
3615,400,libsndfile,k_scheduler,sndfile_fuzzer,triggered,SND001,46540,1718695085.6039495
3616,401,libsndfile,k_scheduler,sndfile_fuzzer,triggered,SND001,40210,1718695085.6039495
3617,402,libsndfile,k_scheduler,sndfile_fuzzer,triggered,SND001,45165,1718695085.6039495
3618,403,libsndfile,k_scheduler,sndfile_fuzzer,triggered,SND001,46100,1718695085.6039495
3619,404,libsndfile,k_scheduler,sndfile_fuzzer,triggered,SND001,45945,1718695085.6039495
3620,405,libsndfile,k_scheduler,sndfile_fuzzer,triggered,SND001,37870,1718695085.6039495
3621,406,libsndfile,k_scheduler,sndfile_fuzzer,triggered,SND001,40725,1718695085.6039495
3622,407,libsndfile,k_scheduler,sndfile_fuzzer,triggered,SND001,40825,1718695085.6039495
3623,408,libsndfile,k_scheduler,sndfile_fuzzer,triggered,SND001,39935,1718695085.6039495
3624,409,libsndfile,k_scheduler,sndfile_fuzzer,triggered,SND001,45610,1718695085.6039495
3625,410,libsndfile,k_scheduler,sndfile_fuzzer,triggered,SND001,36585,1718695085.6039495
3626,411,libsndfile,k_scheduler,sndfile_fuzzer,triggered,SND001,43795,1718695085.6039495
3627,412,libsndfile,k_scheduler,sndfile_fuzzer,triggered,SND001,45840,1718695085.6039495
3628,413,libsndfile,k_scheduler,sndfile_fuzzer,triggered,SND001,45490,1718695085.6039495
3629,414,libsndfile,k_scheduler,sndfile_fuzzer,triggered,SND001,38770,1718695085.6039495
3630,415,libsndfile,k_scheduler,sndfile_fuzzer,triggered,SND001,40715,1718695085.6039495
3631,417,libsndfile,k_scheduler,sndfile_fuzzer,triggered,SND001,46985,1718695085.6039495
3632,398,libsndfile,k_scheduler,sndfile_fuzzer,reached,SND024,3310,1718695085.6039495
3633,399,libsndfile,k_scheduler,sndfile_fuzzer,reached,SND024,2195,1718695085.6039495
3634,400,libsndfile,k_scheduler,sndfile_fuzzer,reached,SND024,3700,1718695085.6039495
3635,401,libsndfile,k_scheduler,sndfile_fuzzer,reached,SND024,3350,1718695085.6039495
3636,402,libsndfile,k_scheduler,sndfile_fuzzer,reached,SND024,2380,1718695085.6039495
3637,403,libsndfile,k_scheduler,sndfile_fuzzer,reached,SND024,3660,1718695085.6039495
3638,404,libsndfile,k_scheduler,sndfile_fuzzer,reached,SND024,3590,1718695085.6039495
3639,405,libsndfile,k_scheduler,sndfile_fuzzer,reached,SND024,2780,1718695085.6039495
3640,406,libsndfile,k_scheduler,sndfile_fuzzer,reached,SND024,3375,1718695085.6039495
3641,407,libsndfile,k_scheduler,sndfile_fuzzer,reached,SND024,3060,1718695085.6039495
3642,408,libsndfile,k_scheduler,sndfile_fuzzer,reached,SND024,3350,1718695085.6039495
3643,409,libsndfile,k_scheduler,sndfile_fuzzer,reached,SND024,3695,1718695085.6039495
3644,410,libsndfile,k_scheduler,sndfile_fuzzer,reached,SND024,1870,1718695085.6039495
3645,411,libsndfile,k_scheduler,sndfile_fuzzer,reached,SND024,3685,1718695085.6039495
3646,412,libsndfile,k_scheduler,sndfile_fuzzer,reached,SND024,3645,1718695085.6039495
3647,413,libsndfile,k_scheduler,sndfile_fuzzer,reached,SND024,3570,1718695085.6039495
3648,414,libsndfile,k_scheduler,sndfile_fuzzer,reached,SND024,2215,1718695085.6039495
3649,415,libsndfile,k_scheduler,sndfile_fuzzer,reached,SND024,3035,1718695085.6039495
3650,416,libsndfile,k_scheduler,sndfile_fuzzer,reached,SND024,3635,1718695085.6039495
3651,417,libsndfile,k_scheduler,sndfile_fuzzer,reached,SND024,3605,1718695085.6039495
3652,404,libsndfile,k_scheduler,sndfile_fuzzer,triggered,SND024,45940,1718695085.6039495
3653,405,libsndfile,k_scheduler,sndfile_fuzzer,triggered,SND024,84395,1718695085.6039495
3654,407,libsndfile,k_scheduler,sndfile_fuzzer,triggered,SND024,85350,1718695085.6039495
3655,413,libsndfile,k_scheduler,sndfile_fuzzer,triggered,SND024,85900,1718695085.6039495
3656,414,libsndfile,k_scheduler,sndfile_fuzzer,triggered,SND024,74470,1718695085.6039495
3657,415,libsndfile,k_scheduler,sndfile_fuzzer,triggered,SND024,86000,1718695085.6039495
3658,398,libsndfile,k_scheduler,sndfile_fuzzer,reached,SND020,5880,1718695085.6039495
3659,399,libsndfile,k_scheduler,sndfile_fuzzer,reached,SND020,5210,1718695085.6039495
3660,400,libsndfile,k_scheduler,sndfile_fuzzer,reached,SND020,7030,1718695085.6039495
3661,401,libsndfile,k_scheduler,sndfile_fuzzer,reached,SND020,5980,1718695085.6039495
3662,402,libsndfile,k_scheduler,sndfile_fuzzer,reached,SND020,5115,1718695085.6039495
3663,403,libsndfile,k_scheduler,sndfile_fuzzer,reached,SND020,6470,1718695085.6039495
3664,404,libsndfile,k_scheduler,sndfile_fuzzer,reached,SND020,6385,1718695085.6039495
3665,405,libsndfile,k_scheduler,sndfile_fuzzer,reached,SND020,5930,1718695085.6039495
3666,406,libsndfile,k_scheduler,sndfile_fuzzer,reached,SND020,6440,1718695085.6039495
3667,407,libsndfile,k_scheduler,sndfile_fuzzer,reached,SND020,6205,1718695085.6039495
3668,408,libsndfile,k_scheduler,sndfile_fuzzer,reached,SND020,5710,1718695085.6039495
3669,409,libsndfile,k_scheduler,sndfile_fuzzer,reached,SND020,5960,1718695085.6039495
3670,410,libsndfile,k_scheduler,sndfile_fuzzer,reached,SND020,4630,1718695085.6039495
3671,411,libsndfile,k_scheduler,sndfile_fuzzer,reached,SND020,6415,1718695085.6039495
3672,412,libsndfile,k_scheduler,sndfile_fuzzer,reached,SND020,6425,1718695085.6039495
3673,413,libsndfile,k_scheduler,sndfile_fuzzer,reached,SND020,5865,1718695085.6039495
3674,414,libsndfile,k_scheduler,sndfile_fuzzer,reached,SND020,4365,1718695085.6039495
3675,415,libsndfile,k_scheduler,sndfile_fuzzer,reached,SND020,6095,1718695085.6039495
3676,416,libsndfile,k_scheduler,sndfile_fuzzer,reached,SND020,6740,1718695085.6039495
3677,417,libsndfile,k_scheduler,sndfile_fuzzer,reached,SND020,7130,1718695085.6039495
3678,398,libsndfile,k_scheduler,sndfile_fuzzer,reached,SND006,3310,1718695085.6039495
3679,399,libsndfile,k_scheduler,sndfile_fuzzer,reached,SND006,2195,1718695085.6039495
3680,400,libsndfile,k_scheduler,sndfile_fuzzer,reached,SND006,3700,1718695085.6039495
3681,401,libsndfile,k_scheduler,sndfile_fuzzer,reached,SND006,3350,1718695085.6039495
3682,402,libsndfile,k_scheduler,sndfile_fuzzer,reached,SND006,2380,1718695085.6039495
3683,403,libsndfile,k_scheduler,sndfile_fuzzer,reached,SND006,3660,1718695085.6039495
3684,404,libsndfile,k_scheduler,sndfile_fuzzer,reached,SND006,3590,1718695085.6039495
3685,405,libsndfile,k_scheduler,sndfile_fuzzer,reached,SND006,2780,1718695085.6039495
3686,406,libsndfile,k_scheduler,sndfile_fuzzer,reached,SND006,3375,1718695085.6039495
3687,407,libsndfile,k_scheduler,sndfile_fuzzer,reached,SND006,3060,1718695085.6039495
3688,408,libsndfile,k_scheduler,sndfile_fuzzer,reached,SND006,3350,1718695085.6039495
3689,409,libsndfile,k_scheduler,sndfile_fuzzer,reached,SND006,3695,1718695085.6039495
3690,410,libsndfile,k_scheduler,sndfile_fuzzer,reached,SND006,1870,1718695085.6039495
3691,411,libsndfile,k_scheduler,sndfile_fuzzer,reached,SND006,3685,1718695085.6039495
3692,412,libsndfile,k_scheduler,sndfile_fuzzer,reached,SND006,3645,1718695085.6039495
3693,413,libsndfile,k_scheduler,sndfile_fuzzer,reached,SND006,3570,1718695085.6039495
3694,414,libsndfile,k_scheduler,sndfile_fuzzer,reached,SND006,2215,1718695085.6039495
3695,415,libsndfile,k_scheduler,sndfile_fuzzer,reached,SND006,3035,1718695085.6039495
3696,416,libsndfile,k_scheduler,sndfile_fuzzer,reached,SND006,3635,1718695085.6039495
3697,417,libsndfile,k_scheduler,sndfile_fuzzer,reached,SND006,3605,1718695085.6039495
3698,405,libsndfile,k_scheduler,sndfile_fuzzer,triggered,SND006,84390,1718695085.6039495
3699,407,libsndfile,k_scheduler,sndfile_fuzzer,triggered,SND006,85345,1718695085.6039495
3700,413,libsndfile,k_scheduler,sndfile_fuzzer,triggered,SND006,85895,1718695085.6039495
3701,414,libsndfile,k_scheduler,sndfile_fuzzer,triggered,SND006,74465,1718695085.6039495
3702,415,libsndfile,k_scheduler,sndfile_fuzzer,triggered,SND006,85990,1718695085.6039495
3703,418,libpng,k_scheduler,libpng_read_fuzzer,reached,PNG005,20,1718695085.6039495
3704,419,libpng,k_scheduler,libpng_read_fuzzer,reached,PNG005,20,1718695085.6039495
3705,420,libpng,k_scheduler,libpng_read_fuzzer,reached,PNG005,20,1718695085.6039495
3706,421,libpng,k_scheduler,libpng_read_fuzzer,reached,PNG005,20,1718695085.6039495
3707,422,libpng,k_scheduler,libpng_read_fuzzer,reached,PNG005,20,1718695085.6039495
3708,423,libpng,k_scheduler,libpng_read_fuzzer,reached,PNG005,20,1718695085.6039495
3709,424,libpng,k_scheduler,libpng_read_fuzzer,reached,PNG005,20,1718695085.6039495
3710,425,libpng,k_scheduler,libpng_read_fuzzer,reached,PNG005,20,1718695085.6039495
3711,426,libpng,k_scheduler,libpng_read_fuzzer,reached,PNG005,20,1718695085.6039495
3712,427,libpng,k_scheduler,libpng_read_fuzzer,reached,PNG005,20,1718695085.6039495
3713,428,libpng,k_scheduler,libpng_read_fuzzer,reached,PNG005,20,1718695085.6039495
3714,429,libpng,k_scheduler,libpng_read_fuzzer,reached,PNG005,20,1718695085.6039495
3715,430,libpng,k_scheduler,libpng_read_fuzzer,reached,PNG005,20,1718695085.6039495
3716,431,libpng,k_scheduler,libpng_read_fuzzer,reached,PNG005,20,1718695085.6039495
3717,432,libpng,k_scheduler,libpng_read_fuzzer,reached,PNG005,20,1718695085.6039495
3718,433,libpng,k_scheduler,libpng_read_fuzzer,reached,PNG005,20,1718695085.6039495
3719,434,libpng,k_scheduler,libpng_read_fuzzer,reached,PNG005,20,1718695085.6039495
3720,435,libpng,k_scheduler,libpng_read_fuzzer,reached,PNG005,20,1718695085.6039495
3721,436,libpng,k_scheduler,libpng_read_fuzzer,reached,PNG005,20,1718695085.6039495
3722,437,libpng,k_scheduler,libpng_read_fuzzer,reached,PNG005,20,1718695085.6039495
3723,418,libpng,k_scheduler,libpng_read_fuzzer,reached,PNG003,15,1718695085.6039495
3724,419,libpng,k_scheduler,libpng_read_fuzzer,reached,PNG003,15,1718695085.6039495
3725,420,libpng,k_scheduler,libpng_read_fuzzer,reached,PNG003,15,1718695085.6039495
3726,421,libpng,k_scheduler,libpng_read_fuzzer,reached,PNG003,20,1718695085.6039495
3727,422,libpng,k_scheduler,libpng_read_fuzzer,reached,PNG003,15,1718695085.6039495
3728,423,libpng,k_scheduler,libpng_read_fuzzer,reached,PNG003,15,1718695085.6039495
3729,424,libpng,k_scheduler,libpng_read_fuzzer,reached,PNG003,20,1718695085.6039495
3730,425,libpng,k_scheduler,libpng_read_fuzzer,reached,PNG003,15,1718695085.6039495
3731,426,libpng,k_scheduler,libpng_read_fuzzer,reached,PNG003,15,1718695085.6039495
3732,427,libpng,k_scheduler,libpng_read_fuzzer,reached,PNG003,15,1718695085.6039495
3733,428,libpng,k_scheduler,libpng_read_fuzzer,reached,PNG003,20,1718695085.6039495
3734,429,libpng,k_scheduler,libpng_read_fuzzer,reached,PNG003,15,1718695085.6039495
3735,430,libpng,k_scheduler,libpng_read_fuzzer,reached,PNG003,20,1718695085.6039495
3736,431,libpng,k_scheduler,libpng_read_fuzzer,reached,PNG003,15,1718695085.6039495
3737,432,libpng,k_scheduler,libpng_read_fuzzer,reached,PNG003,15,1718695085.6039495
3738,433,libpng,k_scheduler,libpng_read_fuzzer,reached,PNG003,15,1718695085.6039495
3739,434,libpng,k_scheduler,libpng_read_fuzzer,reached,PNG003,20,1718695085.6039495
3740,435,libpng,k_scheduler,libpng_read_fuzzer,reached,PNG003,20,1718695085.6039495
3741,436,libpng,k_scheduler,libpng_read_fuzzer,reached,PNG003,15,1718695085.6039495
3742,437,libpng,k_scheduler,libpng_read_fuzzer,reached,PNG003,15,1718695085.6039495
3743,418,libpng,k_scheduler,libpng_read_fuzzer,triggered,PNG003,20,1718695085.6039495
3744,419,libpng,k_scheduler,libpng_read_fuzzer,triggered,PNG003,20,1718695085.6039495
3745,420,libpng,k_scheduler,libpng_read_fuzzer,triggered,PNG003,20,1718695085.6039495
3746,421,libpng,k_scheduler,libpng_read_fuzzer,triggered,PNG003,20,1718695085.6039495
3747,422,libpng,k_scheduler,libpng_read_fuzzer,triggered,PNG003,20,1718695085.6039495
3748,423,libpng,k_scheduler,libpng_read_fuzzer,triggered,PNG003,20,1718695085.6039495
3749,424,libpng,k_scheduler,libpng_read_fuzzer,triggered,PNG003,20,1718695085.6039495
3750,425,libpng,k_scheduler,libpng_read_fuzzer,triggered,PNG003,20,1718695085.6039495
3751,426,libpng,k_scheduler,libpng_read_fuzzer,triggered,PNG003,20,1718695085.6039495
3752,427,libpng,k_scheduler,libpng_read_fuzzer,triggered,PNG003,20,1718695085.6039495
3753,428,libpng,k_scheduler,libpng_read_fuzzer,triggered,PNG003,20,1718695085.6039495
3754,429,libpng,k_scheduler,libpng_read_fuzzer,triggered,PNG003,20,1718695085.6039495
3755,430,libpng,k_scheduler,libpng_read_fuzzer,triggered,PNG003,25,1718695085.6039495
3756,431,libpng,k_scheduler,libpng_read_fuzzer,triggered,PNG003,20,1718695085.6039495
3757,432,libpng,k_scheduler,libpng_read_fuzzer,triggered,PNG003,20,1718695085.6039495
3758,433,libpng,k_scheduler,libpng_read_fuzzer,triggered,PNG003,20,1718695085.6039495
3759,434,libpng,k_scheduler,libpng_read_fuzzer,triggered,PNG003,20,1718695085.6039495
3760,435,libpng,k_scheduler,libpng_read_fuzzer,triggered,PNG003,20,1718695085.6039495
3761,436,libpng,k_scheduler,libpng_read_fuzzer,triggered,PNG003,20,1718695085.6039495
3762,437,libpng,k_scheduler,libpng_read_fuzzer,triggered,PNG003,20,1718695085.6039495
3763,418,libpng,k_scheduler,libpng_read_fuzzer,reached,PNG001,20,1718695085.6039495
3764,419,libpng,k_scheduler,libpng_read_fuzzer,reached,PNG001,20,1718695085.6039495
3765,420,libpng,k_scheduler,libpng_read_fuzzer,reached,PNG001,20,1718695085.6039495
3766,421,libpng,k_scheduler,libpng_read_fuzzer,reached,PNG001,20,1718695085.6039495
3767,422,libpng,k_scheduler,libpng_read_fuzzer,reached,PNG001,20,1718695085.6039495
3768,423,libpng,k_scheduler,libpng_read_fuzzer,reached,PNG001,20,1718695085.6039495
3769,424,libpng,k_scheduler,libpng_read_fuzzer,reached,PNG001,20,1718695085.6039495
3770,425,libpng,k_scheduler,libpng_read_fuzzer,reached,PNG001,20,1718695085.6039495
3771,426,libpng,k_scheduler,libpng_read_fuzzer,reached,PNG001,20,1718695085.6039495
3772,427,libpng,k_scheduler,libpng_read_fuzzer,reached,PNG001,20,1718695085.6039495
3773,428,libpng,k_scheduler,libpng_read_fuzzer,reached,PNG001,20,1718695085.6039495
3774,429,libpng,k_scheduler,libpng_read_fuzzer,reached,PNG001,20,1718695085.6039495
3775,430,libpng,k_scheduler,libpng_read_fuzzer,reached,PNG001,20,1718695085.6039495
3776,431,libpng,k_scheduler,libpng_read_fuzzer,reached,PNG001,20,1718695085.6039495
3777,432,libpng,k_scheduler,libpng_read_fuzzer,reached,PNG001,20,1718695085.6039495
3778,433,libpng,k_scheduler,libpng_read_fuzzer,reached,PNG001,20,1718695085.6039495
3779,434,libpng,k_scheduler,libpng_read_fuzzer,reached,PNG001,20,1718695085.6039495
3780,435,libpng,k_scheduler,libpng_read_fuzzer,reached,PNG001,20,1718695085.6039495
3781,436,libpng,k_scheduler,libpng_read_fuzzer,reached,PNG001,20,1718695085.6039495
3782,437,libpng,k_scheduler,libpng_read_fuzzer,reached,PNG001,20,1718695085.6039495
3783,418,libpng,k_scheduler,libpng_read_fuzzer,reached,PNG004,20,1718695085.6039495
3784,419,libpng,k_scheduler,libpng_read_fuzzer,reached,PNG004,20,1718695085.6039495
3785,420,libpng,k_scheduler,libpng_read_fuzzer,reached,PNG004,20,1718695085.6039495
3786,421,libpng,k_scheduler,libpng_read_fuzzer,reached,PNG004,20,1718695085.6039495
3787,422,libpng,k_scheduler,libpng_read_fuzzer,reached,PNG004,20,1718695085.6039495
3788,423,libpng,k_scheduler,libpng_read_fuzzer,reached,PNG004,20,1718695085.6039495
3789,424,libpng,k_scheduler,libpng_read_fuzzer,reached,PNG004,20,1718695085.6039495
3790,425,libpng,k_scheduler,libpng_read_fuzzer,reached,PNG004,20,1718695085.6039495
3791,426,libpng,k_scheduler,libpng_read_fuzzer,reached,PNG004,20,1718695085.6039495
3792,427,libpng,k_scheduler,libpng_read_fuzzer,reached,PNG004,20,1718695085.6039495
3793,428,libpng,k_scheduler,libpng_read_fuzzer,reached,PNG004,20,1718695085.6039495
3794,429,libpng,k_scheduler,libpng_read_fuzzer,reached,PNG004,20,1718695085.6039495
3795,430,libpng,k_scheduler,libpng_read_fuzzer,reached,PNG004,20,1718695085.6039495
3796,431,libpng,k_scheduler,libpng_read_fuzzer,reached,PNG004,20,1718695085.6039495
3797,432,libpng,k_scheduler,libpng_read_fuzzer,reached,PNG004,20,1718695085.6039495
3798,433,libpng,k_scheduler,libpng_read_fuzzer,reached,PNG004,20,1718695085.6039495
3799,434,libpng,k_scheduler,libpng_read_fuzzer,reached,PNG004,20,1718695085.6039495
3800,435,libpng,k_scheduler,libpng_read_fuzzer,reached,PNG004,20,1718695085.6039495
3801,436,libpng,k_scheduler,libpng_read_fuzzer,reached,PNG004,20,1718695085.6039495
3802,437,libpng,k_scheduler,libpng_read_fuzzer,reached,PNG004,20,1718695085.6039495
3803,418,libpng,k_scheduler,libpng_read_fuzzer,reached,PNG006,20,1718695085.6039495
3804,419,libpng,k_scheduler,libpng_read_fuzzer,reached,PNG006,20,1718695085.6039495
3805,420,libpng,k_scheduler,libpng_read_fuzzer,reached,PNG006,20,1718695085.6039495
3806,421,libpng,k_scheduler,libpng_read_fuzzer,reached,PNG006,15,1718695085.6039495
3807,422,libpng,k_scheduler,libpng_read_fuzzer,reached,PNG006,20,1718695085.6039495
3808,423,libpng,k_scheduler,libpng_read_fuzzer,reached,PNG006,20,1718695085.6039495
3809,424,libpng,k_scheduler,libpng_read_fuzzer,reached,PNG006,15,1718695085.6039495
3810,425,libpng,k_scheduler,libpng_read_fuzzer,reached,PNG006,20,1718695085.6039495
3811,426,libpng,k_scheduler,libpng_read_fuzzer,reached,PNG006,20,1718695085.6039495
3812,427,libpng,k_scheduler,libpng_read_fuzzer,reached,PNG006,20,1718695085.6039495
3813,428,libpng,k_scheduler,libpng_read_fuzzer,reached,PNG006,15,1718695085.6039495
3814,429,libpng,k_scheduler,libpng_read_fuzzer,reached,PNG006,20,1718695085.6039495
3815,430,libpng,k_scheduler,libpng_read_fuzzer,reached,PNG006,15,1718695085.6039495
3816,431,libpng,k_scheduler,libpng_read_fuzzer,reached,PNG006,20,1718695085.6039495
3817,432,libpng,k_scheduler,libpng_read_fuzzer,reached,PNG006,20,1718695085.6039495
3818,433,libpng,k_scheduler,libpng_read_fuzzer,reached,PNG006,20,1718695085.6039495
3819,434,libpng,k_scheduler,libpng_read_fuzzer,reached,PNG006,15,1718695085.6039495
3820,435,libpng,k_scheduler,libpng_read_fuzzer,reached,PNG006,15,1718695085.6039495
3821,436,libpng,k_scheduler,libpng_read_fuzzer,reached,PNG006,20,1718695085.6039495
3822,437,libpng,k_scheduler,libpng_read_fuzzer,reached,PNG006,20,1718695085.6039495
3823,418,libpng,k_scheduler,libpng_read_fuzzer,reached,PNG007,20,1718695085.6039495
3824,419,libpng,k_scheduler,libpng_read_fuzzer,reached,PNG007,20,1718695085.6039495
3825,420,libpng,k_scheduler,libpng_read_fuzzer,reached,PNG007,20,1718695085.6039495
3826,421,libpng,k_scheduler,libpng_read_fuzzer,reached,PNG007,20,1718695085.6039495
3827,422,libpng,k_scheduler,libpng_read_fuzzer,reached,PNG007,20,1718695085.6039495
3828,423,libpng,k_scheduler,libpng_read_fuzzer,reached,PNG007,20,1718695085.6039495
3829,424,libpng,k_scheduler,libpng_read_fuzzer,reached,PNG007,20,1718695085.6039495
3830,425,libpng,k_scheduler,libpng_read_fuzzer,reached,PNG007,20,1718695085.6039495
3831,426,libpng,k_scheduler,libpng_read_fuzzer,reached,PNG007,20,1718695085.6039495
3832,427,libpng,k_scheduler,libpng_read_fuzzer,reached,PNG007,20,1718695085.6039495
3833,428,libpng,k_scheduler,libpng_read_fuzzer,reached,PNG007,20,1718695085.6039495
3834,429,libpng,k_scheduler,libpng_read_fuzzer,reached,PNG007,20,1718695085.6039495
3835,430,libpng,k_scheduler,libpng_read_fuzzer,reached,PNG007,20,1718695085.6039495
3836,431,libpng,k_scheduler,libpng_read_fuzzer,reached,PNG007,20,1718695085.6039495
3837,432,libpng,k_scheduler,libpng_read_fuzzer,reached,PNG007,20,1718695085.6039495
3838,433,libpng,k_scheduler,libpng_read_fuzzer,reached,PNG007,20,1718695085.6039495
3839,434,libpng,k_scheduler,libpng_read_fuzzer,reached,PNG007,20,1718695085.6039495
3840,435,libpng,k_scheduler,libpng_read_fuzzer,reached,PNG007,20,1718695085.6039495
3841,436,libpng,k_scheduler,libpng_read_fuzzer,reached,PNG007,20,1718695085.6039495
3842,437,libpng,k_scheduler,libpng_read_fuzzer,reached,PNG007,20,1718695085.6039495
3843,423,libpng,k_scheduler,libpng_read_fuzzer,triggered,PNG007,75400,1718695085.6039495
3844,427,libpng,k_scheduler,libpng_read_fuzzer,triggered,PNG007,61790,1718695085.6039495
3845,428,libpng,k_scheduler,libpng_read_fuzzer,triggered,PNG007,7710,1718695085.6039495
3846,430,libpng,k_scheduler,libpng_read_fuzzer,triggered,PNG007,68265,1718695085.6039495
3847,432,libpng,k_scheduler,libpng_read_fuzzer,triggered,PNG007,80515,1718695085.6039495
3848,433,libpng,k_scheduler,libpng_read_fuzzer,triggered,PNG007,46520,1718695085.6039495
3849,434,libpng,k_scheduler,libpng_read_fuzzer,triggered,PNG007,64665,1718695085.6039495
3850,438,sqlite3,aflplusplus,sqlite3_fuzz,reached,SQL014,5050,1718695085.6039495
3851,439,sqlite3,aflplusplus,sqlite3_fuzz,reached,SQL014,1470,1718695085.6039495
3852,440,sqlite3,aflplusplus,sqlite3_fuzz,reached,SQL014,1055,1718695085.6039495
3853,441,sqlite3,aflplusplus,sqlite3_fuzz,reached,SQL014,2970,1718695085.6039495
3854,442,sqlite3,aflplusplus,sqlite3_fuzz,reached,SQL014,37495,1718695085.6039495
3855,443,sqlite3,aflplusplus,sqlite3_fuzz,reached,SQL014,2315,1718695085.6039495
3856,444,sqlite3,aflplusplus,sqlite3_fuzz,reached,SQL014,855,1718695085.6039495
3857,445,sqlite3,aflplusplus,sqlite3_fuzz,reached,SQL014,4370,1718695085.6039495
3858,446,sqlite3,aflplusplus,sqlite3_fuzz,reached,SQL014,1490,1718695085.6039495
3859,447,sqlite3,aflplusplus,sqlite3_fuzz,reached,SQL014,6260,1718695085.6039495
3860,448,sqlite3,aflplusplus,sqlite3_fuzz,reached,SQL014,7810,1718695085.6039495
3861,449,sqlite3,aflplusplus,sqlite3_fuzz,reached,SQL014,2270,1718695085.6039495
3862,450,sqlite3,aflplusplus,sqlite3_fuzz,reached,SQL014,750,1718695085.6039495
3863,451,sqlite3,aflplusplus,sqlite3_fuzz,reached,SQL014,5365,1718695085.6039495
3864,452,sqlite3,aflplusplus,sqlite3_fuzz,reached,SQL014,610,1718695085.6039495
3865,453,sqlite3,aflplusplus,sqlite3_fuzz,reached,SQL014,2950,1718695085.6039495
3866,454,sqlite3,aflplusplus,sqlite3_fuzz,reached,SQL014,7990,1718695085.6039495
3867,455,sqlite3,aflplusplus,sqlite3_fuzz,reached,SQL014,7700,1718695085.6039495
3868,456,sqlite3,aflplusplus,sqlite3_fuzz,reached,SQL014,3220,1718695085.6039495
3869,457,sqlite3,aflplusplus,sqlite3_fuzz,reached,SQL014,3525,1718695085.6039495
3870,438,sqlite3,aflplusplus,sqlite3_fuzz,triggered,SQL014,61185,1718695085.6039495
3871,439,sqlite3,aflplusplus,sqlite3_fuzz,triggered,SQL014,21935,1718695085.6039495
3872,440,sqlite3,aflplusplus,sqlite3_fuzz,triggered,SQL014,2650,1718695085.6039495
3873,441,sqlite3,aflplusplus,sqlite3_fuzz,triggered,SQL014,28095,1718695085.6039495
3874,443,sqlite3,aflplusplus,sqlite3_fuzz,triggered,SQL014,13340,1718695085.6039495
3875,444,sqlite3,aflplusplus,sqlite3_fuzz,triggered,SQL014,1890,1718695085.6039495
3876,445,sqlite3,aflplusplus,sqlite3_fuzz,triggered,SQL014,42115,1718695085.6039495
3877,446,sqlite3,aflplusplus,sqlite3_fuzz,triggered,SQL014,5260,1718695085.6039495
3878,447,sqlite3,aflplusplus,sqlite3_fuzz,triggered,SQL014,6720,1718695085.6039495
3879,449,sqlite3,aflplusplus,sqlite3_fuzz,triggered,SQL014,30105,1718695085.6039495
3880,450,sqlite3,aflplusplus,sqlite3_fuzz,triggered,SQL014,1135,1718695085.6039495
3881,451,sqlite3,aflplusplus,sqlite3_fuzz,triggered,SQL014,27450,1718695085.6039495
3882,452,sqlite3,aflplusplus,sqlite3_fuzz,triggered,SQL014,4025,1718695085.6039495
3883,453,sqlite3,aflplusplus,sqlite3_fuzz,triggered,SQL014,11025,1718695085.6039495
3884,454,sqlite3,aflplusplus,sqlite3_fuzz,triggered,SQL014,8470,1718695085.6039495
3885,455,sqlite3,aflplusplus,sqlite3_fuzz,triggered,SQL014,19685,1718695085.6039495
3886,456,sqlite3,aflplusplus,sqlite3_fuzz,triggered,SQL014,39845,1718695085.6039495
3887,457,sqlite3,aflplusplus,sqlite3_fuzz,triggered,SQL014,7840,1718695085.6039495
3888,438,sqlite3,aflplusplus,sqlite3_fuzz,reached,SQL009,2970,1718695085.6039495
3889,439,sqlite3,aflplusplus,sqlite3_fuzz,reached,SQL009,485,1718695085.6039495
3890,440,sqlite3,aflplusplus,sqlite3_fuzz,reached,SQL009,4140,1718695085.6039495
3891,441,sqlite3,aflplusplus,sqlite3_fuzz,reached,SQL009,280,1718695085.6039495
3892,442,sqlite3,aflplusplus,sqlite3_fuzz,reached,SQL009,1060,1718695085.6039495
3893,443,sqlite3,aflplusplus,sqlite3_fuzz,reached,SQL009,720,1718695085.6039495
3894,444,sqlite3,aflplusplus,sqlite3_fuzz,reached,SQL009,2750,1718695085.6039495
3895,445,sqlite3,aflplusplus,sqlite3_fuzz,reached,SQL009,8880,1718695085.6039495
3896,446,sqlite3,aflplusplus,sqlite3_fuzz,reached,SQL009,790,1718695085.6039495
3897,447,sqlite3,aflplusplus,sqlite3_fuzz,reached,SQL009,1400,1718695085.6039495
3898,448,sqlite3,aflplusplus,sqlite3_fuzz,reached,SQL009,8030,1718695085.6039495
3899,449,sqlite3,aflplusplus,sqlite3_fuzz,reached,SQL009,2215,1718695085.6039495
3900,450,sqlite3,aflplusplus,sqlite3_fuzz,reached,SQL009,1195,1718695085.6039495
3901,451,sqlite3,aflplusplus,sqlite3_fuzz,reached,SQL009,885,1718695085.6039495
3902,452,sqlite3,aflplusplus,sqlite3_fuzz,reached,SQL009,1320,1718695085.6039495
3903,453,sqlite3,aflplusplus,sqlite3_fuzz,reached,SQL009,980,1718695085.6039495
3904,454,sqlite3,aflplusplus,sqlite3_fuzz,reached,SQL009,870,1718695085.6039495
3905,455,sqlite3,aflplusplus,sqlite3_fuzz,reached,SQL009,185,1718695085.6039495
3906,456,sqlite3,aflplusplus,sqlite3_fuzz,reached,SQL009,830,1718695085.6039495
3907,457,sqlite3,aflplusplus,sqlite3_fuzz,reached,SQL009,655,1718695085.6039495
3908,438,sqlite3,aflplusplus,sqlite3_fuzz,reached,SQL002,115,1718695085.6039495
3909,439,sqlite3,aflplusplus,sqlite3_fuzz,reached,SQL002,100,1718695085.6039495
3910,440,sqlite3,aflplusplus,sqlite3_fuzz,reached,SQL002,180,1718695085.6039495
3911,441,sqlite3,aflplusplus,sqlite3_fuzz,reached,SQL002,25,1718695085.6039495
3912,442,sqlite3,aflplusplus,sqlite3_fuzz,reached,SQL002,120,1718695085.6039495
3913,443,sqlite3,aflplusplus,sqlite3_fuzz,reached,SQL002,155,1718695085.6039495
3914,444,sqlite3,aflplusplus,sqlite3_fuzz,reached,SQL002,85,1718695085.6039495
3915,445,sqlite3,aflplusplus,sqlite3_fuzz,reached,SQL002,125,1718695085.6039495
3916,446,sqlite3,aflplusplus,sqlite3_fuzz,reached,SQL002,115,1718695085.6039495
3917,447,sqlite3,aflplusplus,sqlite3_fuzz,reached,SQL002,70,1718695085.6039495
3918,448,sqlite3,aflplusplus,sqlite3_fuzz,reached,SQL002,30,1718695085.6039495
3919,449,sqlite3,aflplusplus,sqlite3_fuzz,reached,SQL002,85,1718695085.6039495
3920,450,sqlite3,aflplusplus,sqlite3_fuzz,reached,SQL002,120,1718695085.6039495
3921,451,sqlite3,aflplusplus,sqlite3_fuzz,reached,SQL002,115,1718695085.6039495
3922,452,sqlite3,aflplusplus,sqlite3_fuzz,reached,SQL002,80,1718695085.6039495
3923,453,sqlite3,aflplusplus,sqlite3_fuzz,reached,SQL002,75,1718695085.6039495
3924,454,sqlite3,aflplusplus,sqlite3_fuzz,reached,SQL002,85,1718695085.6039495
3925,455,sqlite3,aflplusplus,sqlite3_fuzz,reached,SQL002,150,1718695085.6039495
3926,456,sqlite3,aflplusplus,sqlite3_fuzz,reached,SQL002,125,1718695085.6039495
3927,457,sqlite3,aflplusplus,sqlite3_fuzz,reached,SQL002,105,1718695085.6039495
3928,438,sqlite3,aflplusplus,sqlite3_fuzz,triggered,SQL002,7785,1718695085.6039495
3929,439,sqlite3,aflplusplus,sqlite3_fuzz,triggered,SQL002,990,1718695085.6039495
3930,440,sqlite3,aflplusplus,sqlite3_fuzz,triggered,SQL002,1060,1718695085.6039495
3931,441,sqlite3,aflplusplus,sqlite3_fuzz,triggered,SQL002,5440,1718695085.6039495
3932,442,sqlite3,aflplusplus,sqlite3_fuzz,triggered,SQL002,4845,1718695085.6039495
3933,443,sqlite3,aflplusplus,sqlite3_fuzz,triggered,SQL002,2400,1718695085.6039495
3934,444,sqlite3,aflplusplus,sqlite3_fuzz,triggered,SQL002,300,1718695085.6039495
3935,445,sqlite3,aflplusplus,sqlite3_fuzz,triggered,SQL002,3155,1718695085.6039495
3936,446,sqlite3,aflplusplus,sqlite3_fuzz,triggered,SQL002,1190,1718695085.6039495
3937,447,sqlite3,aflplusplus,sqlite3_fuzz,triggered,SQL002,3795,1718695085.6039495
3938,448,sqlite3,aflplusplus,sqlite3_fuzz,triggered,SQL002,2240,1718695085.6039495
3939,449,sqlite3,aflplusplus,sqlite3_fuzz,triggered,SQL002,2380,1718695085.6039495
3940,450,sqlite3,aflplusplus,sqlite3_fuzz,triggered,SQL002,760,1718695085.6039495
3941,451,sqlite3,aflplusplus,sqlite3_fuzz,triggered,SQL002,5380,1718695085.6039495
3942,452,sqlite3,aflplusplus,sqlite3_fuzz,triggered,SQL002,615,1718695085.6039495
3943,453,sqlite3,aflplusplus,sqlite3_fuzz,triggered,SQL002,10650,1718695085.6039495
3944,454,sqlite3,aflplusplus,sqlite3_fuzz,triggered,SQL002,1800,1718695085.6039495
3945,455,sqlite3,aflplusplus,sqlite3_fuzz,triggered,SQL002,3470,1718695085.6039495
3946,456,sqlite3,aflplusplus,sqlite3_fuzz,triggered,SQL002,3290,1718695085.6039495
3947,457,sqlite3,aflplusplus,sqlite3_fuzz,triggered,SQL002,1270,1718695085.6039495
3948,438,sqlite3,aflplusplus,sqlite3_fuzz,reached,SQL016,260,1718695085.6039495
3949,439,sqlite3,aflplusplus,sqlite3_fuzz,reached,SQL016,195,1718695085.6039495
3950,440,sqlite3,aflplusplus,sqlite3_fuzz,reached,SQL016,510,1718695085.6039495
3951,441,sqlite3,aflplusplus,sqlite3_fuzz,reached,SQL016,55,1718695085.6039495
3952,442,sqlite3,aflplusplus,sqlite3_fuzz,reached,SQL016,150,1718695085.6039495
3953,443,sqlite3,aflplusplus,sqlite3_fuzz,reached,SQL016,155,1718695085.6039495
3954,444,sqlite3,aflplusplus,sqlite3_fuzz,reached,SQL016,195,1718695085.6039495
3955,445,sqlite3,aflplusplus,sqlite3_fuzz,reached,SQL016,340,1718695085.6039495
3956,446,sqlite3,aflplusplus,sqlite3_fuzz,reached,SQL016,215,1718695085.6039495
3957,447,sqlite3,aflplusplus,sqlite3_fuzz,reached,SQL016,240,1718695085.6039495
3958,448,sqlite3,aflplusplus,sqlite3_fuzz,reached,SQL016,230,1718695085.6039495
3959,449,sqlite3,aflplusplus,sqlite3_fuzz,reached,SQL016,170,1718695085.6039495
3960,450,sqlite3,aflplusplus,sqlite3_fuzz,reached,SQL016,220,1718695085.6039495
3961,451,sqlite3,aflplusplus,sqlite3_fuzz,reached,SQL016,365,1718695085.6039495
3962,452,sqlite3,aflplusplus,sqlite3_fuzz,reached,SQL016,355,1718695085.6039495
3963,453,sqlite3,aflplusplus,sqlite3_fuzz,reached,SQL016,80,1718695085.6039495
3964,454,sqlite3,aflplusplus,sqlite3_fuzz,reached,SQL016,255,1718695085.6039495
3965,455,sqlite3,aflplusplus,sqlite3_fuzz,reached,SQL016,355,1718695085.6039495
3966,456,sqlite3,aflplusplus,sqlite3_fuzz,reached,SQL016,395,1718695085.6039495
3967,457,sqlite3,aflplusplus,sqlite3_fuzz,reached,SQL016,210,1718695085.6039495
3968,438,sqlite3,aflplusplus,sqlite3_fuzz,reached,SQL015,115,1718695085.6039495
3969,439,sqlite3,aflplusplus,sqlite3_fuzz,reached,SQL015,100,1718695085.6039495
3970,440,sqlite3,aflplusplus,sqlite3_fuzz,reached,SQL015,180,1718695085.6039495
3971,441,sqlite3,aflplusplus,sqlite3_fuzz,reached,SQL015,25,1718695085.6039495
3972,442,sqlite3,aflplusplus,sqlite3_fuzz,reached,SQL015,120,1718695085.6039495
3973,443,sqlite3,aflplusplus,sqlite3_fuzz,reached,SQL015,155,1718695085.6039495
3974,444,sqlite3,aflplusplus,sqlite3_fuzz,reached,SQL015,205,1718695085.6039495
3975,445,sqlite3,aflplusplus,sqlite3_fuzz,reached,SQL015,145,1718695085.6039495
3976,446,sqlite3,aflplusplus,sqlite3_fuzz,reached,SQL015,115,1718695085.6039495
3977,447,sqlite3,aflplusplus,sqlite3_fuzz,reached,SQL015,280,1718695085.6039495
3978,448,sqlite3,aflplusplus,sqlite3_fuzz,reached,SQL015,30,1718695085.6039495
3979,449,sqlite3,aflplusplus,sqlite3_fuzz,reached,SQL015,85,1718695085.6039495
3980,450,sqlite3,aflplusplus,sqlite3_fuzz,reached,SQL015,120,1718695085.6039495
3981,451,sqlite3,aflplusplus,sqlite3_fuzz,reached,SQL015,380,1718695085.6039495
3982,452,sqlite3,aflplusplus,sqlite3_fuzz,reached,SQL015,185,1718695085.6039495
3983,453,sqlite3,aflplusplus,sqlite3_fuzz,reached,SQL015,75,1718695085.6039495
3984,454,sqlite3,aflplusplus,sqlite3_fuzz,reached,SQL015,90,1718695085.6039495
3985,455,sqlite3,aflplusplus,sqlite3_fuzz,reached,SQL015,150,1718695085.6039495
3986,456,sqlite3,aflplusplus,sqlite3_fuzz,reached,SQL015,125,1718695085.6039495
3987,457,sqlite3,aflplusplus,sqlite3_fuzz,reached,SQL015,120,1718695085.6039495
3988,443,sqlite3,aflplusplus,sqlite3_fuzz,triggered,SQL015,67590,1718695085.6039495
3989,447,sqlite3,aflplusplus,sqlite3_fuzz,triggered,SQL015,51840,1718695085.6039495
3990,438,sqlite3,aflplusplus,sqlite3_fuzz,reached,SQL018,2565,1718695085.6039495
3991,439,sqlite3,aflplusplus,sqlite3_fuzz,reached,SQL018,525,1718695085.6039495
3992,440,sqlite3,aflplusplus,sqlite3_fuzz,reached,SQL018,3390,1718695085.6039495
3993,441,sqlite3,aflplusplus,sqlite3_fuzz,reached,SQL018,345,1718695085.6039495
3994,442,sqlite3,aflplusplus,sqlite3_fuzz,reached,SQL018,1530,1718695085.6039495
3995,443,sqlite3,aflplusplus,sqlite3_fuzz,reached,SQL018,1375,1718695085.6039495
3996,444,sqlite3,aflplusplus,sqlite3_fuzz,reached,SQL018,780,1718695085.6039495
3997,445,sqlite3,aflplusplus,sqlite3_fuzz,reached,SQL018,1235,1718695085.6039495
3998,446,sqlite3,aflplusplus,sqlite3_fuzz,reached,SQL018,995,1718695085.6039495
3999,447,sqlite3,aflplusplus,sqlite3_fuzz,reached,SQL018,1920,1718695085.6039495
4000,448,sqlite3,aflplusplus,sqlite3_fuzz,reached,SQL018,585,1718695085.6039495
4001,449,sqlite3,aflplusplus,sqlite3_fuzz,reached,SQL018,1335,1718695085.6039495
4002,450,sqlite3,aflplusplus,sqlite3_fuzz,reached,SQL018,1295,1718695085.6039495
4003,451,sqlite3,aflplusplus,sqlite3_fuzz,reached,SQL018,745,1718695085.6039495
4004,452,sqlite3,aflplusplus,sqlite3_fuzz,reached,SQL018,1970,1718695085.6039495
4005,453,sqlite3,aflplusplus,sqlite3_fuzz,reached,SQL018,1405,1718695085.6039495
4006,454,sqlite3,aflplusplus,sqlite3_fuzz,reached,SQL018,865,1718695085.6039495
4007,455,sqlite3,aflplusplus,sqlite3_fuzz,reached,SQL018,4365,1718695085.6039495
4008,456,sqlite3,aflplusplus,sqlite3_fuzz,reached,SQL018,3535,1718695085.6039495
4009,457,sqlite3,aflplusplus,sqlite3_fuzz,reached,SQL018,2705,1718695085.6039495
4010,438,sqlite3,aflplusplus,sqlite3_fuzz,triggered,SQL018,2565,1718695085.6039495
4011,439,sqlite3,aflplusplus,sqlite3_fuzz,triggered,SQL018,5355,1718695085.6039495
4012,440,sqlite3,aflplusplus,sqlite3_fuzz,triggered,SQL018,3390,1718695085.6039495
4013,441,sqlite3,aflplusplus,sqlite3_fuzz,triggered,SQL018,12060,1718695085.6039495
4014,442,sqlite3,aflplusplus,sqlite3_fuzz,triggered,SQL018,29355,1718695085.6039495
4015,443,sqlite3,aflplusplus,sqlite3_fuzz,triggered,SQL018,9260,1718695085.6039495
4016,444,sqlite3,aflplusplus,sqlite3_fuzz,triggered,SQL018,1030,1718695085.6039495
4017,445,sqlite3,aflplusplus,sqlite3_fuzz,triggered,SQL018,2230,1718695085.6039495
4018,446,sqlite3,aflplusplus,sqlite3_fuzz,triggered,SQL018,995,1718695085.6039495
4019,447,sqlite3,aflplusplus,sqlite3_fuzz,triggered,SQL018,6555,1718695085.6039495
4020,448,sqlite3,aflplusplus,sqlite3_fuzz,triggered,SQL018,3050,1718695085.6039495
4021,449,sqlite3,aflplusplus,sqlite3_fuzz,triggered,SQL018,1335,1718695085.6039495
4022,450,sqlite3,aflplusplus,sqlite3_fuzz,triggered,SQL018,1295,1718695085.6039495
4023,451,sqlite3,aflplusplus,sqlite3_fuzz,triggered,SQL018,2535,1718695085.6039495
4024,452,sqlite3,aflplusplus,sqlite3_fuzz,triggered,SQL018,6715,1718695085.6039495
4025,453,sqlite3,aflplusplus,sqlite3_fuzz,triggered,SQL018,1725,1718695085.6039495
4026,454,sqlite3,aflplusplus,sqlite3_fuzz,triggered,SQL018,6350,1718695085.6039495
4027,455,sqlite3,aflplusplus,sqlite3_fuzz,triggered,SQL018,8385,1718695085.6039495
4028,456,sqlite3,aflplusplus,sqlite3_fuzz,triggered,SQL018,26295,1718695085.6039495
4029,457,sqlite3,aflplusplus,sqlite3_fuzz,triggered,SQL018,14690,1718695085.6039495
4030,438,sqlite3,aflplusplus,sqlite3_fuzz,reached,SQL012,41220,1718695085.6039495
4031,439,sqlite3,aflplusplus,sqlite3_fuzz,reached,SQL012,45120,1718695085.6039495
4032,440,sqlite3,aflplusplus,sqlite3_fuzz,reached,SQL012,14645,1718695085.6039495
4033,441,sqlite3,aflplusplus,sqlite3_fuzz,reached,SQL012,37895,1718695085.6039495
4034,442,sqlite3,aflplusplus,sqlite3_fuzz,reached,SQL012,34485,1718695085.6039495
4035,443,sqlite3,aflplusplus,sqlite3_fuzz,reached,SQL012,30995,1718695085.6039495
4036,444,sqlite3,aflplusplus,sqlite3_fuzz,reached,SQL012,58370,1718695085.6039495
4037,445,sqlite3,aflplusplus,sqlite3_fuzz,reached,SQL012,44630,1718695085.6039495
4038,446,sqlite3,aflplusplus,sqlite3_fuzz,reached,SQL012,43155,1718695085.6039495
4039,447,sqlite3,aflplusplus,sqlite3_fuzz,reached,SQL012,51700,1718695085.6039495
4040,449,sqlite3,aflplusplus,sqlite3_fuzz,reached,SQL012,14530,1718695085.6039495
4041,450,sqlite3,aflplusplus,sqlite3_fuzz,reached,SQL012,55225,1718695085.6039495
4042,451,sqlite3,aflplusplus,sqlite3_fuzz,reached,SQL012,35660,1718695085.6039495
4043,452,sqlite3,aflplusplus,sqlite3_fuzz,reached,SQL012,37780,1718695085.6039495
4044,453,sqlite3,aflplusplus,sqlite3_fuzz,reached,SQL012,39575,1718695085.6039495
4045,454,sqlite3,aflplusplus,sqlite3_fuzz,reached,SQL012,51185,1718695085.6039495
4046,455,sqlite3,aflplusplus,sqlite3_fuzz,reached,SQL012,27475,1718695085.6039495
4047,456,sqlite3,aflplusplus,sqlite3_fuzz,reached,SQL012,24260,1718695085.6039495
4048,457,sqlite3,aflplusplus,sqlite3_fuzz,reached,SQL012,38475,1718695085.6039495
4049,438,sqlite3,aflplusplus,sqlite3_fuzz,triggered,SQL012,77275,1718695085.6039495
4050,440,sqlite3,aflplusplus,sqlite3_fuzz,triggered,SQL012,15180,1718695085.6039495
4051,441,sqlite3,aflplusplus,sqlite3_fuzz,triggered,SQL012,59870,1718695085.6039495
4052,442,sqlite3,aflplusplus,sqlite3_fuzz,triggered,SQL012,53545,1718695085.6039495
4053,451,sqlite3,aflplusplus,sqlite3_fuzz,triggered,SQL012,64085,1718695085.6039495
4054,456,sqlite3,aflplusplus,sqlite3_fuzz,triggered,SQL012,24715,1718695085.6039495
4055,444,sqlite3,aflplusplus,sqlite3_fuzz,reached,SQL011,34900,1718695085.6039495
4056,452,sqlite3,aflplusplus,sqlite3_fuzz,reached,SQL011,67710,1718695085.6039495
4057,438,sqlite3,aflplusplus,sqlite3_fuzz,reached,SQL019,460,1718695085.6039495
4058,439,sqlite3,aflplusplus,sqlite3_fuzz,reached,SQL019,185,1718695085.6039495
4059,440,sqlite3,aflplusplus,sqlite3_fuzz,reached,SQL019,315,1718695085.6039495
4060,441,sqlite3,aflplusplus,sqlite3_fuzz,reached,SQL019,115,1718695085.6039495
4061,442,sqlite3,aflplusplus,sqlite3_fuzz,reached,SQL019,1325,1718695085.6039495
4062,443,sqlite3,aflplusplus,sqlite3_fuzz,reached,SQL019,270,1718695085.6039495
4063,444,sqlite3,aflplusplus,sqlite3_fuzz,reached,SQL019,110,1718695085.6039495
4064,445,sqlite3,aflplusplus,sqlite3_fuzz,reached,SQL019,130,1718695085.6039495
4065,446,sqlite3,aflplusplus,sqlite3_fuzz,reached,SQL019,175,1718695085.6039495
4066,447,sqlite3,aflplusplus,sqlite3_fuzz,reached,SQL019,105,1718695085.6039495
4067,448,sqlite3,aflplusplus,sqlite3_fuzz,reached,SQL019,380,1718695085.6039495
4068,449,sqlite3,aflplusplus,sqlite3_fuzz,reached,SQL019,145,1718695085.6039495
4069,450,sqlite3,aflplusplus,sqlite3_fuzz,reached,SQL019,175,1718695085.6039495
4070,451,sqlite3,aflplusplus,sqlite3_fuzz,reached,SQL019,270,1718695085.6039495
4071,452,sqlite3,aflplusplus,sqlite3_fuzz,reached,SQL019,355,1718695085.6039495
4072,453,sqlite3,aflplusplus,sqlite3_fuzz,reached,SQL019,115,1718695085.6039495
4073,454,sqlite3,aflplusplus,sqlite3_fuzz,reached,SQL019,255,1718695085.6039495
4074,455,sqlite3,aflplusplus,sqlite3_fuzz,reached,SQL019,270,1718695085.6039495
4075,456,sqlite3,aflplusplus,sqlite3_fuzz,reached,SQL019,415,1718695085.6039495
4076,457,sqlite3,aflplusplus,sqlite3_fuzz,reached,SQL019,345,1718695085.6039495
4077,438,sqlite3,aflplusplus,sqlite3_fuzz,reached,SQL007,110,1718695085.6039495
4078,439,sqlite3,aflplusplus,sqlite3_fuzz,reached,SQL007,95,1718695085.6039495
4079,440,sqlite3,aflplusplus,sqlite3_fuzz,reached,SQL007,175,1718695085.6039495
4080,441,sqlite3,aflplusplus,sqlite3_fuzz,reached,SQL007,20,1718695085.6039495
4081,442,sqlite3,aflplusplus,sqlite3_fuzz,reached,SQL007,115,1718695085.6039495
4082,443,sqlite3,aflplusplus,sqlite3_fuzz,reached,SQL007,150,1718695085.6039495
4083,444,sqlite3,aflplusplus,sqlite3_fuzz,reached,SQL007,205,1718695085.6039495
4084,445,sqlite3,aflplusplus,sqlite3_fuzz,reached,SQL007,145,1718695085.6039495
4085,446,sqlite3,aflplusplus,sqlite3_fuzz,reached,SQL007,110,1718695085.6039495
4086,447,sqlite3,aflplusplus,sqlite3_fuzz,reached,SQL007,280,1718695085.6039495
4087,448,sqlite3,aflplusplus,sqlite3_fuzz,reached,SQL007,15,1718695085.6039495
4088,449,sqlite3,aflplusplus,sqlite3_fuzz,reached,SQL007,80,1718695085.6039495
4089,450,sqlite3,aflplusplus,sqlite3_fuzz,reached,SQL007,115,1718695085.6039495
4090,451,sqlite3,aflplusplus,sqlite3_fuzz,reached,SQL007,380,1718695085.6039495
4091,452,sqlite3,aflplusplus,sqlite3_fuzz,reached,SQL007,180,1718695085.6039495
4092,453,sqlite3,aflplusplus,sqlite3_fuzz,reached,SQL007,65,1718695085.6039495
4093,454,sqlite3,aflplusplus,sqlite3_fuzz,reached,SQL007,90,1718695085.6039495
4094,455,sqlite3,aflplusplus,sqlite3_fuzz,reached,SQL007,145,1718695085.6039495
4095,456,sqlite3,aflplusplus,sqlite3_fuzz,reached,SQL007,120,1718695085.6039495
4096,457,sqlite3,aflplusplus,sqlite3_fuzz,reached,SQL007,120,1718695085.6039495
4097,438,sqlite3,aflplusplus,sqlite3_fuzz,reached,SQL010,260,1718695085.6039495
4098,439,sqlite3,aflplusplus,sqlite3_fuzz,reached,SQL010,230,1718695085.6039495
4099,440,sqlite3,aflplusplus,sqlite3_fuzz,reached,SQL010,405,1718695085.6039495
4100,441,sqlite3,aflplusplus,sqlite3_fuzz,reached,SQL010,55,1718695085.6039495
4101,442,sqlite3,aflplusplus,sqlite3_fuzz,reached,SQL010,150,1718695085.6039495
4102,443,sqlite3,aflplusplus,sqlite3_fuzz,reached,SQL010,155,1718695085.6039495
4103,444,sqlite3,aflplusplus,sqlite3_fuzz,reached,SQL010,205,1718695085.6039495
4104,445,sqlite3,aflplusplus,sqlite3_fuzz,reached,SQL010,565,1718695085.6039495
4105,446,sqlite3,aflplusplus,sqlite3_fuzz,reached,SQL010,210,1718695085.6039495
4106,447,sqlite3,aflplusplus,sqlite3_fuzz,reached,SQL010,620,1718695085.6039495
4107,448,sqlite3,aflplusplus,sqlite3_fuzz,reached,SQL010,800,1718695085.6039495
4108,449,sqlite3,aflplusplus,sqlite3_fuzz,reached,SQL010,235,1718695085.6039495
4109,450,sqlite3,aflplusplus,sqlite3_fuzz,reached,SQL010,530,1718695085.6039495
4110,451,sqlite3,aflplusplus,sqlite3_fuzz,reached,SQL010,795,1718695085.6039495
4111,452,sqlite3,aflplusplus,sqlite3_fuzz,reached,SQL010,610,1718695085.6039495
4112,453,sqlite3,aflplusplus,sqlite3_fuzz,reached,SQL010,80,1718695085.6039495
4113,454,sqlite3,aflplusplus,sqlite3_fuzz,reached,SQL010,470,1718695085.6039495
4114,455,sqlite3,aflplusplus,sqlite3_fuzz,reached,SQL010,390,1718695085.6039495
4115,456,sqlite3,aflplusplus,sqlite3_fuzz,reached,SQL010,325,1718695085.6039495
4116,457,sqlite3,aflplusplus,sqlite3_fuzz,reached,SQL010,190,1718695085.6039495
4117,438,sqlite3,aflplusplus,sqlite3_fuzz,reached,SQL013,60805,1718695085.6039495
4118,441,sqlite3,aflplusplus,sqlite3_fuzz,reached,SQL013,47470,1718695085.6039495
4119,442,sqlite3,aflplusplus,sqlite3_fuzz,reached,SQL013,71855,1718695085.6039495
4120,445,sqlite3,aflplusplus,sqlite3_fuzz,reached,SQL013,78565,1718695085.6039495
4121,448,sqlite3,aflplusplus,sqlite3_fuzz,reached,SQL013,47730,1718695085.6039495
4122,452,sqlite3,aflplusplus,sqlite3_fuzz,reached,SQL013,60265,1718695085.6039495
4123,455,sqlite3,aflplusplus,sqlite3_fuzz,reached,SQL013,44690,1718695085.6039495
4124,438,sqlite3,aflplusplus,sqlite3_fuzz,triggered,SQL013,75770,1718695085.6039495
4125,438,sqlite3,aflplusplus,sqlite3_fuzz,reached,SQL017,260,1718695085.6039495
4126,439,sqlite3,aflplusplus,sqlite3_fuzz,reached,SQL017,730,1718695085.6039495
4127,440,sqlite3,aflplusplus,sqlite3_fuzz,reached,SQL017,405,1718695085.6039495
4128,441,sqlite3,aflplusplus,sqlite3_fuzz,reached,SQL017,55,1718695085.6039495
4129,442,sqlite3,aflplusplus,sqlite3_fuzz,reached,SQL017,150,1718695085.6039495
4130,443,sqlite3,aflplusplus,sqlite3_fuzz,reached,SQL017,155,1718695085.6039495
4131,444,sqlite3,aflplusplus,sqlite3_fuzz,reached,SQL017,205,1718695085.6039495
4132,445,sqlite3,aflplusplus,sqlite3_fuzz,reached,SQL017,565,1718695085.6039495
4133,446,sqlite3,aflplusplus,sqlite3_fuzz,reached,SQL017,215,1718695085.6039495
4134,447,sqlite3,aflplusplus,sqlite3_fuzz,reached,SQL017,635,1718695085.6039495
4135,448,sqlite3,aflplusplus,sqlite3_fuzz,reached,SQL017,845,1718695085.6039495
4136,449,sqlite3,aflplusplus,sqlite3_fuzz,reached,SQL017,420,1718695085.6039495
4137,450,sqlite3,aflplusplus,sqlite3_fuzz,reached,SQL017,530,1718695085.6039495
4138,451,sqlite3,aflplusplus,sqlite3_fuzz,reached,SQL017,795,1718695085.6039495
4139,452,sqlite3,aflplusplus,sqlite3_fuzz,reached,SQL017,610,1718695085.6039495
4140,453,sqlite3,aflplusplus,sqlite3_fuzz,reached,SQL017,80,1718695085.6039495
4141,454,sqlite3,aflplusplus,sqlite3_fuzz,reached,SQL017,665,1718695085.6039495
4142,455,sqlite3,aflplusplus,sqlite3_fuzz,reached,SQL017,410,1718695085.6039495
4143,456,sqlite3,aflplusplus,sqlite3_fuzz,reached,SQL017,325,1718695085.6039495
4144,457,sqlite3,aflplusplus,sqlite3_fuzz,reached,SQL017,210,1718695085.6039495
4145,438,sqlite3,aflplusplus,sqlite3_fuzz,reached,SQL020,34890,1718695085.6039495
4146,439,sqlite3,aflplusplus,sqlite3_fuzz,reached,SQL020,80650,1718695085.6039495
4147,440,sqlite3,aflplusplus,sqlite3_fuzz,reached,SQL020,81845,1718695085.6039495
4148,441,sqlite3,aflplusplus,sqlite3_fuzz,reached,SQL020,52840,1718695085.6039495
4149,443,sqlite3,aflplusplus,sqlite3_fuzz,reached,SQL020,70735,1718695085.6039495
4150,444,sqlite3,aflplusplus,sqlite3_fuzz,reached,SQL020,84690,1718695085.6039495
4151,448,sqlite3,aflplusplus,sqlite3_fuzz,reached,SQL020,53520,1718695085.6039495
4152,449,sqlite3,aflplusplus,sqlite3_fuzz,reached,SQL020,19450,1718695085.6039495
4153,450,sqlite3,aflplusplus,sqlite3_fuzz,reached,SQL020,655,1718695085.6039495
4154,452,sqlite3,aflplusplus,sqlite3_fuzz,reached,SQL020,4205,1718695085.6039495
4155,454,sqlite3,aflplusplus,sqlite3_fuzz,reached,SQL020,32830,1718695085.6039495
4156,457,sqlite3,aflplusplus,sqlite3_fuzz,reached,SQL020,70795,1718695085.6039495
4157,438,sqlite3,aflplusplus,sqlite3_fuzz,triggered,SQL020,44960,1718695085.6039495
4158,439,sqlite3,aflplusplus,sqlite3_fuzz,triggered,SQL020,80650,1718695085.6039495
4159,440,sqlite3,aflplusplus,sqlite3_fuzz,triggered,SQL020,81845,1718695085.6039495
4160,441,sqlite3,aflplusplus,sqlite3_fuzz,triggered,SQL020,68920,1718695085.6039495
4161,443,sqlite3,aflplusplus,sqlite3_fuzz,triggered,SQL020,70735,1718695085.6039495
4162,444,sqlite3,aflplusplus,sqlite3_fuzz,triggered,SQL020,84690,1718695085.6039495
4163,448,sqlite3,aflplusplus,sqlite3_fuzz,triggered,SQL020,53520,1718695085.6039495
4164,449,sqlite3,aflplusplus,sqlite3_fuzz,triggered,SQL020,19450,1718695085.6039495
4165,450,sqlite3,aflplusplus,sqlite3_fuzz,triggered,SQL020,655,1718695085.6039495
4166,452,sqlite3,aflplusplus,sqlite3_fuzz,triggered,SQL020,4205,1718695085.6039495
4167,454,sqlite3,aflplusplus,sqlite3_fuzz,triggered,SQL020,32830,1718695085.6039495
4168,457,sqlite3,aflplusplus,sqlite3_fuzz,triggered,SQL020,70795,1718695085.6039495
4169,438,sqlite3,aflplusplus,sqlite3_fuzz,reached,SQL006,58615,1718695085.6039495
4170,441,sqlite3,aflplusplus,sqlite3_fuzz,reached,SQL006,67670,1718695085.6039495
4171,442,sqlite3,aflplusplus,sqlite3_fuzz,reached,SQL006,65130,1718695085.6039495
4172,443,sqlite3,aflplusplus,sqlite3_fuzz,reached,SQL006,19325,1718695085.6039495
4173,444,sqlite3,aflplusplus,sqlite3_fuzz,reached,SQL006,75525,1718695085.6039495
4174,445,sqlite3,aflplusplus,sqlite3_fuzz,reached,SQL006,63500,1718695085.6039495
4175,446,sqlite3,aflplusplus,sqlite3_fuzz,reached,SQL006,69420,1718695085.6039495
4176,449,sqlite3,aflplusplus,sqlite3_fuzz,reached,SQL006,9055,1718695085.6039495
4177,451,sqlite3,aflplusplus,sqlite3_fuzz,reached,SQL006,72980,1718695085.6039495
4178,452,sqlite3,aflplusplus,sqlite3_fuzz,reached,SQL006,57750,1718695085.6039495
4179,455,sqlite3,aflplusplus,sqlite3_fuzz,reached,SQL006,33345,1718695085.6039495
4180,457,sqlite3,aflplusplus,sqlite3_fuzz,reached,SQL006,47415,1718695085.6039495
4181,442,sqlite3,aflplusplus,sqlite3_fuzz,reached,SQL003,77045,1718695085.6039495
4182,445,sqlite3,aflplusplus,sqlite3_fuzz,reached,SQL003,5260,1718695085.6039495
4183,449,sqlite3,aflplusplus,sqlite3_fuzz,reached,SQL003,67850,1718695085.6039495
4184,450,sqlite3,aflplusplus,sqlite3_fuzz,reached,SQL003,71840,1718695085.6039495
4185,454,sqlite3,aflplusplus,sqlite3_fuzz,reached,SQL003,51820,1718695085.6039495
4186,457,sqlite3,aflplusplus,sqlite3_fuzz,reached,SQL003,49795,1718695085.6039495
4187,458,libxml2,aflplusplus,libxml2_xml_read_memory_fuzzer,reached,XML001,20,1718695085.6039495
4188,459,libxml2,aflplusplus,libxml2_xml_read_memory_fuzzer,reached,XML001,15,1718695085.6039495
4189,460,libxml2,aflplusplus,libxml2_xml_read_memory_fuzzer,reached,XML001,20,1718695085.6039495
4190,461,libxml2,aflplusplus,libxml2_xml_read_memory_fuzzer,reached,XML001,20,1718695085.6039495
4191,462,libxml2,aflplusplus,libxml2_xml_read_memory_fuzzer,reached,XML001,20,1718695085.6039495
4192,463,libxml2,aflplusplus,libxml2_xml_read_memory_fuzzer,reached,XML001,20,1718695085.6039495
4193,464,libxml2,aflplusplus,libxml2_xml_read_memory_fuzzer,reached,XML001,15,1718695085.6039495
4194,465,libxml2,aflplusplus,libxml2_xml_read_memory_fuzzer,reached,XML001,20,1718695085.6039495
4195,466,libxml2,aflplusplus,libxml2_xml_read_memory_fuzzer,reached,XML001,15,1718695085.6039495
4196,467,libxml2,aflplusplus,libxml2_xml_read_memory_fuzzer,reached,XML001,20,1718695085.6039495
4197,468,libxml2,aflplusplus,libxml2_xml_read_memory_fuzzer,reached,XML001,20,1718695085.6039495
4198,469,libxml2,aflplusplus,libxml2_xml_read_memory_fuzzer,reached,XML001,20,1718695085.6039495
4199,470,libxml2,aflplusplus,libxml2_xml_read_memory_fuzzer,reached,XML001,20,1718695085.6039495
4200,471,libxml2,aflplusplus,libxml2_xml_read_memory_fuzzer,reached,XML001,20,1718695085.6039495
4201,472,libxml2,aflplusplus,libxml2_xml_read_memory_fuzzer,reached,XML001,20,1718695085.6039495
4202,473,libxml2,aflplusplus,libxml2_xml_read_memory_fuzzer,reached,XML001,20,1718695085.6039495
4203,474,libxml2,aflplusplus,libxml2_xml_read_memory_fuzzer,reached,XML001,20,1718695085.6039495
4204,475,libxml2,aflplusplus,libxml2_xml_read_memory_fuzzer,reached,XML001,20,1718695085.6039495
4205,476,libxml2,aflplusplus,libxml2_xml_read_memory_fuzzer,reached,XML001,15,1718695085.6039495
4206,477,libxml2,aflplusplus,libxml2_xml_read_memory_fuzzer,reached,XML001,20,1718695085.6039495
4207,458,libxml2,aflplusplus,libxml2_xml_read_memory_fuzzer,triggered,XML001,1380,1718695085.6039495
4208,459,libxml2,aflplusplus,libxml2_xml_read_memory_fuzzer,triggered,XML001,1805,1718695085.6039495
4209,460,libxml2,aflplusplus,libxml2_xml_read_memory_fuzzer,triggered,XML001,2295,1718695085.6039495
4210,461,libxml2,aflplusplus,libxml2_xml_read_memory_fuzzer,triggered,XML001,2925,1718695085.6039495
4211,462,libxml2,aflplusplus,libxml2_xml_read_memory_fuzzer,triggered,XML001,2030,1718695085.6039495
4212,463,libxml2,aflplusplus,libxml2_xml_read_memory_fuzzer,triggered,XML001,1525,1718695085.6039495
4213,464,libxml2,aflplusplus,libxml2_xml_read_memory_fuzzer,triggered,XML001,1735,1718695085.6039495
4214,465,libxml2,aflplusplus,libxml2_xml_read_memory_fuzzer,triggered,XML001,2270,1718695085.6039495
4215,466,libxml2,aflplusplus,libxml2_xml_read_memory_fuzzer,triggered,XML001,1530,1718695085.6039495
4216,467,libxml2,aflplusplus,libxml2_xml_read_memory_fuzzer,triggered,XML001,2165,1718695085.6039495
4217,468,libxml2,aflplusplus,libxml2_xml_read_memory_fuzzer,triggered,XML001,850,1718695085.6039495
4218,469,libxml2,aflplusplus,libxml2_xml_read_memory_fuzzer,triggered,XML001,1945,1718695085.6039495
4219,470,libxml2,aflplusplus,libxml2_xml_read_memory_fuzzer,triggered,XML001,805,1718695085.6039495
4220,471,libxml2,aflplusplus,libxml2_xml_read_memory_fuzzer,triggered,XML001,1795,1718695085.6039495
4221,472,libxml2,aflplusplus,libxml2_xml_read_memory_fuzzer,triggered,XML001,1370,1718695085.6039495
4222,473,libxml2,aflplusplus,libxml2_xml_read_memory_fuzzer,triggered,XML001,2765,1718695085.6039495
4223,474,libxml2,aflplusplus,libxml2_xml_read_memory_fuzzer,triggered,XML001,2355,1718695085.6039495
4224,475,libxml2,aflplusplus,libxml2_xml_read_memory_fuzzer,triggered,XML001,805,1718695085.6039495
4225,476,libxml2,aflplusplus,libxml2_xml_read_memory_fuzzer,triggered,XML001,2250,1718695085.6039495
4226,477,libxml2,aflplusplus,libxml2_xml_read_memory_fuzzer,triggered,XML001,565,1718695085.6039495
4227,458,libxml2,aflplusplus,libxml2_xml_read_memory_fuzzer,reached,XML006,20,1718695085.6039495
4228,459,libxml2,aflplusplus,libxml2_xml_read_memory_fuzzer,reached,XML006,15,1718695085.6039495
4229,460,libxml2,aflplusplus,libxml2_xml_read_memory_fuzzer,reached,XML006,20,1718695085.6039495
4230,461,libxml2,aflplusplus,libxml2_xml_read_memory_fuzzer,reached,XML006,20,1718695085.6039495
4231,462,libxml2,aflplusplus,libxml2_xml_read_memory_fuzzer,reached,XML006,20,1718695085.6039495
4232,463,libxml2,aflplusplus,libxml2_xml_read_memory_fuzzer,reached,XML006,20,1718695085.6039495
4233,464,libxml2,aflplusplus,libxml2_xml_read_memory_fuzzer,reached,XML006,15,1718695085.6039495
4234,465,libxml2,aflplusplus,libxml2_xml_read_memory_fuzzer,reached,XML006,20,1718695085.6039495
4235,466,libxml2,aflplusplus,libxml2_xml_read_memory_fuzzer,reached,XML006,15,1718695085.6039495
4236,467,libxml2,aflplusplus,libxml2_xml_read_memory_fuzzer,reached,XML006,20,1718695085.6039495
4237,468,libxml2,aflplusplus,libxml2_xml_read_memory_fuzzer,reached,XML006,20,1718695085.6039495
4238,469,libxml2,aflplusplus,libxml2_xml_read_memory_fuzzer,reached,XML006,20,1718695085.6039495
4239,470,libxml2,aflplusplus,libxml2_xml_read_memory_fuzzer,reached,XML006,20,1718695085.6039495
4240,471,libxml2,aflplusplus,libxml2_xml_read_memory_fuzzer,reached,XML006,20,1718695085.6039495
4241,472,libxml2,aflplusplus,libxml2_xml_read_memory_fuzzer,reached,XML006,20,1718695085.6039495
4242,473,libxml2,aflplusplus,libxml2_xml_read_memory_fuzzer,reached,XML006,20,1718695085.6039495
4243,474,libxml2,aflplusplus,libxml2_xml_read_memory_fuzzer,reached,XML006,20,1718695085.6039495
4244,475,libxml2,aflplusplus,libxml2_xml_read_memory_fuzzer,reached,XML006,20,1718695085.6039495
4245,476,libxml2,aflplusplus,libxml2_xml_read_memory_fuzzer,reached,XML006,15,1718695085.6039495
4246,477,libxml2,aflplusplus,libxml2_xml_read_memory_fuzzer,reached,XML006,20,1718695085.6039495
4247,458,libxml2,aflplusplus,libxml2_xml_read_memory_fuzzer,reached,XML008,15,1718695085.6039495
4248,459,libxml2,aflplusplus,libxml2_xml_read_memory_fuzzer,reached,XML008,15,1718695085.6039495
4249,460,libxml2,aflplusplus,libxml2_xml_read_memory_fuzzer,reached,XML008,15,1718695085.6039495
4250,461,libxml2,aflplusplus,libxml2_xml_read_memory_fuzzer,reached,XML008,15,1718695085.6039495
4251,462,libxml2,aflplusplus,libxml2_xml_read_memory_fuzzer,reached,XML008,15,1718695085.6039495
4252,463,libxml2,aflplusplus,libxml2_xml_read_memory_fuzzer,reached,XML008,15,1718695085.6039495
4253,464,libxml2,aflplusplus,libxml2_xml_read_memory_fuzzer,reached,XML008,15,1718695085.6039495
4254,465,libxml2,aflplusplus,libxml2_xml_read_memory_fuzzer,reached,XML008,15,1718695085.6039495
4255,466,libxml2,aflplusplus,libxml2_xml_read_memory_fuzzer,reached,XML008,15,1718695085.6039495
4256,467,libxml2,aflplusplus,libxml2_xml_read_memory_fuzzer,reached,XML008,15,1718695085.6039495
4257,468,libxml2,aflplusplus,libxml2_xml_read_memory_fuzzer,reached,XML008,15,1718695085.6039495
4258,469,libxml2,aflplusplus,libxml2_xml_read_memory_fuzzer,reached,XML008,15,1718695085.6039495
4259,470,libxml2,aflplusplus,libxml2_xml_read_memory_fuzzer,reached,XML008,15,1718695085.6039495
4260,471,libxml2,aflplusplus,libxml2_xml_read_memory_fuzzer,reached,XML008,15,1718695085.6039495
4261,472,libxml2,aflplusplus,libxml2_xml_read_memory_fuzzer,reached,XML008,15,1718695085.6039495
4262,473,libxml2,aflplusplus,libxml2_xml_read_memory_fuzzer,reached,XML008,15,1718695085.6039495
4263,474,libxml2,aflplusplus,libxml2_xml_read_memory_fuzzer,reached,XML008,15,1718695085.6039495
4264,475,libxml2,aflplusplus,libxml2_xml_read_memory_fuzzer,reached,XML008,15,1718695085.6039495
4265,476,libxml2,aflplusplus,libxml2_xml_read_memory_fuzzer,reached,XML008,15,1718695085.6039495
4266,477,libxml2,aflplusplus,libxml2_xml_read_memory_fuzzer,reached,XML008,15,1718695085.6039495
4267,458,libxml2,aflplusplus,libxml2_xml_read_memory_fuzzer,reached,XML009,10,1718695085.6039495
4268,459,libxml2,aflplusplus,libxml2_xml_read_memory_fuzzer,reached,XML009,10,1718695085.6039495
4269,460,libxml2,aflplusplus,libxml2_xml_read_memory_fuzzer,reached,XML009,10,1718695085.6039495
4270,461,libxml2,aflplusplus,libxml2_xml_read_memory_fuzzer,reached,XML009,10,1718695085.6039495
4271,462,libxml2,aflplusplus,libxml2_xml_read_memory_fuzzer,reached,XML009,10,1718695085.6039495
4272,463,libxml2,aflplusplus,libxml2_xml_read_memory_fuzzer,reached,XML009,10,1718695085.6039495
4273,464,libxml2,aflplusplus,libxml2_xml_read_memory_fuzzer,reached,XML009,10,1718695085.6039495
4274,465,libxml2,aflplusplus,libxml2_xml_read_memory_fuzzer,reached,XML009,10,1718695085.6039495
4275,466,libxml2,aflplusplus,libxml2_xml_read_memory_fuzzer,reached,XML009,10,1718695085.6039495
4276,467,libxml2,aflplusplus,libxml2_xml_read_memory_fuzzer,reached,XML009,10,1718695085.6039495
4277,468,libxml2,aflplusplus,libxml2_xml_read_memory_fuzzer,reached,XML009,10,1718695085.6039495
4278,469,libxml2,aflplusplus,libxml2_xml_read_memory_fuzzer,reached,XML009,10,1718695085.6039495
4279,470,libxml2,aflplusplus,libxml2_xml_read_memory_fuzzer,reached,XML009,10,1718695085.6039495
4280,471,libxml2,aflplusplus,libxml2_xml_read_memory_fuzzer,reached,XML009,10,1718695085.6039495
4281,472,libxml2,aflplusplus,libxml2_xml_read_memory_fuzzer,reached,XML009,10,1718695085.6039495
4282,473,libxml2,aflplusplus,libxml2_xml_read_memory_fuzzer,reached,XML009,10,1718695085.6039495
4283,474,libxml2,aflplusplus,libxml2_xml_read_memory_fuzzer,reached,XML009,10,1718695085.6039495
4284,475,libxml2,aflplusplus,libxml2_xml_read_memory_fuzzer,reached,XML009,10,1718695085.6039495
4285,476,libxml2,aflplusplus,libxml2_xml_read_memory_fuzzer,reached,XML009,10,1718695085.6039495
4286,477,libxml2,aflplusplus,libxml2_xml_read_memory_fuzzer,reached,XML009,10,1718695085.6039495
4287,458,libxml2,aflplusplus,libxml2_xml_read_memory_fuzzer,triggered,XML009,410,1718695085.6039495
4288,459,libxml2,aflplusplus,libxml2_xml_read_memory_fuzzer,triggered,XML009,1135,1718695085.6039495
4289,460,libxml2,aflplusplus,libxml2_xml_read_memory_fuzzer,triggered,XML009,2765,1718695085.6039495
4290,461,libxml2,aflplusplus,libxml2_xml_read_memory_fuzzer,triggered,XML009,615,1718695085.6039495
4291,462,libxml2,aflplusplus,libxml2_xml_read_memory_fuzzer,triggered,XML009,4250,1718695085.6039495
4292,463,libxml2,aflplusplus,libxml2_xml_read_memory_fuzzer,triggered,XML009,930,1718695085.6039495
4293,464,libxml2,aflplusplus,libxml2_xml_read_memory_fuzzer,triggered,XML009,8940,1718695085.6039495
4294,465,libxml2,aflplusplus,libxml2_xml_read_memory_fuzzer,triggered,XML009,2400,1718695085.6039495
4295,466,libxml2,aflplusplus,libxml2_xml_read_memory_fuzzer,triggered,XML009,235,1718695085.6039495
4296,467,libxml2,aflplusplus,libxml2_xml_read_memory_fuzzer,triggered,XML009,1910,1718695085.6039495
4297,468,libxml2,aflplusplus,libxml2_xml_read_memory_fuzzer,triggered,XML009,2005,1718695085.6039495
4298,469,libxml2,aflplusplus,libxml2_xml_read_memory_fuzzer,triggered,XML009,300,1718695085.6039495
4299,470,libxml2,aflplusplus,libxml2_xml_read_memory_fuzzer,triggered,XML009,1555,1718695085.6039495
4300,471,libxml2,aflplusplus,libxml2_xml_read_memory_fuzzer,triggered,XML009,1220,1718695085.6039495
4301,472,libxml2,aflplusplus,libxml2_xml_read_memory_fuzzer,triggered,XML009,1220,1718695085.6039495
4302,473,libxml2,aflplusplus,libxml2_xml_read_memory_fuzzer,triggered,XML009,1155,1718695085.6039495
4303,474,libxml2,aflplusplus,libxml2_xml_read_memory_fuzzer,triggered,XML009,935,1718695085.6039495
4304,475,libxml2,aflplusplus,libxml2_xml_read_memory_fuzzer,triggered,XML009,310,1718695085.6039495
4305,476,libxml2,aflplusplus,libxml2_xml_read_memory_fuzzer,triggered,XML009,1510,1718695085.6039495
4306,477,libxml2,aflplusplus,libxml2_xml_read_memory_fuzzer,triggered,XML009,545,1718695085.6039495
4307,458,libxml2,aflplusplus,libxml2_xml_read_memory_fuzzer,reached,XML012,20,1718695085.6039495
4308,459,libxml2,aflplusplus,libxml2_xml_read_memory_fuzzer,reached,XML012,15,1718695085.6039495
4309,460,libxml2,aflplusplus,libxml2_xml_read_memory_fuzzer,reached,XML012,15,1718695085.6039495
4310,461,libxml2,aflplusplus,libxml2_xml_read_memory_fuzzer,reached,XML012,15,1718695085.6039495
4311,462,libxml2,aflplusplus,libxml2_xml_read_memory_fuzzer,reached,XML012,15,1718695085.6039495
4312,463,libxml2,aflplusplus,libxml2_xml_read_memory_fuzzer,reached,XML012,15,1718695085.6039495
4313,464,libxml2,aflplusplus,libxml2_xml_read_memory_fuzzer,reached,XML012,15,1718695085.6039495
4314,465,libxml2,aflplusplus,libxml2_xml_read_memory_fuzzer,reached,XML012,15,1718695085.6039495
4315,466,libxml2,aflplusplus,libxml2_xml_read_memory_fuzzer,reached,XML012,15,1718695085.6039495
4316,467,libxml2,aflplusplus,libxml2_xml_read_memory_fuzzer,reached,XML012,15,1718695085.6039495
4317,468,libxml2,aflplusplus,libxml2_xml_read_memory_fuzzer,reached,XML012,15,1718695085.6039495
4318,469,libxml2,aflplusplus,libxml2_xml_read_memory_fuzzer,reached,XML012,15,1718695085.6039495
4319,470,libxml2,aflplusplus,libxml2_xml_read_memory_fuzzer,reached,XML012,15,1718695085.6039495
4320,471,libxml2,aflplusplus,libxml2_xml_read_memory_fuzzer,reached,XML012,15,1718695085.6039495
4321,472,libxml2,aflplusplus,libxml2_xml_read_memory_fuzzer,reached,XML012,15,1718695085.6039495
4322,473,libxml2,aflplusplus,libxml2_xml_read_memory_fuzzer,reached,XML012,15,1718695085.6039495
4323,474,libxml2,aflplusplus,libxml2_xml_read_memory_fuzzer,reached,XML012,15,1718695085.6039495
4324,475,libxml2,aflplusplus,libxml2_xml_read_memory_fuzzer,reached,XML012,15,1718695085.6039495
4325,476,libxml2,aflplusplus,libxml2_xml_read_memory_fuzzer,reached,XML012,15,1718695085.6039495
4326,477,libxml2,aflplusplus,libxml2_xml_read_memory_fuzzer,reached,XML012,15,1718695085.6039495
4327,459,libxml2,aflplusplus,libxml2_xml_read_memory_fuzzer,triggered,XML012,66690,1718695085.6039495
4328,461,libxml2,aflplusplus,libxml2_xml_read_memory_fuzzer,triggered,XML012,50675,1718695085.6039495
4329,470,libxml2,aflplusplus,libxml2_xml_read_memory_fuzzer,triggered,XML012,69805,1718695085.6039495
4330,476,libxml2,aflplusplus,libxml2_xml_read_memory_fuzzer,triggered,XML012,80505,1718695085.6039495
4331,458,libxml2,aflplusplus,libxml2_xml_read_memory_fuzzer,reached,XML003,15,1718695085.6039495
4332,459,libxml2,aflplusplus,libxml2_xml_read_memory_fuzzer,reached,XML003,15,1718695085.6039495
4333,460,libxml2,aflplusplus,libxml2_xml_read_memory_fuzzer,reached,XML003,15,1718695085.6039495
4334,461,libxml2,aflplusplus,libxml2_xml_read_memory_fuzzer,reached,XML003,15,1718695085.6039495
4335,462,libxml2,aflplusplus,libxml2_xml_read_memory_fuzzer,reached,XML003,15,1718695085.6039495
4336,463,libxml2,aflplusplus,libxml2_xml_read_memory_fuzzer,reached,XML003,15,1718695085.6039495
4337,464,libxml2,aflplusplus,libxml2_xml_read_memory_fuzzer,reached,XML003,15,1718695085.6039495
4338,465,libxml2,aflplusplus,libxml2_xml_read_memory_fuzzer,reached,XML003,15,1718695085.6039495
4339,466,libxml2,aflplusplus,libxml2_xml_read_memory_fuzzer,reached,XML003,15,1718695085.6039495
4340,467,libxml2,aflplusplus,libxml2_xml_read_memory_fuzzer,reached,XML003,15,1718695085.6039495
4341,468,libxml2,aflplusplus,libxml2_xml_read_memory_fuzzer,reached,XML003,15,1718695085.6039495
4342,469,libxml2,aflplusplus,libxml2_xml_read_memory_fuzzer,reached,XML003,15,1718695085.6039495
4343,470,libxml2,aflplusplus,libxml2_xml_read_memory_fuzzer,reached,XML003,15,1718695085.6039495
4344,471,libxml2,aflplusplus,libxml2_xml_read_memory_fuzzer,reached,XML003,15,1718695085.6039495
4345,472,libxml2,aflplusplus,libxml2_xml_read_memory_fuzzer,reached,XML003,15,1718695085.6039495
4346,473,libxml2,aflplusplus,libxml2_xml_read_memory_fuzzer,reached,XML003,15,1718695085.6039495
4347,474,libxml2,aflplusplus,libxml2_xml_read_memory_fuzzer,reached,XML003,15,1718695085.6039495
4348,475,libxml2,aflplusplus,libxml2_xml_read_memory_fuzzer,reached,XML003,15,1718695085.6039495
4349,476,libxml2,aflplusplus,libxml2_xml_read_memory_fuzzer,reached,XML003,15,1718695085.6039495
4350,477,libxml2,aflplusplus,libxml2_xml_read_memory_fuzzer,reached,XML003,15,1718695085.6039495
4351,458,libxml2,aflplusplus,libxml2_xml_read_memory_fuzzer,triggered,XML003,3260,1718695085.6039495
4352,459,libxml2,aflplusplus,libxml2_xml_read_memory_fuzzer,triggered,XML003,4925,1718695085.6039495
4353,460,libxml2,aflplusplus,libxml2_xml_read_memory_fuzzer,triggered,XML003,1860,1718695085.6039495
4354,461,libxml2,aflplusplus,libxml2_xml_read_memory_fuzzer,triggered,XML003,17195,1718695085.6039495
4355,462,libxml2,aflplusplus,libxml2_xml_read_memory_fuzzer,triggered,XML003,1340,1718695085.6039495
4356,463,libxml2,aflplusplus,libxml2_xml_read_memory_fuzzer,triggered,XML003,1810,1718695085.6039495
4357,464,libxml2,aflplusplus,libxml2_xml_read_memory_fuzzer,triggered,XML003,265,1718695085.6039495
4358,465,libxml2,aflplusplus,libxml2_xml_read_memory_fuzzer,triggered,XML003,1115,1718695085.6039495
4359,466,libxml2,aflplusplus,libxml2_xml_read_memory_fuzzer,triggered,XML003,6795,1718695085.6039495
4360,467,libxml2,aflplusplus,libxml2_xml_read_memory_fuzzer,triggered,XML003,770,1718695085.6039495
4361,468,libxml2,aflplusplus,libxml2_xml_read_memory_fuzzer,triggered,XML003,11165,1718695085.6039495
4362,469,libxml2,aflplusplus,libxml2_xml_read_memory_fuzzer,triggered,XML003,12235,1718695085.6039495
4363,470,libxml2,aflplusplus,libxml2_xml_read_memory_fuzzer,triggered,XML003,7930,1718695085.6039495
4364,471,libxml2,aflplusplus,libxml2_xml_read_memory_fuzzer,triggered,XML003,845,1718695085.6039495
4365,472,libxml2,aflplusplus,libxml2_xml_read_memory_fuzzer,triggered,XML003,13290,1718695085.6039495
4366,473,libxml2,aflplusplus,libxml2_xml_read_memory_fuzzer,triggered,XML003,1125,1718695085.6039495
4367,474,libxml2,aflplusplus,libxml2_xml_read_memory_fuzzer,triggered,XML003,2795,1718695085.6039495
4368,475,libxml2,aflplusplus,libxml2_xml_read_memory_fuzzer,triggered,XML003,4910,1718695085.6039495
4369,476,libxml2,aflplusplus,libxml2_xml_read_memory_fuzzer,triggered,XML003,1565,1718695085.6039495
4370,477,libxml2,aflplusplus,libxml2_xml_read_memory_fuzzer,triggered,XML003,825,1718695085.6039495
4371,458,libxml2,aflplusplus,libxml2_xml_read_memory_fuzzer,reached,XML011,20,1718695085.6039495
4372,459,libxml2,aflplusplus,libxml2_xml_read_memory_fuzzer,reached,XML011,15,1718695085.6039495
4373,460,libxml2,aflplusplus,libxml2_xml_read_memory_fuzzer,reached,XML011,20,1718695085.6039495
4374,461,libxml2,aflplusplus,libxml2_xml_read_memory_fuzzer,reached,XML011,20,1718695085.6039495
4375,462,libxml2,aflplusplus,libxml2_xml_read_memory_fuzzer,reached,XML011,20,1718695085.6039495
4376,463,libxml2,aflplusplus,libxml2_xml_read_memory_fuzzer,reached,XML011,20,1718695085.6039495
4377,464,libxml2,aflplusplus,libxml2_xml_read_memory_fuzzer,reached,XML011,15,1718695085.6039495
4378,465,libxml2,aflplusplus,libxml2_xml_read_memory_fuzzer,reached,XML011,20,1718695085.6039495
4379,466,libxml2,aflplusplus,libxml2_xml_read_memory_fuzzer,reached,XML011,15,1718695085.6039495
4380,467,libxml2,aflplusplus,libxml2_xml_read_memory_fuzzer,reached,XML011,20,1718695085.6039495
4381,468,libxml2,aflplusplus,libxml2_xml_read_memory_fuzzer,reached,XML011,20,1718695085.6039495
4382,469,libxml2,aflplusplus,libxml2_xml_read_memory_fuzzer,reached,XML011,20,1718695085.6039495
4383,470,libxml2,aflplusplus,libxml2_xml_read_memory_fuzzer,reached,XML011,20,1718695085.6039495
4384,471,libxml2,aflplusplus,libxml2_xml_read_memory_fuzzer,reached,XML011,20,1718695085.6039495
4385,472,libxml2,aflplusplus,libxml2_xml_read_memory_fuzzer,reached,XML011,20,1718695085.6039495
4386,473,libxml2,aflplusplus,libxml2_xml_read_memory_fuzzer,reached,XML011,20,1718695085.6039495
4387,474,libxml2,aflplusplus,libxml2_xml_read_memory_fuzzer,reached,XML011,20,1718695085.6039495
4388,475,libxml2,aflplusplus,libxml2_xml_read_memory_fuzzer,reached,XML011,20,1718695085.6039495
4389,476,libxml2,aflplusplus,libxml2_xml_read_memory_fuzzer,reached,XML011,15,1718695085.6039495
4390,477,libxml2,aflplusplus,libxml2_xml_read_memory_fuzzer,reached,XML011,20,1718695085.6039495
4391,458,libxml2,aflplusplus,libxml2_xml_read_memory_fuzzer,reached,XML017,15,1718695085.6039495
4392,459,libxml2,aflplusplus,libxml2_xml_read_memory_fuzzer,reached,XML017,15,1718695085.6039495
4393,460,libxml2,aflplusplus,libxml2_xml_read_memory_fuzzer,reached,XML017,15,1718695085.6039495
4394,461,libxml2,aflplusplus,libxml2_xml_read_memory_fuzzer,reached,XML017,15,1718695085.6039495
4395,462,libxml2,aflplusplus,libxml2_xml_read_memory_fuzzer,reached,XML017,15,1718695085.6039495
4396,463,libxml2,aflplusplus,libxml2_xml_read_memory_fuzzer,reached,XML017,15,1718695085.6039495
4397,464,libxml2,aflplusplus,libxml2_xml_read_memory_fuzzer,reached,XML017,15,1718695085.6039495
4398,465,libxml2,aflplusplus,libxml2_xml_read_memory_fuzzer,reached,XML017,15,1718695085.6039495
4399,466,libxml2,aflplusplus,libxml2_xml_read_memory_fuzzer,reached,XML017,15,1718695085.6039495
4400,467,libxml2,aflplusplus,libxml2_xml_read_memory_fuzzer,reached,XML017,15,1718695085.6039495
4401,468,libxml2,aflplusplus,libxml2_xml_read_memory_fuzzer,reached,XML017,15,1718695085.6039495
4402,469,libxml2,aflplusplus,libxml2_xml_read_memory_fuzzer,reached,XML017,15,1718695085.6039495
4403,470,libxml2,aflplusplus,libxml2_xml_read_memory_fuzzer,reached,XML017,15,1718695085.6039495
4404,471,libxml2,aflplusplus,libxml2_xml_read_memory_fuzzer,reached,XML017,15,1718695085.6039495
4405,472,libxml2,aflplusplus,libxml2_xml_read_memory_fuzzer,reached,XML017,15,1718695085.6039495
4406,473,libxml2,aflplusplus,libxml2_xml_read_memory_fuzzer,reached,XML017,15,1718695085.6039495
4407,474,libxml2,aflplusplus,libxml2_xml_read_memory_fuzzer,reached,XML017,15,1718695085.6039495
4408,475,libxml2,aflplusplus,libxml2_xml_read_memory_fuzzer,reached,XML017,15,1718695085.6039495
4409,476,libxml2,aflplusplus,libxml2_xml_read_memory_fuzzer,reached,XML017,15,1718695085.6039495
4410,477,libxml2,aflplusplus,libxml2_xml_read_memory_fuzzer,reached,XML017,15,1718695085.6039495
4411,458,libxml2,aflplusplus,libxml2_xml_read_memory_fuzzer,triggered,XML017,25,1718695085.6039495
4412,459,libxml2,aflplusplus,libxml2_xml_read_memory_fuzzer,triggered,XML017,30,1718695085.6039495
4413,460,libxml2,aflplusplus,libxml2_xml_read_memory_fuzzer,triggered,XML017,45,1718695085.6039495
4414,461,libxml2,aflplusplus,libxml2_xml_read_memory_fuzzer,triggered,XML017,40,1718695085.6039495
4415,462,libxml2,aflplusplus,libxml2_xml_read_memory_fuzzer,triggered,XML017,25,1718695085.6039495
4416,463,libxml2,aflplusplus,libxml2_xml_read_memory_fuzzer,triggered,XML017,65,1718695085.6039495
4417,464,libxml2,aflplusplus,libxml2_xml_read_memory_fuzzer,triggered,XML017,20,1718695085.6039495
4418,465,libxml2,aflplusplus,libxml2_xml_read_memory_fuzzer,triggered,XML017,20,1718695085.6039495
4419,466,libxml2,aflplusplus,libxml2_xml_read_memory_fuzzer,triggered,XML017,20,1718695085.6039495
4420,467,libxml2,aflplusplus,libxml2_xml_read_memory_fuzzer,triggered,XML017,25,1718695085.6039495
4421,468,libxml2,aflplusplus,libxml2_xml_read_memory_fuzzer,triggered,XML017,115,1718695085.6039495
4422,469,libxml2,aflplusplus,libxml2_xml_read_memory_fuzzer,triggered,XML017,25,1718695085.6039495
4423,470,libxml2,aflplusplus,libxml2_xml_read_memory_fuzzer,triggered,XML017,25,1718695085.6039495
4424,471,libxml2,aflplusplus,libxml2_xml_read_memory_fuzzer,triggered,XML017,25,1718695085.6039495
4425,472,libxml2,aflplusplus,libxml2_xml_read_memory_fuzzer,triggered,XML017,40,1718695085.6039495
4426,473,libxml2,aflplusplus,libxml2_xml_read_memory_fuzzer,triggered,XML017,25,1718695085.6039495
4427,474,libxml2,aflplusplus,libxml2_xml_read_memory_fuzzer,triggered,XML017,55,1718695085.6039495
4428,475,libxml2,aflplusplus,libxml2_xml_read_memory_fuzzer,triggered,XML017,25,1718695085.6039495
4429,476,libxml2,aflplusplus,libxml2_xml_read_memory_fuzzer,triggered,XML017,70,1718695085.6039495
4430,477,libxml2,aflplusplus,libxml2_xml_read_memory_fuzzer,triggered,XML017,45,1718695085.6039495
4431,476,libxml2,aflplusplus,libxml2_xml_read_memory_fuzzer,reached,XML002,28125,1718695085.6039495
4432,476,libxml2,aflplusplus,libxml2_xml_read_memory_fuzzer,triggered,XML002,28125,1718695085.6039495
4433,478,lua,aflplusplus,lua,reached,LUA004,21470,1718695085.6039495
4434,479,lua,aflplusplus,lua,reached,LUA004,17735,1718695085.6039495
4435,480,lua,aflplusplus,lua,reached,LUA004,18145,1718695085.6039495
4436,481,lua,aflplusplus,lua,reached,LUA004,32595,1718695085.6039495
4437,482,lua,aflplusplus,lua,reached,LUA004,24270,1718695085.6039495
4438,483,lua,aflplusplus,lua,reached,LUA004,11390,1718695085.6039495
4439,484,lua,aflplusplus,lua,reached,LUA004,22325,1718695085.6039495
4440,485,lua,aflplusplus,lua,reached,LUA004,22325,1718695085.6039495
4441,486,lua,aflplusplus,lua,reached,LUA004,25560,1718695085.6039495
4442,487,lua,aflplusplus,lua,reached,LUA004,3400,1718695085.6039495
4443,488,lua,aflplusplus,lua,reached,LUA004,26575,1718695085.6039495
4444,489,lua,aflplusplus,lua,reached,LUA004,65985,1718695085.6039495
4445,490,lua,aflplusplus,lua,reached,LUA004,15400,1718695085.6039495
4446,491,lua,aflplusplus,lua,reached,LUA004,19790,1718695085.6039495
4447,492,lua,aflplusplus,lua,reached,LUA004,16510,1718695085.6039495
4448,493,lua,aflplusplus,lua,reached,LUA004,7885,1718695085.6039495
4449,494,lua,aflplusplus,lua,reached,LUA004,33445,1718695085.6039495
4450,495,lua,aflplusplus,lua,reached,LUA004,12885,1718695085.6039495
4451,496,lua,aflplusplus,lua,reached,LUA004,73250,1718695085.6039495
4452,478,lua,aflplusplus,lua,triggered,LUA004,21490,1718695085.6039495
4453,479,lua,aflplusplus,lua,triggered,LUA004,17735,1718695085.6039495
4454,480,lua,aflplusplus,lua,triggered,LUA004,18145,1718695085.6039495
4455,481,lua,aflplusplus,lua,triggered,LUA004,32595,1718695085.6039495
4456,482,lua,aflplusplus,lua,triggered,LUA004,24270,1718695085.6039495
4457,483,lua,aflplusplus,lua,triggered,LUA004,11390,1718695085.6039495
4458,484,lua,aflplusplus,lua,triggered,LUA004,22325,1718695085.6039495
4459,485,lua,aflplusplus,lua,triggered,LUA004,22325,1718695085.6039495
4460,486,lua,aflplusplus,lua,triggered,LUA004,25565,1718695085.6039495
4461,487,lua,aflplusplus,lua,triggered,LUA004,3400,1718695085.6039495
4462,488,lua,aflplusplus,lua,triggered,LUA004,26575,1718695085.6039495
4463,489,lua,aflplusplus,lua,triggered,LUA004,65985,1718695085.6039495
4464,490,lua,aflplusplus,lua,triggered,LUA004,15410,1718695085.6039495
4465,491,lua,aflplusplus,lua,triggered,LUA004,19790,1718695085.6039495
4466,492,lua,aflplusplus,lua,triggered,LUA004,16510,1718695085.6039495
4467,493,lua,aflplusplus,lua,triggered,LUA004,8250,1718695085.6039495
4468,494,lua,aflplusplus,lua,triggered,LUA004,33540,1718695085.6039495
4469,495,lua,aflplusplus,lua,triggered,LUA004,12885,1718695085.6039495
4470,496,lua,aflplusplus,lua,triggered,LUA004,73250,1718695085.6039495
4471,478,lua,aflplusplus,lua,reached,LUA002,21490,1718695085.6039495
4472,479,lua,aflplusplus,lua,reached,LUA002,17765,1718695085.6039495
4473,480,lua,aflplusplus,lua,reached,LUA002,18150,1718695085.6039495
4474,481,lua,aflplusplus,lua,reached,LUA002,34105,1718695085.6039495
4475,482,lua,aflplusplus,lua,reached,LUA002,25030,1718695085.6039495
4476,483,lua,aflplusplus,lua,reached,LUA002,11395,1718695085.6039495
4477,484,lua,aflplusplus,lua,reached,LUA002,22330,1718695085.6039495
4478,485,lua,aflplusplus,lua,reached,LUA002,22355,1718695085.6039495
4479,486,lua,aflplusplus,lua,reached,LUA002,25565,1718695085.6039495
4480,487,lua,aflplusplus,lua,reached,LUA002,8430,1718695085.6039495
4481,488,lua,aflplusplus,lua,reached,LUA002,29290,1718695085.6039495
4482,489,lua,aflplusplus,lua,reached,LUA002,65995,1718695085.6039495
4483,490,lua,aflplusplus,lua,reached,LUA002,15410,1718695085.6039495
4484,492,lua,aflplusplus,lua,reached,LUA002,16590,1718695085.6039495
4485,493,lua,aflplusplus,lua,reached,LUA002,8250,1718695085.6039495
4486,494,lua,aflplusplus,lua,reached,LUA002,33540,1718695085.6039495
4487,495,lua,aflplusplus,lua,reached,LUA002,24320,1718695085.6039495
4488,497,libsndfile,aflplusplus,sndfile_fuzzer,reached,SND017,150,1718695085.6039495
4489,498,libsndfile,aflplusplus,sndfile_fuzzer,reached,SND017,180,1718695085.6039495
4490,499,libsndfile,aflplusplus,sndfile_fuzzer,reached,SND017,245,1718695085.6039495
4491,500,libsndfile,aflplusplus,sndfile_fuzzer,reached,SND017,50,1718695085.6039495
4492,501,libsndfile,aflplusplus,sndfile_fuzzer,reached,SND017,20,1718695085.6039495
4493,502,libsndfile,aflplusplus,sndfile_fuzzer,reached,SND017,240,1718695085.6039495
4494,503,libsndfile,aflplusplus,sndfile_fuzzer,reached,SND017,985,1718695085.6039495
4495,504,libsndfile,aflplusplus,sndfile_fuzzer,reached,SND017,400,1718695085.6039495
4496,505,libsndfile,aflplusplus,sndfile_fuzzer,reached,SND017,1260,1718695085.6039495
4497,506,libsndfile,aflplusplus,sndfile_fuzzer,reached,SND017,565,1718695085.6039495
4498,507,libsndfile,aflplusplus,sndfile_fuzzer,reached,SND017,20,1718695085.6039495
4499,508,libsndfile,aflplusplus,sndfile_fuzzer,reached,SND017,40,1718695085.6039495
4500,509,libsndfile,aflplusplus,sndfile_fuzzer,reached,SND017,440,1718695085.6039495
4501,510,libsndfile,aflplusplus,sndfile_fuzzer,reached,SND017,90,1718695085.6039495
4502,511,libsndfile,aflplusplus,sndfile_fuzzer,reached,SND017,510,1718695085.6039495
4503,512,libsndfile,aflplusplus,sndfile_fuzzer,reached,SND017,30,1718695085.6039495
4504,513,libsndfile,aflplusplus,sndfile_fuzzer,reached,SND017,100,1718695085.6039495
4505,514,libsndfile,aflplusplus,sndfile_fuzzer,reached,SND017,315,1718695085.6039495
4506,515,libsndfile,aflplusplus,sndfile_fuzzer,reached,SND017,1005,1718695085.6039495
4507,516,libsndfile,aflplusplus,sndfile_fuzzer,reached,SND017,40,1718695085.6039495
4508,497,libsndfile,aflplusplus,sndfile_fuzzer,triggered,SND017,155,1718695085.6039495
4509,498,libsndfile,aflplusplus,sndfile_fuzzer,triggered,SND017,200,1718695085.6039495
4510,499,libsndfile,aflplusplus,sndfile_fuzzer,triggered,SND017,250,1718695085.6039495
4511,500,libsndfile,aflplusplus,sndfile_fuzzer,triggered,SND017,65,1718695085.6039495
4512,501,libsndfile,aflplusplus,sndfile_fuzzer,triggered,SND017,20,1718695085.6039495
4513,502,libsndfile,aflplusplus,sndfile_fuzzer,triggered,SND017,310,1718695085.6039495
4514,503,libsndfile,aflplusplus,sndfile_fuzzer,triggered,SND017,1000,1718695085.6039495
4515,504,libsndfile,aflplusplus,sndfile_fuzzer,triggered,SND017,405,1718695085.6039495
4516,505,libsndfile,aflplusplus,sndfile_fuzzer,triggered,SND017,1770,1718695085.6039495
4517,506,libsndfile,aflplusplus,sndfile_fuzzer,triggered,SND017,565,1718695085.6039495
4518,507,libsndfile,aflplusplus,sndfile_fuzzer,triggered,SND017,20,1718695085.6039495
4519,508,libsndfile,aflplusplus,sndfile_fuzzer,triggered,SND017,40,1718695085.6039495
4520,509,libsndfile,aflplusplus,sndfile_fuzzer,triggered,SND017,440,1718695085.6039495
4521,510,libsndfile,aflplusplus,sndfile_fuzzer,triggered,SND017,90,1718695085.6039495
4522,511,libsndfile,aflplusplus,sndfile_fuzzer,triggered,SND017,525,1718695085.6039495
4523,512,libsndfile,aflplusplus,sndfile_fuzzer,triggered,SND017,30,1718695085.6039495
4524,513,libsndfile,aflplusplus,sndfile_fuzzer,triggered,SND017,100,1718695085.6039495
4525,514,libsndfile,aflplusplus,sndfile_fuzzer,triggered,SND017,315,1718695085.6039495
4526,515,libsndfile,aflplusplus,sndfile_fuzzer,triggered,SND017,1190,1718695085.6039495
4527,516,libsndfile,aflplusplus,sndfile_fuzzer,triggered,SND017,40,1718695085.6039495
4528,497,libsndfile,aflplusplus,sndfile_fuzzer,reached,SND005,20,1718695085.6039495
4529,498,libsndfile,aflplusplus,sndfile_fuzzer,reached,SND005,180,1718695085.6039495
4530,499,libsndfile,aflplusplus,sndfile_fuzzer,reached,SND005,60,1718695085.6039495
4531,500,libsndfile,aflplusplus,sndfile_fuzzer,reached,SND005,50,1718695085.6039495
4532,501,libsndfile,aflplusplus,sndfile_fuzzer,reached,SND005,20,1718695085.6039495
4533,502,libsndfile,aflplusplus,sndfile_fuzzer,reached,SND005,60,1718695085.6039495
4534,503,libsndfile,aflplusplus,sndfile_fuzzer,reached,SND005,35,1718695085.6039495
4535,504,libsndfile,aflplusplus,sndfile_fuzzer,reached,SND005,30,1718695085.6039495
4536,505,libsndfile,aflplusplus,sndfile_fuzzer,reached,SND005,155,1718695085.6039495
4537,506,libsndfile,aflplusplus,sndfile_fuzzer,reached,SND005,40,1718695085.6039495
4538,507,libsndfile,aflplusplus,sndfile_fuzzer,reached,SND005,20,1718695085.6039495
4539,508,libsndfile,aflplusplus,sndfile_fuzzer,reached,SND005,35,1718695085.6039495
4540,509,libsndfile,aflplusplus,sndfile_fuzzer,reached,SND005,435,1718695085.6039495
4541,510,libsndfile,aflplusplus,sndfile_fuzzer,reached,SND005,85,1718695085.6039495
4542,511,libsndfile,aflplusplus,sndfile_fuzzer,reached,SND005,75,1718695085.6039495
4543,512,libsndfile,aflplusplus,sndfile_fuzzer,reached,SND005,20,1718695085.6039495
4544,513,libsndfile,aflplusplus,sndfile_fuzzer,reached,SND005,100,1718695085.6039495
4545,514,libsndfile,aflplusplus,sndfile_fuzzer,reached,SND005,75,1718695085.6039495
4546,515,libsndfile,aflplusplus,sndfile_fuzzer,reached,SND005,20,1718695085.6039495
4547,516,libsndfile,aflplusplus,sndfile_fuzzer,reached,SND005,40,1718695085.6039495
4548,497,libsndfile,aflplusplus,sndfile_fuzzer,triggered,SND005,355,1718695085.6039495
4549,498,libsndfile,aflplusplus,sndfile_fuzzer,triggered,SND005,6695,1718695085.6039495
4550,499,libsndfile,aflplusplus,sndfile_fuzzer,triggered,SND005,75,1718695085.6039495
4551,500,libsndfile,aflplusplus,sndfile_fuzzer,triggered,SND005,395,1718695085.6039495
4552,501,libsndfile,aflplusplus,sndfile_fuzzer,triggered,SND005,60,1718695085.6039495
4553,502,libsndfile,aflplusplus,sndfile_fuzzer,triggered,SND005,255,1718695085.6039495
4554,503,libsndfile,aflplusplus,sndfile_fuzzer,triggered,SND005,240,1718695085.6039495
4555,504,libsndfile,aflplusplus,sndfile_fuzzer,triggered,SND005,315,1718695085.6039495
4556,505,libsndfile,aflplusplus,sndfile_fuzzer,triggered,SND005,1840,1718695085.6039495
4557,506,libsndfile,aflplusplus,sndfile_fuzzer,triggered,SND005,225,1718695085.6039495
4558,507,libsndfile,aflplusplus,sndfile_fuzzer,triggered,SND005,845,1718695085.6039495
4559,508,libsndfile,aflplusplus,sndfile_fuzzer,triggered,SND005,3700,1718695085.6039495
4560,509,libsndfile,aflplusplus,sndfile_fuzzer,triggered,SND005,1720,1718695085.6039495
4561,510,libsndfile,aflplusplus,sndfile_fuzzer,triggered,SND005,1950,1718695085.6039495
4562,511,libsndfile,aflplusplus,sndfile_fuzzer,triggered,SND005,85,1718695085.6039495
4563,512,libsndfile,aflplusplus,sndfile_fuzzer,triggered,SND005,1550,1718695085.6039495
4564,513,libsndfile,aflplusplus,sndfile_fuzzer,triggered,SND005,320,1718695085.6039495
4565,514,libsndfile,aflplusplus,sndfile_fuzzer,triggered,SND005,1945,1718695085.6039495
4566,515,libsndfile,aflplusplus,sndfile_fuzzer,triggered,SND005,55,1718695085.6039495
4567,516,libsndfile,aflplusplus,sndfile_fuzzer,triggered,SND005,2050,1718695085.6039495
4568,497,libsndfile,aflplusplus,sndfile_fuzzer,reached,SND007,15,1718695085.6039495
4569,498,libsndfile,aflplusplus,sndfile_fuzzer,reached,SND007,15,1718695085.6039495
4570,499,libsndfile,aflplusplus,sndfile_fuzzer,reached,SND007,15,1718695085.6039495
4571,500,libsndfile,aflplusplus,sndfile_fuzzer,reached,SND007,15,1718695085.6039495
4572,501,libsndfile,aflplusplus,sndfile_fuzzer,reached,SND007,15,1718695085.6039495
4573,502,libsndfile,aflplusplus,sndfile_fuzzer,reached,SND007,15,1718695085.6039495
4574,503,libsndfile,aflplusplus,sndfile_fuzzer,reached,SND007,15,1718695085.6039495
4575,504,libsndfile,aflplusplus,sndfile_fuzzer,reached,SND007,15,1718695085.6039495
4576,505,libsndfile,aflplusplus,sndfile_fuzzer,reached,SND007,15,1718695085.6039495
4577,506,libsndfile,aflplusplus,sndfile_fuzzer,reached,SND007,15,1718695085.6039495
4578,507,libsndfile,aflplusplus,sndfile_fuzzer,reached,SND007,15,1718695085.6039495
4579,508,libsndfile,aflplusplus,sndfile_fuzzer,reached,SND007,15,1718695085.6039495
4580,509,libsndfile,aflplusplus,sndfile_fuzzer,reached,SND007,15,1718695085.6039495
4581,510,libsndfile,aflplusplus,sndfile_fuzzer,reached,SND007,15,1718695085.6039495
4582,511,libsndfile,aflplusplus,sndfile_fuzzer,reached,SND007,15,1718695085.6039495
4583,512,libsndfile,aflplusplus,sndfile_fuzzer,reached,SND007,15,1718695085.6039495
4584,513,libsndfile,aflplusplus,sndfile_fuzzer,reached,SND007,15,1718695085.6039495
4585,514,libsndfile,aflplusplus,sndfile_fuzzer,reached,SND007,15,1718695085.6039495
4586,515,libsndfile,aflplusplus,sndfile_fuzzer,reached,SND007,15,1718695085.6039495
4587,516,libsndfile,aflplusplus,sndfile_fuzzer,reached,SND007,15,1718695085.6039495
4588,497,libsndfile,aflplusplus,sndfile_fuzzer,triggered,SND007,805,1718695085.6039495
4589,498,libsndfile,aflplusplus,sndfile_fuzzer,triggered,SND007,2345,1718695085.6039495
4590,499,libsndfile,aflplusplus,sndfile_fuzzer,triggered,SND007,2635,1718695085.6039495
4591,500,libsndfile,aflplusplus,sndfile_fuzzer,triggered,SND007,1505,1718695085.6039495
4592,501,libsndfile,aflplusplus,sndfile_fuzzer,triggered,SND007,1940,1718695085.6039495
4593,502,libsndfile,aflplusplus,sndfile_fuzzer,triggered,SND007,1995,1718695085.6039495
4594,503,libsndfile,aflplusplus,sndfile_fuzzer,triggered,SND007,1750,1718695085.6039495
4595,504,libsndfile,aflplusplus,sndfile_fuzzer,triggered,SND007,2230,1718695085.6039495
4596,505,libsndfile,aflplusplus,sndfile_fuzzer,triggered,SND007,735,1718695085.6039495
4597,506,libsndfile,aflplusplus,sndfile_fuzzer,triggered,SND007,3680,1718695085.6039495
4598,507,libsndfile,aflplusplus,sndfile_fuzzer,triggered,SND007,2420,1718695085.6039495
4599,508,libsndfile,aflplusplus,sndfile_fuzzer,triggered,SND007,2275,1718695085.6039495
4600,509,libsndfile,aflplusplus,sndfile_fuzzer,triggered,SND007,555,1718695085.6039495
4601,510,libsndfile,aflplusplus,sndfile_fuzzer,triggered,SND007,2125,1718695085.6039495
4602,511,libsndfile,aflplusplus,sndfile_fuzzer,triggered,SND007,1875,1718695085.6039495
4603,512,libsndfile,aflplusplus,sndfile_fuzzer,triggered,SND007,1405,1718695085.6039495
4604,513,libsndfile,aflplusplus,sndfile_fuzzer,triggered,SND007,3030,1718695085.6039495
4605,514,libsndfile,aflplusplus,sndfile_fuzzer,triggered,SND007,3230,1718695085.6039495
4606,515,libsndfile,aflplusplus,sndfile_fuzzer,triggered,SND007,2365,1718695085.6039495
4607,516,libsndfile,aflplusplus,sndfile_fuzzer,triggered,SND007,2320,1718695085.6039495
4608,497,libsndfile,aflplusplus,sndfile_fuzzer,reached,SND016,10,1718695085.6039495
4609,498,libsndfile,aflplusplus,sndfile_fuzzer,reached,SND016,10,1718695085.6039495
4610,499,libsndfile,aflplusplus,sndfile_fuzzer,reached,SND016,10,1718695085.6039495
4611,500,libsndfile,aflplusplus,sndfile_fuzzer,reached,SND016,10,1718695085.6039495
4612,501,libsndfile,aflplusplus,sndfile_fuzzer,reached,SND016,10,1718695085.6039495
4613,502,libsndfile,aflplusplus,sndfile_fuzzer,reached,SND016,10,1718695085.6039495
4614,503,libsndfile,aflplusplus,sndfile_fuzzer,reached,SND016,10,1718695085.6039495
4615,504,libsndfile,aflplusplus,sndfile_fuzzer,reached,SND016,10,1718695085.6039495
4616,505,libsndfile,aflplusplus,sndfile_fuzzer,reached,SND016,10,1718695085.6039495
4617,506,libsndfile,aflplusplus,sndfile_fuzzer,reached,SND016,10,1718695085.6039495
4618,507,libsndfile,aflplusplus,sndfile_fuzzer,reached,SND016,10,1718695085.6039495
4619,508,libsndfile,aflplusplus,sndfile_fuzzer,reached,SND016,10,1718695085.6039495
4620,509,libsndfile,aflplusplus,sndfile_fuzzer,reached,SND016,10,1718695085.6039495
4621,510,libsndfile,aflplusplus,sndfile_fuzzer,reached,SND016,10,1718695085.6039495
4622,511,libsndfile,aflplusplus,sndfile_fuzzer,reached,SND016,10,1718695085.6039495
4623,512,libsndfile,aflplusplus,sndfile_fuzzer,reached,SND016,10,1718695085.6039495
4624,513,libsndfile,aflplusplus,sndfile_fuzzer,reached,SND016,10,1718695085.6039495
4625,514,libsndfile,aflplusplus,sndfile_fuzzer,reached,SND016,10,1718695085.6039495
4626,515,libsndfile,aflplusplus,sndfile_fuzzer,reached,SND016,10,1718695085.6039495
4627,516,libsndfile,aflplusplus,sndfile_fuzzer,reached,SND016,10,1718695085.6039495
4628,497,libsndfile,aflplusplus,sndfile_fuzzer,reached,SND001,20,1718695085.6039495
4629,498,libsndfile,aflplusplus,sndfile_fuzzer,reached,SND001,180,1718695085.6039495
4630,499,libsndfile,aflplusplus,sndfile_fuzzer,reached,SND001,60,1718695085.6039495
4631,500,libsndfile,aflplusplus,sndfile_fuzzer,reached,SND001,50,1718695085.6039495
4632,501,libsndfile,aflplusplus,sndfile_fuzzer,reached,SND001,20,1718695085.6039495
4633,502,libsndfile,aflplusplus,sndfile_fuzzer,reached,SND001,60,1718695085.6039495
4634,503,libsndfile,aflplusplus,sndfile_fuzzer,reached,SND001,35,1718695085.6039495
4635,504,libsndfile,aflplusplus,sndfile_fuzzer,reached,SND001,30,1718695085.6039495
4636,505,libsndfile,aflplusplus,sndfile_fuzzer,reached,SND001,155,1718695085.6039495
4637,506,libsndfile,aflplusplus,sndfile_fuzzer,reached,SND001,40,1718695085.6039495
4638,507,libsndfile,aflplusplus,sndfile_fuzzer,reached,SND001,20,1718695085.6039495
4639,508,libsndfile,aflplusplus,sndfile_fuzzer,reached,SND001,35,1718695085.6039495
4640,509,libsndfile,aflplusplus,sndfile_fuzzer,reached,SND001,435,1718695085.6039495
4641,510,libsndfile,aflplusplus,sndfile_fuzzer,reached,SND001,85,1718695085.6039495
4642,511,libsndfile,aflplusplus,sndfile_fuzzer,reached,SND001,75,1718695085.6039495
4643,512,libsndfile,aflplusplus,sndfile_fuzzer,reached,SND001,20,1718695085.6039495
4644,513,libsndfile,aflplusplus,sndfile_fuzzer,reached,SND001,100,1718695085.6039495
4645,514,libsndfile,aflplusplus,sndfile_fuzzer,reached,SND001,75,1718695085.6039495
4646,515,libsndfile,aflplusplus,sndfile_fuzzer,reached,SND001,20,1718695085.6039495
4647,516,libsndfile,aflplusplus,sndfile_fuzzer,reached,SND001,40,1718695085.6039495
4648,497,libsndfile,aflplusplus,sndfile_fuzzer,triggered,SND001,325,1718695085.6039495
4649,498,libsndfile,aflplusplus,sndfile_fuzzer,triggered,SND001,870,1718695085.6039495
4650,499,libsndfile,aflplusplus,sndfile_fuzzer,triggered,SND001,130,1718695085.6039495
4651,500,libsndfile,aflplusplus,sndfile_fuzzer,triggered,SND001,490,1718695085.6039495
4652,501,libsndfile,aflplusplus,sndfile_fuzzer,triggered,SND001,170,1718695085.6039495
4653,502,libsndfile,aflplusplus,sndfile_fuzzer,triggered,SND001,70,1718695085.6039495
4654,503,libsndfile,aflplusplus,sndfile_fuzzer,triggered,SND001,1050,1718695085.6039495
4655,504,libsndfile,aflplusplus,sndfile_fuzzer,triggered,SND001,45,1718695085.6039495
4656,505,libsndfile,aflplusplus,sndfile_fuzzer,triggered,SND001,155,1718695085.6039495
4657,506,libsndfile,aflplusplus,sndfile_fuzzer,triggered,SND001,305,1718695085.6039495
4658,507,libsndfile,aflplusplus,sndfile_fuzzer,triggered,SND001,50,1718695085.6039495
4659,508,libsndfile,aflplusplus,sndfile_fuzzer,triggered,SND001,745,1718695085.6039495
4660,509,libsndfile,aflplusplus,sndfile_fuzzer,triggered,SND001,770,1718695085.6039495
4661,510,libsndfile,aflplusplus,sndfile_fuzzer,triggered,SND001,395,1718695085.6039495
4662,511,libsndfile,aflplusplus,sndfile_fuzzer,triggered,SND001,220,1718695085.6039495
4663,512,libsndfile,aflplusplus,sndfile_fuzzer,triggered,SND001,1465,1718695085.6039495
4664,513,libsndfile,aflplusplus,sndfile_fuzzer,triggered,SND001,1315,1718695085.6039495
4665,514,libsndfile,aflplusplus,sndfile_fuzzer,triggered,SND001,820,1718695085.6039495
4666,515,libsndfile,aflplusplus,sndfile_fuzzer,triggered,SND001,920,1718695085.6039495
4667,516,libsndfile,aflplusplus,sndfile_fuzzer,triggered,SND001,710,1718695085.6039495
4668,497,libsndfile,aflplusplus,sndfile_fuzzer,reached,SND024,15,1718695085.6039495
4669,498,libsndfile,aflplusplus,sndfile_fuzzer,reached,SND024,15,1718695085.6039495
4670,499,libsndfile,aflplusplus,sndfile_fuzzer,reached,SND024,15,1718695085.6039495
4671,500,libsndfile,aflplusplus,sndfile_fuzzer,reached,SND024,15,1718695085.6039495
4672,501,libsndfile,aflplusplus,sndfile_fuzzer,reached,SND024,15,1718695085.6039495
4673,502,libsndfile,aflplusplus,sndfile_fuzzer,reached,SND024,15,1718695085.6039495
4674,503,libsndfile,aflplusplus,sndfile_fuzzer,reached,SND024,15,1718695085.6039495
4675,504,libsndfile,aflplusplus,sndfile_fuzzer,reached,SND024,15,1718695085.6039495
4676,505,libsndfile,aflplusplus,sndfile_fuzzer,reached,SND024,15,1718695085.6039495
4677,506,libsndfile,aflplusplus,sndfile_fuzzer,reached,SND024,15,1718695085.6039495
4678,507,libsndfile,aflplusplus,sndfile_fuzzer,reached,SND024,15,1718695085.6039495
4679,508,libsndfile,aflplusplus,sndfile_fuzzer,reached,SND024,15,1718695085.6039495
4680,509,libsndfile,aflplusplus,sndfile_fuzzer,reached,SND024,15,1718695085.6039495
4681,510,libsndfile,aflplusplus,sndfile_fuzzer,reached,SND024,15,1718695085.6039495
4682,511,libsndfile,aflplusplus,sndfile_fuzzer,reached,SND024,15,1718695085.6039495
4683,512,libsndfile,aflplusplus,sndfile_fuzzer,reached,SND024,15,1718695085.6039495
4684,513,libsndfile,aflplusplus,sndfile_fuzzer,reached,SND024,15,1718695085.6039495
4685,514,libsndfile,aflplusplus,sndfile_fuzzer,reached,SND024,15,1718695085.6039495
4686,515,libsndfile,aflplusplus,sndfile_fuzzer,reached,SND024,15,1718695085.6039495
4687,516,libsndfile,aflplusplus,sndfile_fuzzer,reached,SND024,15,1718695085.6039495
4688,497,libsndfile,aflplusplus,sndfile_fuzzer,triggered,SND024,790,1718695085.6039495
4689,498,libsndfile,aflplusplus,sndfile_fuzzer,triggered,SND024,2235,1718695085.6039495
4690,499,libsndfile,aflplusplus,sndfile_fuzzer,triggered,SND024,2615,1718695085.6039495
4691,500,libsndfile,aflplusplus,sndfile_fuzzer,triggered,SND024,1480,1718695085.6039495
4692,501,libsndfile,aflplusplus,sndfile_fuzzer,triggered,SND024,1385,1718695085.6039495
4693,502,libsndfile,aflplusplus,sndfile_fuzzer,triggered,SND024,1995,1718695085.6039495
4694,503,libsndfile,aflplusplus,sndfile_fuzzer,triggered,SND024,1745,1718695085.6039495
4695,504,libsndfile,aflplusplus,sndfile_fuzzer,triggered,SND024,2220,1718695085.6039495
4696,505,libsndfile,aflplusplus,sndfile_fuzzer,triggered,SND024,190,1718695085.6039495
4697,506,libsndfile,aflplusplus,sndfile_fuzzer,triggered,SND024,1375,1718695085.6039495
4698,507,libsndfile,aflplusplus,sndfile_fuzzer,triggered,SND024,1645,1718695085.6039495
4699,508,libsndfile,aflplusplus,sndfile_fuzzer,triggered,SND024,2275,1718695085.6039495
4700,509,libsndfile,aflplusplus,sndfile_fuzzer,triggered,SND024,555,1718695085.6039495
4701,510,libsndfile,aflplusplus,sndfile_fuzzer,triggered,SND024,2120,1718695085.6039495
4702,511,libsndfile,aflplusplus,sndfile_fuzzer,triggered,SND024,525,1718695085.6039495
4703,512,libsndfile,aflplusplus,sndfile_fuzzer,triggered,SND024,1390,1718695085.6039495
4704,513,libsndfile,aflplusplus,sndfile_fuzzer,triggered,SND024,2955,1718695085.6039495
4705,514,libsndfile,aflplusplus,sndfile_fuzzer,triggered,SND024,1690,1718695085.6039495
4706,515,libsndfile,aflplusplus,sndfile_fuzzer,triggered,SND024,2355,1718695085.6039495
4707,516,libsndfile,aflplusplus,sndfile_fuzzer,triggered,SND024,2320,1718695085.6039495
4708,497,libsndfile,aflplusplus,sndfile_fuzzer,reached,SND020,2655,1718695085.6039495
4709,498,libsndfile,aflplusplus,sndfile_fuzzer,reached,SND020,855,1718695085.6039495
4710,499,libsndfile,aflplusplus,sndfile_fuzzer,reached,SND020,250,1718695085.6039495
4711,500,libsndfile,aflplusplus,sndfile_fuzzer,reached,SND020,1835,1718695085.6039495
4712,501,libsndfile,aflplusplus,sndfile_fuzzer,reached,SND020,2320,1718695085.6039495
4713,502,libsndfile,aflplusplus,sndfile_fuzzer,reached,SND020,250,1718695085.6039495
4714,503,libsndfile,aflplusplus,sndfile_fuzzer,reached,SND020,1000,1718695085.6039495
4715,504,libsndfile,aflplusplus,sndfile_fuzzer,reached,SND020,405,1718695085.6039495
4716,505,libsndfile,aflplusplus,sndfile_fuzzer,reached,SND020,1270,1718695085.6039495
4717,506,libsndfile,aflplusplus,sndfile_fuzzer,reached,SND020,1450,1718695085.6039495
4718,507,libsndfile,aflplusplus,sndfile_fuzzer,reached,SND020,820,1718695085.6039495
4719,508,libsndfile,aflplusplus,sndfile_fuzzer,reached,SND020,995,1718695085.6039495
4720,509,libsndfile,aflplusplus,sndfile_fuzzer,reached,SND020,740,1718695085.6039495
4721,510,libsndfile,aflplusplus,sndfile_fuzzer,reached,SND020,1700,1718695085.6039495
4722,511,libsndfile,aflplusplus,sndfile_fuzzer,reached,SND020,520,1718695085.6039495
4723,512,libsndfile,aflplusplus,sndfile_fuzzer,reached,SND020,180,1718695085.6039495
4724,513,libsndfile,aflplusplus,sndfile_fuzzer,reached,SND020,215,1718695085.6039495
4725,514,libsndfile,aflplusplus,sndfile_fuzzer,reached,SND020,810,1718695085.6039495
4726,515,libsndfile,aflplusplus,sndfile_fuzzer,reached,SND020,1230,1718695085.6039495
4727,516,libsndfile,aflplusplus,sndfile_fuzzer,reached,SND020,985,1718695085.6039495
4728,497,libsndfile,aflplusplus,sndfile_fuzzer,triggered,SND020,2655,1718695085.6039495
4729,498,libsndfile,aflplusplus,sndfile_fuzzer,triggered,SND020,1640,1718695085.6039495
4730,499,libsndfile,aflplusplus,sndfile_fuzzer,triggered,SND020,1265,1718695085.6039495
4731,500,libsndfile,aflplusplus,sndfile_fuzzer,triggered,SND020,1835,1718695085.6039495
4732,501,libsndfile,aflplusplus,sndfile_fuzzer,triggered,SND020,2425,1718695085.6039495
4733,502,libsndfile,aflplusplus,sndfile_fuzzer,triggered,SND020,545,1718695085.6039495
4734,503,libsndfile,aflplusplus,sndfile_fuzzer,triggered,SND020,1430,1718695085.6039495
4735,504,libsndfile,aflplusplus,sndfile_fuzzer,triggered,SND020,455,1718695085.6039495
4736,505,libsndfile,aflplusplus,sndfile_fuzzer,triggered,SND020,1770,1718695085.6039495
4737,506,libsndfile,aflplusplus,sndfile_fuzzer,triggered,SND020,1625,1718695085.6039495
4738,507,libsndfile,aflplusplus,sndfile_fuzzer,triggered,SND020,1590,1718695085.6039495
4739,508,libsndfile,aflplusplus,sndfile_fuzzer,triggered,SND020,1970,1718695085.6039495
4740,509,libsndfile,aflplusplus,sndfile_fuzzer,triggered,SND020,1990,1718695085.6039495
4741,510,libsndfile,aflplusplus,sndfile_fuzzer,triggered,SND020,1840,1718695085.6039495
4742,511,libsndfile,aflplusplus,sndfile_fuzzer,triggered,SND020,895,1718695085.6039495
4743,512,libsndfile,aflplusplus,sndfile_fuzzer,triggered,SND020,1630,1718695085.6039495
4744,513,libsndfile,aflplusplus,sndfile_fuzzer,triggered,SND020,235,1718695085.6039495
4745,514,libsndfile,aflplusplus,sndfile_fuzzer,triggered,SND020,1260,1718695085.6039495
4746,515,libsndfile,aflplusplus,sndfile_fuzzer,triggered,SND020,1880,1718695085.6039495
4747,516,libsndfile,aflplusplus,sndfile_fuzzer,triggered,SND020,2325,1718695085.6039495
4748,497,libsndfile,aflplusplus,sndfile_fuzzer,reached,SND006,15,1718695085.6039495
4749,498,libsndfile,aflplusplus,sndfile_fuzzer,reached,SND006,15,1718695085.6039495
4750,499,libsndfile,aflplusplus,sndfile_fuzzer,reached,SND006,15,1718695085.6039495
4751,500,libsndfile,aflplusplus,sndfile_fuzzer,reached,SND006,15,1718695085.6039495
4752,501,libsndfile,aflplusplus,sndfile_fuzzer,reached,SND006,15,1718695085.6039495
4753,502,libsndfile,aflplusplus,sndfile_fuzzer,reached,SND006,15,1718695085.6039495
4754,503,libsndfile,aflplusplus,sndfile_fuzzer,reached,SND006,15,1718695085.6039495
4755,504,libsndfile,aflplusplus,sndfile_fuzzer,reached,SND006,15,1718695085.6039495
4756,505,libsndfile,aflplusplus,sndfile_fuzzer,reached,SND006,15,1718695085.6039495
4757,506,libsndfile,aflplusplus,sndfile_fuzzer,reached,SND006,15,1718695085.6039495
4758,507,libsndfile,aflplusplus,sndfile_fuzzer,reached,SND006,15,1718695085.6039495
4759,508,libsndfile,aflplusplus,sndfile_fuzzer,reached,SND006,15,1718695085.6039495
4760,509,libsndfile,aflplusplus,sndfile_fuzzer,reached,SND006,15,1718695085.6039495
4761,510,libsndfile,aflplusplus,sndfile_fuzzer,reached,SND006,15,1718695085.6039495
4762,511,libsndfile,aflplusplus,sndfile_fuzzer,reached,SND006,15,1718695085.6039495
4763,512,libsndfile,aflplusplus,sndfile_fuzzer,reached,SND006,15,1718695085.6039495
4764,513,libsndfile,aflplusplus,sndfile_fuzzer,reached,SND006,15,1718695085.6039495
4765,514,libsndfile,aflplusplus,sndfile_fuzzer,reached,SND006,15,1718695085.6039495
4766,515,libsndfile,aflplusplus,sndfile_fuzzer,reached,SND006,15,1718695085.6039495
4767,516,libsndfile,aflplusplus,sndfile_fuzzer,reached,SND006,15,1718695085.6039495
4768,497,libsndfile,aflplusplus,sndfile_fuzzer,triggered,SND006,795,1718695085.6039495
4769,498,libsndfile,aflplusplus,sndfile_fuzzer,triggered,SND006,2250,1718695085.6039495
4770,499,libsndfile,aflplusplus,sndfile_fuzzer,triggered,SND006,2625,1718695085.6039495
4771,500,libsndfile,aflplusplus,sndfile_fuzzer,triggered,SND006,1490,1718695085.6039495
4772,501,libsndfile,aflplusplus,sndfile_fuzzer,triggered,SND006,1940,1718695085.6039495
4773,502,libsndfile,aflplusplus,sndfile_fuzzer,triggered,SND006,2000,1718695085.6039495
4774,503,libsndfile,aflplusplus,sndfile_fuzzer,triggered,SND006,1750,1718695085.6039495
4775,504,libsndfile,aflplusplus,sndfile_fuzzer,triggered,SND006,2225,1718695085.6039495
4776,505,libsndfile,aflplusplus,sndfile_fuzzer,triggered,SND006,235,1718695085.6039495
4777,506,libsndfile,aflplusplus,sndfile_fuzzer,triggered,SND006,16705,1718695085.6039495
4778,507,libsndfile,aflplusplus,sndfile_fuzzer,triggered,SND006,3440,1718695085.6039495
4779,508,libsndfile,aflplusplus,sndfile_fuzzer,triggered,SND006,4155,1718695085.6039495
4780,509,libsndfile,aflplusplus,sndfile_fuzzer,triggered,SND006,3350,1718695085.6039495
4781,510,libsndfile,aflplusplus,sndfile_fuzzer,triggered,SND006,2645,1718695085.6039495
4782,511,libsndfile,aflplusplus,sndfile_fuzzer,triggered,SND006,530,1718695085.6039495
4783,512,libsndfile,aflplusplus,sndfile_fuzzer,triggered,SND006,1395,1718695085.6039495
4784,513,libsndfile,aflplusplus,sndfile_fuzzer,triggered,SND006,3030,1718695085.6039495
4785,514,libsndfile,aflplusplus,sndfile_fuzzer,triggered,SND006,28150,1718695085.6039495
4786,515,libsndfile,aflplusplus,sndfile_fuzzer,triggered,SND006,2360,1718695085.6039495
4787,516,libsndfile,aflplusplus,sndfile_fuzzer,triggered,SND006,2750,1718695085.6039495
4788,517,libpng,aflplusplus,libpng_read_fuzzer,reached,PNG005,15,1718695085.6039495
4789,518,libpng,aflplusplus,libpng_read_fuzzer,reached,PNG005,15,1718695085.6039495
4790,519,libpng,aflplusplus,libpng_read_fuzzer,reached,PNG005,15,1718695085.6039495
4791,520,libpng,aflplusplus,libpng_read_fuzzer,reached,PNG005,15,1718695085.6039495
4792,521,libpng,aflplusplus,libpng_read_fuzzer,reached,PNG005,15,1718695085.6039495
4793,522,libpng,aflplusplus,libpng_read_fuzzer,reached,PNG005,15,1718695085.6039495
4794,523,libpng,aflplusplus,libpng_read_fuzzer,reached,PNG005,15,1718695085.6039495
4795,524,libpng,aflplusplus,libpng_read_fuzzer,reached,PNG005,15,1718695085.6039495
4796,525,libpng,aflplusplus,libpng_read_fuzzer,reached,PNG005,15,1718695085.6039495
4797,517,libpng,aflplusplus,libpng_read_fuzzer,reached,PNG003,15,1718695085.6039495
4798,518,libpng,aflplusplus,libpng_read_fuzzer,reached,PNG003,15,1718695085.6039495
4799,519,libpng,aflplusplus,libpng_read_fuzzer,reached,PNG003,15,1718695085.6039495
4800,520,libpng,aflplusplus,libpng_read_fuzzer,reached,PNG003,15,1718695085.6039495
4801,521,libpng,aflplusplus,libpng_read_fuzzer,reached,PNG003,15,1718695085.6039495
4802,522,libpng,aflplusplus,libpng_read_fuzzer,reached,PNG003,15,1718695085.6039495
4803,523,libpng,aflplusplus,libpng_read_fuzzer,reached,PNG003,15,1718695085.6039495
4804,524,libpng,aflplusplus,libpng_read_fuzzer,reached,PNG003,15,1718695085.6039495
4805,525,libpng,aflplusplus,libpng_read_fuzzer,reached,PNG003,15,1718695085.6039495
4806,517,libpng,aflplusplus,libpng_read_fuzzer,triggered,PNG003,15,1718695085.6039495
4807,518,libpng,aflplusplus,libpng_read_fuzzer,triggered,PNG003,15,1718695085.6039495
4808,519,libpng,aflplusplus,libpng_read_fuzzer,triggered,PNG003,25,1718695085.6039495
4809,520,libpng,aflplusplus,libpng_read_fuzzer,triggered,PNG003,20,1718695085.6039495
4810,521,libpng,aflplusplus,libpng_read_fuzzer,triggered,PNG003,15,1718695085.6039495
4811,522,libpng,aflplusplus,libpng_read_fuzzer,triggered,PNG003,15,1718695085.6039495
4812,523,libpng,aflplusplus,libpng_read_fuzzer,triggered,PNG003,15,1718695085.6039495
4813,524,libpng,aflplusplus,libpng_read_fuzzer,triggered,PNG003,15,1718695085.6039495
4814,525,libpng,aflplusplus,libpng_read_fuzzer,triggered,PNG003,15,1718695085.6039495
4815,517,libpng,aflplusplus,libpng_read_fuzzer,reached,PNG001,15,1718695085.6039495
4816,518,libpng,aflplusplus,libpng_read_fuzzer,reached,PNG001,15,1718695085.6039495
4817,519,libpng,aflplusplus,libpng_read_fuzzer,reached,PNG001,15,1718695085.6039495
4818,520,libpng,aflplusplus,libpng_read_fuzzer,reached,PNG001,15,1718695085.6039495
4819,521,libpng,aflplusplus,libpng_read_fuzzer,reached,PNG001,15,1718695085.6039495
4820,522,libpng,aflplusplus,libpng_read_fuzzer,reached,PNG001,15,1718695085.6039495
4821,523,libpng,aflplusplus,libpng_read_fuzzer,reached,PNG001,15,1718695085.6039495
4822,524,libpng,aflplusplus,libpng_read_fuzzer,reached,PNG001,15,1718695085.6039495
4823,525,libpng,aflplusplus,libpng_read_fuzzer,reached,PNG001,15,1718695085.6039495
4824,525,libpng,aflplusplus,libpng_read_fuzzer,triggered,PNG001,1645,1718695085.6039495
4825,517,libpng,aflplusplus,libpng_read_fuzzer,reached,PNG004,15,1718695085.6039495
4826,518,libpng,aflplusplus,libpng_read_fuzzer,reached,PNG004,15,1718695085.6039495
4827,519,libpng,aflplusplus,libpng_read_fuzzer,reached,PNG004,15,1718695085.6039495
4828,520,libpng,aflplusplus,libpng_read_fuzzer,reached,PNG004,15,1718695085.6039495
4829,521,libpng,aflplusplus,libpng_read_fuzzer,reached,PNG004,15,1718695085.6039495
4830,522,libpng,aflplusplus,libpng_read_fuzzer,reached,PNG004,15,1718695085.6039495
4831,523,libpng,aflplusplus,libpng_read_fuzzer,reached,PNG004,15,1718695085.6039495
4832,524,libpng,aflplusplus,libpng_read_fuzzer,reached,PNG004,15,1718695085.6039495
4833,525,libpng,aflplusplus,libpng_read_fuzzer,reached,PNG004,15,1718695085.6039495
4834,517,libpng,aflplusplus,libpng_read_fuzzer,reached,PNG006,10,1718695085.6039495
4835,518,libpng,aflplusplus,libpng_read_fuzzer,reached,PNG006,10,1718695085.6039495
4836,519,libpng,aflplusplus,libpng_read_fuzzer,reached,PNG006,10,1718695085.6039495
4837,520,libpng,aflplusplus,libpng_read_fuzzer,reached,PNG006,10,1718695085.6039495
4838,521,libpng,aflplusplus,libpng_read_fuzzer,reached,PNG006,10,1718695085.6039495
4839,522,libpng,aflplusplus,libpng_read_fuzzer,reached,PNG006,10,1718695085.6039495
4840,523,libpng,aflplusplus,libpng_read_fuzzer,reached,PNG006,10,1718695085.6039495
4841,524,libpng,aflplusplus,libpng_read_fuzzer,reached,PNG006,10,1718695085.6039495
4842,525,libpng,aflplusplus,libpng_read_fuzzer,reached,PNG006,10,1718695085.6039495
4843,517,libpng,aflplusplus,libpng_read_fuzzer,triggered,PNG006,35,1718695085.6039495
4844,518,libpng,aflplusplus,libpng_read_fuzzer,triggered,PNG006,50,1718695085.6039495
4845,519,libpng,aflplusplus,libpng_read_fuzzer,triggered,PNG006,20,1718695085.6039495
4846,520,libpng,aflplusplus,libpng_read_fuzzer,triggered,PNG006,95,1718695085.6039495
4847,521,libpng,aflplusplus,libpng_read_fuzzer,triggered,PNG006,75,1718695085.6039495
4848,522,libpng,aflplusplus,libpng_read_fuzzer,triggered,PNG006,55,1718695085.6039495
4849,523,libpng,aflplusplus,libpng_read_fuzzer,triggered,PNG006,30,1718695085.6039495
4850,524,libpng,aflplusplus,libpng_read_fuzzer,triggered,PNG006,40,1718695085.6039495
4851,525,libpng,aflplusplus,libpng_read_fuzzer,triggered,PNG006,55,1718695085.6039495
4852,517,libpng,aflplusplus,libpng_read_fuzzer,reached,PNG007,15,1718695085.6039495
4853,518,libpng,aflplusplus,libpng_read_fuzzer,reached,PNG007,15,1718695085.6039495
4854,519,libpng,aflplusplus,libpng_read_fuzzer,reached,PNG007,15,1718695085.6039495
4855,520,libpng,aflplusplus,libpng_read_fuzzer,reached,PNG007,15,1718695085.6039495
4856,521,libpng,aflplusplus,libpng_read_fuzzer,reached,PNG007,15,1718695085.6039495
4857,522,libpng,aflplusplus,libpng_read_fuzzer,reached,PNG007,15,1718695085.6039495
4858,523,libpng,aflplusplus,libpng_read_fuzzer,reached,PNG007,15,1718695085.6039495
4859,524,libpng,aflplusplus,libpng_read_fuzzer,reached,PNG007,15,1718695085.6039495
4860,525,libpng,aflplusplus,libpng_read_fuzzer,reached,PNG007,15,1718695085.6039495
4861,517,libpng,aflplusplus,libpng_read_fuzzer,triggered,PNG007,1665,1718695085.6039495
4862,518,libpng,aflplusplus,libpng_read_fuzzer,triggered,PNG007,39510,1718695085.6039495
4863,519,libpng,aflplusplus,libpng_read_fuzzer,triggered,PNG007,48455,1718695085.6039495
4864,521,libpng,aflplusplus,libpng_read_fuzzer,triggered,PNG007,5255,1718695085.6039495
4865,524,libpng,aflplusplus,libpng_read_fuzzer,triggered,PNG007,48805,1718695085.6039495
4866,481,lua,aflplusplus,lua,reached,LUA003,66330,1718695085.6039495
